,focal,partner,reaction,class,flux
0,1208,1334,EX_4abut_e,co-consumed,2.3684739172160185
1,1208,1334,EX_arg__L_e,co-consumed,0.010515392853133068
2,1208,1334,EX_ca2_e,co-consumed,0.000185037459311756
3,1208,1334,EX_cit_e,co-consumed,0.000679406253194092
4,1208,1334,EX_cl_e,co-consumed,0.00018503746083356002
5,1208,1334,EX_cobalt2_e,co-consumed,3.554994415211502e-06
6,1208,1334,EX_cu2_e,co-consumed,2.5204910403848e-05
7,1208,1334,EX_cys__L_e,co-consumed,0.0032636170591681004
8,1208,1334,EX_fe2_e,co-consumed,0.00023873883590635602
9,1208,1334,EX_fe3_e,co-consumed,0.2529801586337414
10,1208,1334,EX_glu__L_e,provided,1.0558889299769023e-06
11,1208,1334,EX_glyald_e,co-consumed,3.999990733844301
12,1208,1334,EX_gthrd_e,co-consumed,1.16268181321189e-06
13,1208,1334,EX_h2o_e,co-consumed,0.44188172090410993
14,1208,1334,EX_h2s_e,co-consumed,0.00547056092920584
15,1208,1334,EX_h_e,provided,1.0810525813379293
16,1208,1334,EX_ile__L_e,co-consumed,0.011053439265323308
17,1208,1334,EX_k_e,co-consumed,0.006939100248883789
18,1208,1334,EX_lys__L_e,received,0.012199306937354772
19,1208,1334,EX_malt_e,co-consumed,0.015817809174526198
20,1208,1334,EX_mg2_e,co-consumed,0.000308395771808992
21,1208,1334,EX_mn2_e,co-consumed,2.4565011409108002e-05
22,1208,1334,EX_o2_e,co-consumed,3.9999999827833617
23,1208,1334,EX_orn_e,provided,0.02841741718383033
24,1208,1334,EX_pi_e,co-consumed,0.04983466476348048
25,1208,1334,EX_pyovd_kt_e,co-consumed,0.08157885504853672
26,1208,1334,EX_ser__L_e,co-consumed,1.7034911899794256
27,1208,1334,EX_so4_e,co-consumed,0.00015421954251966
28,1208,1334,EX_stfrnA_e,co-consumed,0.08557217889577441
29,1208,1334,EX_stfrnB_e,co-consumed,0.08555159790369211
30,1208,1334,EX_tyr__L_e,co-consumed,0.004910088625336588
31,1208,1334,EX_zn2_e,co-consumed,1.2122530955867999e-05
32,1208,397,EX_arg__L_e,co-consumed,0.010515392853133068
33,1208,397,EX_asn__L_e,co-consumed,0.008569462400046269
34,1208,397,EX_ca2_e,co-consumed,0.000185037459311756
35,1208,397,EX_cit_e,co-consumed,0.5061314848144136
36,1208,397,EX_cl_e,co-consumed,0.00018503746083356002
37,1208,397,EX_cobalt2_e,co-consumed,3.554994415211502e-06
38,1208,397,EX_cu2_e,co-consumed,2.5204910403848e-05
39,1208,397,EX_cys__L_e,co-consumed,0.0032636170591681004
40,1208,397,EX_fe2_e,co-consumed,0.00023873883590635602
41,1208,397,EX_fe3_e,co-consumed,0.2529801586337414
42,1208,397,EX_glyc_e,provided,0.18638663939230632
43,1208,397,EX_glygln_e,co-consumed,0.05348671039292357
44,1208,397,EX_h2o_e,received,0.44188172090410993
45,1208,397,EX_h2s_e,received,0.00547056092920584
46,1208,397,EX_h_e,provided,3.024212848729982
47,1208,397,EX_ile__L_e,co-consumed,0.011053439265323308
48,1208,397,EX_k_e,co-consumed,0.006939100248883789
49,1208,397,EX_lys__L_e,co-consumed,0.012199306937354772
50,1208,397,EX_malt_e,co-consumed,0.015817809174526198
51,1208,397,EX_mg2_e,co-consumed,0.000308395771808992
52,1208,397,EX_mn2_e,co-consumed,2.4565011409108002e-05
53,1208,397,EX_nh4_e,provided,0.4893943352087682
54,1208,397,EX_o2_e,co-consumed,3.9999999827833617
55,1208,397,EX_orn_e,provided,0.05172166304865404
56,1208,397,EX_pi_e,co-consumed,0.04983466476348048
57,1208,397,EX_pyovd_kt_e,co-consumed,0.08157885504853672
58,1208,397,EX_so4_e,co-consumed,0.00015421954251966
59,1208,397,EX_stfrnA_e,co-consumed,0.08557217889577441
60,1208,397,EX_stfrnB_e,co-consumed,0.08555159790369211
61,1208,397,EX_tyr__L_e,co-consumed,0.004910088625336588
62,1208,397,EX_zn2_e,co-consumed,1.2122530955867999e-05
63,1208,790,EX_4abut_e,co-consumed,0.03122044674849617
64,1208,790,EX_acald_e,co-consumed,0.031528264551958556
65,1208,790,EX_arg__L_e,co-consumed,0.010515392853133068
66,1208,790,EX_asn__L_e,co-consumed,0.008569462400046269
67,1208,790,EX_ca2_e,co-consumed,0.000185037459311756
68,1208,790,EX_cl_e,co-consumed,0.00018503746083356002
69,1208,790,EX_cobalt2_e,co-consumed,3.554994415211502e-06
70,1208,790,EX_cu2_e,co-consumed,2.5204910403848e-05
71,1208,790,EX_fe2_e,co-consumed,0.00023873883590635602
72,1208,790,EX_fe3_e,co-consumed,0.2529801586337414
73,1208,790,EX_glu__L_e,provided,1.0558889299769023e-06
74,1208,790,EX_glyald_e,received,1.929223644074665e-06
75,1208,790,EX_glyc_e,provided,5.115498198920001e-06
76,1208,790,EX_glygln_e,co-consumed,0.05348671039292357
77,1208,790,EX_h2o_e,received,2.033944102906e-05
78,1208,790,EX_h2s_e,co-consumed,0.00547056092920584
79,1208,790,EX_h_e,provided,3.024212848729982
80,1208,790,EX_ile__L_e,co-consumed,0.011053439265323308
81,1208,790,EX_k_e,co-consumed,0.006939100248883789
82,1208,790,EX_lys__L_e,co-consumed,0.012199306937354772
83,1208,790,EX_malt_e,co-consumed,0.015817809174526198
84,1208,790,EX_mg2_e,co-consumed,0.000308395771808992
85,1208,790,EX_mn2_e,co-consumed,2.4565011409108002e-05
86,1208,790,EX_o2_e,co-consumed,3.9999999827833617
87,1208,790,EX_orn_e,provided,0.04809132745711527
88,1208,790,EX_pi_e,co-consumed,0.04983466476348048
89,1208,790,EX_pyovd_kt_e,co-consumed,0.08157885504853672
90,1208,790,EX_so4_e,co-consumed,0.00015421954251966
91,1208,790,EX_stfrnA_e,co-consumed,0.08557217889577441
92,1208,790,EX_stfrnB_e,co-consumed,0.08555159790369211
93,1208,790,EX_tyr__L_e,received,0.004910088625336588
94,1208,790,EX_zn2_e,co-consumed,1.2122530955867999e-05
95,1208,947,EX_acald_e,received,0.031528264551958556
96,1208,947,EX_arg__L_e,co-consumed,0.010515392853133068
97,1208,947,EX_ca2_e,co-consumed,0.000185037459311756
98,1208,947,EX_cit_e,co-consumed,0.001234267179719784
99,1208,947,EX_cl_e,co-consumed,0.00018503746083356002
100,1208,947,EX_cobalt2_e,co-consumed,3.554994415211502e-06
101,1208,947,EX_cu2_e,co-consumed,2.5204910403848e-05
102,1208,947,EX_fe2_e,co-consumed,0.00023873883590635602
103,1208,947,EX_fe3_e,co-consumed,0.2529801586337414
104,1208,947,EX_glyc2p_e,co-consumed,1.0397915284202196e-06
105,1208,947,EX_glyc_e,provided,1.7232041453052638
106,1208,947,EX_glygln_e,co-consumed,0.05348671039292357
107,1208,947,EX_h2o_e,received,0.44188172090410993
108,1208,947,EX_h2s_e,co-consumed,0.00547056092920584
109,1208,947,EX_h_e,provided,3.024212848729982
110,1208,947,EX_k_e,co-consumed,0.006939100248883789
111,1208,947,EX_lys__L_e,co-consumed,0.012199306937354772
112,1208,947,EX_mg2_e,co-consumed,0.000308395771808992
113,1208,947,EX_mn2_e,co-consumed,2.4565011409108002e-05
114,1208,947,EX_nh4_e,provided,0.8581781074640575
115,1208,947,EX_o2_e,co-consumed,3.9999999827833617
116,1208,947,EX_pi_e,co-consumed,0.04983466476348048
117,1208,947,EX_pyovd_kt_e,co-consumed,0.08157885504853672
118,1208,947,EX_so4_e,co-consumed,0.00015421954251966
119,1208,947,EX_stfrnA_e,co-consumed,0.08557217889577441
120,1208,947,EX_stfrnB_e,co-consumed,0.08555159790369211
121,1208,947,EX_zn2_e,co-consumed,1.2122530955867999e-05
122,1208,997,EX_acald_e,co-consumed,0.031528264551958556
123,1208,997,EX_arg__L_e,co-consumed,0.010515392853133068
124,1208,997,EX_ca2_e,co-consumed,0.000185037459311756
125,1208,997,EX_cl_e,co-consumed,0.00018503746083356002
126,1208,997,EX_cobalt2_e,co-consumed,3.554994415211502e-06
127,1208,997,EX_cu2_e,co-consumed,2.5204910403848e-05
128,1208,997,EX_fe2_e,co-consumed,0.00023873883590635602
129,1208,997,EX_fe3_e,co-consumed,0.09940322317984002
130,1208,997,EX_glyald_e,received,9.487526180424001e-06
131,1208,997,EX_glyc_e,provided,0.027880222580512305
132,1208,997,EX_glygln_e,co-consumed,0.05348671039292357
133,1208,997,EX_gthrd_e,co-consumed,1.16268181321189e-06
134,1208,997,EX_h2o_e,received,0.44188172090410993
135,1208,997,EX_h2s_e,co-consumed,0.00547056092920584
136,1208,997,EX_h_e,provided,3.024212848729982
137,1208,997,EX_ile__L_e,co-consumed,0.011053439265323308
138,1208,997,EX_k_e,co-consumed,0.006939100248883789
139,1208,997,EX_lys__L_e,co-consumed,0.012199306937354772
140,1208,997,EX_mg2_e,co-consumed,0.000308395771808992
141,1208,997,EX_mn2_e,co-consumed,2.4565011409108002e-05
142,1208,997,EX_o2_e,co-consumed,3.9999999827833617
143,1208,997,EX_orn_e,provided,0.04431628766154045
144,1208,997,EX_pyovd_kt_e,co-consumed,0.08157885504853672
145,1208,997,EX_ser__L_e,co-consumed,0.09015960816453393
146,1208,997,EX_so4_e,co-consumed,0.00015421954251966
147,1208,997,EX_tyr__L_e,co-consumed,0.004910088625336588
148,1208,997,EX_zn2_e,co-consumed,1.2122530955867999e-05
149,1208,1114,EX_acmana_e,co-consumed,0.002288107144824404
150,1208,1114,EX_arg__L_e,co-consumed,0.0046357303882063276
151,1208,1114,EX_ca2_e,co-consumed,8.157368052924399e-05
152,1208,1114,EX_cl_e,co-consumed,8.1573673573936e-05
153,1208,1114,EX_cobalt2_e,co-consumed,1.5672176856355215e-06
154,1208,1114,EX_cu2_e,co-consumed,1.0660673623368001e-05
155,1208,1114,EX_fe2_e,co-consumed,0.000105202132142988
156,1208,1114,EX_fe3_e,co-consumed,0.2526625386113989
157,1208,1114,EX_glyald_e,received,3.581259818767941
158,1208,1114,EX_glyc_e,provided,3.591211762186692
159,1208,1114,EX_glygln_e,co-consumed,0.042553588203818285
160,1208,1114,EX_h2o_e,received,0.44188172090410993
161,1208,1114,EX_h2s_e,co-consumed,0.0038483196513773637
162,1208,1114,EX_ile__L_e,co-consumed,0.004872935060638228
163,1208,1114,EX_k_e,co-consumed,0.003059099217122536
164,1208,1114,EX_lys__L_e,co-consumed,0.005534792074785936
165,1208,1114,EX_malt_e,co-consumed,0.015817809174526198
166,1208,1114,EX_mg2_e,co-consumed,0.000135956138154524
167,1208,1114,EX_mn2_e,co-consumed,1.082947420774e-05
168,1208,1114,EX_o2_e,co-consumed,3.8457435539662432
169,1208,1114,EX_orn_e,provided,0.003464318233193924
170,1208,1114,EX_pyovd_kt_e,co-consumed,0.08153202518695611
171,1208,1114,EX_so4_e,co-consumed,6.7900542683388e-05
172,1208,1114,EX_stfrnA_e,co-consumed,0.08551769571185876
173,1208,1114,EX_stfrnB_e,co-consumed,0.0854905751777392
174,1208,1114,EX_tyr__L_e,co-consumed,0.002161134730962664
175,1208,1114,EX_zn2_e,co-consumed,5.344212308016e-06
176,1208,1362,EX_4abut_e,co-consumed,2.3684739172160185
177,1208,1362,EX_acald_e,received,0.031528264551958556
178,1208,1362,EX_acmana_e,co-consumed,0.0051901134277150965
179,1208,1362,EX_arg__L_e,co-consumed,0.010515392853133068
180,1208,1362,EX_ca2_e,co-consumed,0.000185037459311756
181,1208,1362,EX_cl_e,co-consumed,0.00018503746083356002
182,1208,1362,EX_cobalt2_e,co-consumed,3.554994415211502e-06
183,1208,1362,EX_cu2_e,co-consumed,2.5204910403848e-05
184,1208,1362,EX_fe2_e,co-consumed,0.00023873883590635602
185,1208,1362,EX_fe3_e,co-consumed,0.10109349937422764
186,1208,1362,EX_glyald_e,received,3.999706389032524
187,1208,1362,EX_glyc_e,provided,3.9997063553221848
188,1208,1362,EX_gthrd_e,co-consumed,1.16268181321189e-06
189,1208,1362,EX_h2o_e,received,0.44188172090410993
190,1208,1362,EX_h2s_e,received,0.00547056092920584
191,1208,1362,EX_h_e,provided,3.024212848729982
192,1208,1362,EX_k_e,co-consumed,0.006939100248883789
193,1208,1362,EX_mg2_e,co-consumed,0.000308395771808992
194,1208,1362,EX_mn2_e,co-consumed,2.4565011409108002e-05
195,1208,1362,EX_nh4_e,provided,0.01835854082437485
196,1208,1362,EX_o2_e,co-consumed,3.9999999827833617
197,1208,1362,EX_pi_e,co-consumed,0.04983466476348048
198,1208,1362,EX_pyovd_kt_e,co-consumed,0.08157885504853672
199,1208,1362,EX_so4_e,co-consumed,0.00015421954251966
200,1208,1362,EX_zn2_e,co-consumed,1.2122530955867999e-05
201,1208,428,EX_acald_e,co-consumed,0.031528264551958556
202,1208,428,EX_arg__L_e,co-consumed,0.010515392853133068
203,1208,428,EX_ca2_e,co-consumed,0.000185037459311756
204,1208,428,EX_cl_e,co-consumed,0.00018503746083356002
205,1208,428,EX_cobalt2_e,co-consumed,3.554994415211502e-06
206,1208,428,EX_cu2_e,co-consumed,2.5204910403848e-05
207,1208,428,EX_fe2_e,co-consumed,0.00023873883590635602
208,1208,428,EX_fe3_e,co-consumed,0.2529801586337414
209,1208,428,EX_glyc_e,provided,1.6099709835040856
210,1208,428,EX_glygln_e,co-consumed,0.05348671039292357
211,1208,428,EX_gsn_e,received,0.0009273976674936801
212,1208,428,EX_gthrd_e,co-consumed,1.16268181321189e-06
213,1208,428,EX_h2o_e,received,0.44188172090410993
214,1208,428,EX_h2s_e,co-consumed,0.00547056092920584
215,1208,428,EX_h_e,provided,3.024212848729982
216,1208,428,EX_ile__L_e,co-consumed,0.011053439265323308
217,1208,428,EX_k_e,co-consumed,0.006939100248883789
218,1208,428,EX_lys__L_e,co-consumed,0.012199306937354772
219,1208,428,EX_malt_e,co-consumed,0.015817809174526198
220,1208,428,EX_mg2_e,co-consumed,0.000308395771808992
221,1208,428,EX_mn2_e,co-consumed,2.4565011409108002e-05
222,1208,428,EX_nh4_e,provided,0.5711387962245577
223,1208,428,EX_o2_e,co-consumed,3.9999999827833617
224,1208,428,EX_pi_e,co-consumed,0.04983466476348048
225,1208,428,EX_pyovd_kt_e,co-consumed,0.08157885504853672
226,1208,428,EX_ser__L_e,co-consumed,0.19433213116147038
227,1208,428,EX_so4_e,co-consumed,0.00015421954251966
228,1208,428,EX_stfrnA_e,co-consumed,0.08557217889577441
229,1208,428,EX_stfrnB_e,co-consumed,0.08555159790369211
230,1208,428,EX_tyr__L_e,co-consumed,0.004910088625336588
231,1208,428,EX_zn2_e,co-consumed,1.2122530955867999e-05
232,1208,796,EX_acald_e,co-consumed,0.002836909054187548
233,1208,796,EX_arg__L_e,co-consumed,0.010515392853133068
234,1208,796,EX_ca2_e,co-consumed,0.000185037459311756
235,1208,796,EX_cl_e,co-consumed,0.00018503746083356002
236,1208,796,EX_cobalt2_e,co-consumed,3.554994415211502e-06
237,1208,796,EX_cu2_e,co-consumed,2.5204910403848e-05
238,1208,796,EX_cys__L_e,co-consumed,0.0032636170591681004
239,1208,796,EX_fe2_e,co-consumed,0.00023873883590635602
240,1208,796,EX_fe3_e,co-consumed,0.2529801586337414
241,1208,796,EX_glyald_e,received,1.1439502850731953
242,1208,796,EX_glyc_e,provided,3.9999924177672064
243,1208,796,EX_glygln_e,co-consumed,0.05348671039292357
244,1208,796,EX_h2o_e,received,0.44188172090410993
245,1208,796,EX_h2s_e,received,0.00547056092920584
246,1208,796,EX_h_e,provided,3.024212848729982
247,1208,796,EX_ile__L_e,co-consumed,0.011053439265323308
248,1208,796,EX_k_e,co-consumed,0.006939100248883789
249,1208,796,EX_lys__L_e,co-consumed,0.012199306937354772
250,1208,796,EX_mg2_e,co-consumed,0.000308395771808992
251,1208,796,EX_mn2_e,co-consumed,2.4565011409108002e-05
252,1208,796,EX_nh4_e,provided,5.81020049542e-06
253,1208,796,EX_o2_e,co-consumed,3.9999999827833617
254,1208,796,EX_orn_e,provided,0.047038335753491874
255,1208,796,EX_pi_e,co-consumed,0.04983466476348048
256,1208,796,EX_pyovd_kt_e,co-consumed,0.08157885504853672
257,1208,796,EX_so4_e,co-consumed,0.00015421954251966
258,1208,796,EX_stfrnA_e,co-consumed,0.08557217889577441
259,1208,796,EX_stfrnB_e,co-consumed,0.08555159790369211
260,1208,796,EX_zn2_e,co-consumed,1.2122530955867999e-05
261,1208,1350,EX_4abut_e,co-consumed,0.000309800583121744
262,1208,1350,EX_acald_e,co-consumed,0.031528264551958556
263,1208,1350,EX_acmana_e,co-consumed,0.0051901134277150965
264,1208,1350,EX_arg__L_e,co-consumed,0.010515392853133068
265,1208,1350,EX_ca2_e,co-consumed,0.000185037459311756
266,1208,1350,EX_cit_e,co-consumed,0.00038843042398383203
267,1208,1350,EX_cl_e,co-consumed,0.00018503746083356002
268,1208,1350,EX_cobalt2_e,co-consumed,3.554994415211502e-06
269,1208,1350,EX_cu2_e,co-consumed,2.5204910403848e-05
270,1208,1350,EX_fe3_e,co-consumed,0.2529801586337414
271,1208,1350,EX_glyald_e,co-consumed,1.6631856234273665
272,1208,1350,EX_glygln_e,co-consumed,0.05348671039292357
273,1208,1350,EX_h2s_e,co-consumed,0.00547056092920584
274,1208,1350,EX_h_e,provided,0.17888914915507573
275,1208,1350,EX_ile__L_e,co-consumed,0.011053439265323308
276,1208,1350,EX_k_e,co-consumed,0.006939100248883789
277,1208,1350,EX_lys__L_e,co-consumed,0.012199306937354772
278,1208,1350,EX_malt_e,co-consumed,0.015817809174526198
279,1208,1350,EX_mg2_e,co-consumed,0.000308395771808992
280,1208,1350,EX_mn2_e,co-consumed,2.4565011409108002e-05
281,1208,1350,EX_o2_e,co-consumed,3.9999999827833617
282,1208,1350,EX_pi_e,co-consumed,0.04983466476348048
283,1208,1350,EX_pyovd_kt_e,co-consumed,0.08157885504853672
284,1208,1350,EX_ser__L_e,co-consumed,0.16210184535107958
285,1208,1350,EX_so4_e,co-consumed,0.00015421954251966
286,1208,1350,EX_stfrnA_e,co-consumed,0.08557217889577441
287,1208,1350,EX_stfrnB_e,co-consumed,0.08555159790369211
288,1208,1350,EX_tyr__L_e,co-consumed,0.004910088625336588
289,1208,1350,EX_zn2_e,co-consumed,1.2122530955867999e-05
290,1208,262,EX_acald_e,co-consumed,0.031528264551958556
291,1208,262,EX_arg__L_e,co-consumed,0.010515392853133068
292,1208,262,EX_ca2_e,co-consumed,0.000185037459311756
293,1208,262,EX_cgly_e,provided,1.1637137648433104e-06
294,1208,262,EX_cl_e,co-consumed,0.00018503746083356002
295,1208,262,EX_cobalt2_e,co-consumed,3.554994415211502e-06
296,1208,262,EX_cu2_e,co-consumed,2.5204910403848e-05
297,1208,262,EX_fe2_e,co-consumed,0.00023873883590635602
298,1208,262,EX_fe3_e,co-consumed,0.09825562569376221
299,1208,262,EX_glu__L_e,provided,1.0558889299769023e-06
300,1208,262,EX_glyald_e,co-consumed,0.03544535160748722
301,1208,262,EX_gthrd_e,received,1.16268181321189e-06
302,1208,262,EX_h2o_e,co-consumed,0.44188172090410993
303,1208,262,EX_h2s_e,co-consumed,0.00547056092920584
304,1208,262,EX_h_e,provided,3.024212848729982
305,1208,262,EX_ile__L_e,co-consumed,0.011053439265323308
306,1208,262,EX_k_e,co-consumed,0.006939100248883789
307,1208,262,EX_lys__L_e,co-consumed,0.012199306937354772
308,1208,262,EX_mg2_e,co-consumed,0.000308395771808992
309,1208,262,EX_mn2_e,co-consumed,2.4565011409108002e-05
310,1208,262,EX_nh4_e,provided,1.085392418635606
311,1208,262,EX_o2_e,co-consumed,3.9999999827833617
312,1208,262,EX_pi_e,co-consumed,0.04983466476348048
313,1208,262,EX_pyovd_kt_e,co-consumed,0.08157885504853672
314,1208,262,EX_ser__L_e,co-consumed,0.5345198923037778
315,1208,262,EX_so4_e,co-consumed,0.00015421954251966
316,1208,262,EX_tyr__L_e,co-consumed,0.004910088625336588
317,1208,262,EX_zn2_e,co-consumed,1.2122530955867999e-05
318,1208,978,EX_acald_e,co-consumed,0.031528264551958556
319,1208,978,EX_arg__L_e,co-consumed,0.010515392853133068
320,1208,978,EX_asn__L_e,co-consumed,0.008569462400046269
321,1208,978,EX_ca2_e,co-consumed,0.000185037459311756
322,1208,978,EX_cgly_e,provided,1.1637137648433104e-06
323,1208,978,EX_cl_e,co-consumed,0.00018503746083356002
324,1208,978,EX_cobalt2_e,co-consumed,3.554994415211502e-06
325,1208,978,EX_cu2_e,co-consumed,2.5204910403848e-05
326,1208,978,EX_fe2_e,co-consumed,0.00023873883590635602
327,1208,978,EX_fe3_e,co-consumed,0.2529801586337414
328,1208,978,EX_glu__L_e,provided,1.0558889299769023e-06
329,1208,978,EX_glyc2p_e,co-consumed,1.0397915284202196e-06
330,1208,978,EX_glyc_e,provided,0.24764740041469416
331,1208,978,EX_glygln_e,co-consumed,0.05348671039292357
332,1208,978,EX_gthrd_e,received,1.16268181321189e-06
333,1208,978,EX_h2o_e,co-consumed,0.44188172090410993
334,1208,978,EX_h2s_e,co-consumed,0.00547056092920584
335,1208,978,EX_h_e,provided,3.024212848729982
336,1208,978,EX_ile__L_e,co-consumed,0.011053439265323308
337,1208,978,EX_k_e,co-consumed,0.006939100248883789
338,1208,978,EX_lys__L_e,co-consumed,0.012199306937354772
339,1208,978,EX_mg2_e,co-consumed,0.000308395771808992
340,1208,978,EX_mn2_e,co-consumed,2.4565011409108002e-05
341,1208,978,EX_nh4_e,provided,0.15221570128204553
342,1208,978,EX_o2_e,co-consumed,3.9999999827833617
343,1208,978,EX_orn_e,provided,0.02610624975975622
344,1208,978,EX_pi_e,co-consumed,0.04983466476348048
345,1208,978,EX_pyovd_kt_e,co-consumed,0.08157885504853672
346,1208,978,EX_ser__L_e,co-consumed,0.09209531243799896
347,1208,978,EX_so4_e,co-consumed,0.00015421954251966
348,1208,978,EX_stfrnA_e,co-consumed,0.08557217889577441
349,1208,978,EX_stfrnB_e,co-consumed,0.08555159790369211
350,1208,978,EX_zn2_e,co-consumed,1.2122530955867999e-05
351,1208,1338,EX_acald_e,received,0.031528264551958556
352,1208,1338,EX_arg__L_e,co-consumed,0.010515392853133068
353,1208,1338,EX_ca2_e,co-consumed,0.000185037459311756
354,1208,1338,EX_cl_e,co-consumed,0.00018503746083356002
355,1208,1338,EX_cobalt2_e,co-consumed,3.554994415211502e-06
356,1208,1338,EX_cu2_e,co-consumed,2.5204910403848e-05
357,1208,1338,EX_fe2_e,co-consumed,0.00023873883590635602
358,1208,1338,EX_fe3_e,co-consumed,0.10098779478597139
359,1208,1338,EX_glyald_e,received,3.9996827205025487
360,1208,1338,EX_glyc_e,provided,3.9996828759297043
361,1208,1338,EX_gthrd_e,co-consumed,1.16268181321189e-06
362,1208,1338,EX_h2o_e,received,0.44188172090410993
363,1208,1338,EX_h2s_e,co-consumed,0.00547056092920584
364,1208,1338,EX_h_e,provided,3.024212848729982
365,1208,1338,EX_ile__L_e,co-consumed,0.011053439265323308
366,1208,1338,EX_k_e,co-consumed,0.006939100248883789
367,1208,1338,EX_lys__L_e,co-consumed,0.012199306937354772
368,1208,1338,EX_mg2_e,co-consumed,0.000308395771808992
369,1208,1338,EX_mn2_e,co-consumed,2.4565011409108002e-05
370,1208,1338,EX_o2_e,co-consumed,3.9999999827833617
371,1208,1338,EX_orn_e,provided,0.10839807062895389
372,1208,1338,EX_pi_e,co-consumed,0.04983466476348048
373,1208,1338,EX_pyovd_kt_e,co-consumed,0.08157885504853672
374,1208,1338,EX_ser__L_e,co-consumed,0.9128963053162753
375,1208,1338,EX_so4_e,co-consumed,0.00015421954251966
376,1208,1338,EX_tyr__L_e,co-consumed,0.004910088625336588
377,1208,1338,EX_zn2_e,co-consumed,1.2122530955867999e-05
378,1208,1357,EX_acald_e,co-consumed,0.031528264551958556
379,1208,1357,EX_arg__L_e,co-consumed,0.010515392853133068
380,1208,1357,EX_ca2_e,co-consumed,0.000185037459311756
381,1208,1357,EX_cl_e,co-consumed,0.00018503746083356002
382,1208,1357,EX_cobalt2_e,co-consumed,3.554994415211502e-06
383,1208,1357,EX_cu2_e,co-consumed,2.5204910403848e-05
384,1208,1357,EX_fe2_e,co-consumed,0.00023873883590635602
385,1208,1357,EX_fe3_e,co-consumed,0.09943419479300797
386,1208,1357,EX_glyc_e,provided,0.2992554826238624
387,1208,1357,EX_glygln_e,co-consumed,0.05348671039292357
388,1208,1357,EX_h2o_e,received,0.44188172090410993
389,1208,1357,EX_h2s_e,co-consumed,0.00547056092920584
390,1208,1357,EX_h_e,provided,3.024212848729982
391,1208,1357,EX_ile__L_e,co-consumed,0.011053439265323308
392,1208,1357,EX_k_e,co-consumed,0.006939100248883789
393,1208,1357,EX_lys__L_e,co-consumed,0.012199306937354772
394,1208,1357,EX_mg2_e,co-consumed,0.000308395771808992
395,1208,1357,EX_mn2_e,co-consumed,2.4565011409108002e-05
396,1208,1357,EX_o2_e,co-consumed,3.9999999827833617
397,1208,1357,EX_orn_e,provided,0.05537209138249047
398,1208,1357,EX_pi_e,co-consumed,0.04983466476348048
399,1208,1357,EX_pyovd_kt_e,co-consumed,0.08157885504853672
400,1208,1357,EX_so4_e,co-consumed,0.00015421954251966
401,1208,1357,EX_tyr__L_e,co-consumed,0.004910088625336588
402,1208,1357,EX_zn2_e,co-consumed,1.2122530955867999e-05
403,1208,2751,EX_cys__L_e,received,0.0032636170591681004
404,1208,2751,EX_fe3_e,co-consumed,0.25214261553782036
405,1208,2751,EX_glyald_e,received,3.9323640257073347
406,1208,2751,EX_glyc_e,provided,3.9323649918687176
407,1208,2751,EX_gthrd_e,co-consumed,1.16268181321189e-06
408,1208,2751,EX_h2o_e,received,0.44188172090410993
409,1208,2751,EX_h2s_e,co-consumed,0.00547056092920584
410,1208,2751,EX_malt_e,co-consumed,0.015817809174526198
411,1208,2751,EX_nh4_e,provided,0.7901715688895377
412,1208,2751,EX_o2_e,co-consumed,3.999999925117265
413,1208,2751,EX_pyovd_kt_e,co-consumed,0.08140781945174283
414,1208,2751,EX_stfrnA_e,co-consumed,0.0853751819941325
415,1208,2751,EX_stfrnB_e,co-consumed,0.08535991256867606
416,1208,709,EX_4abut_e,co-consumed,2.5063224133102334e-06
417,1208,709,EX_acald_e,co-consumed,0.031528264551958556
418,1208,709,EX_arg__L_e,received,0.010515392853133068
419,1208,709,EX_co2_e,provided,3.9999992468984384
420,1208,709,EX_fe2_e,co-consumed,0.00023873883590635602
421,1208,709,EX_fe3_e,co-consumed,0.25283877006317557
422,1208,709,EX_glyald_e,co-consumed,2.958353664369491
423,1208,709,EX_h2o_e,received,0.44188172090410993
424,1208,709,EX_h2s_e,co-consumed,0.00547056092920584
425,1208,709,EX_h_e,provided,3.024212848729982
426,1208,709,EX_nh4_e,provided,1.2529140989344e-05
427,1208,709,EX_o2_e,co-consumed,3.9999999827833617
428,1208,709,EX_orn_e,provided,0.9607410344219268
429,1208,709,EX_pi_e,received,1.2724910709637248e-06
430,1208,709,EX_pyovd_kt_e,co-consumed,0.08157885504853672
431,1208,709,EX_ser__L_e,co-consumed,1.7034911899794256
432,1208,709,EX_stfrnA_e,co-consumed,0.08557217889577441
433,1208,709,EX_stfrnB_e,co-consumed,0.08555159790369211
434,1208,709,EX_thym_e,received,0.000930151556910888
435,1208,1080,EX_acald_e,co-consumed,0.031528264551958556
436,1208,1080,EX_arg__L_e,co-consumed,0.010515392853133068
437,1208,1080,EX_ca2_e,co-consumed,0.000185037459311756
438,1208,1080,EX_cl_e,co-consumed,0.00018503746083356002
439,1208,1080,EX_cobalt2_e,co-consumed,3.554994415211502e-06
440,1208,1080,EX_cu2_e,co-consumed,2.5204910403848e-05
441,1208,1080,EX_cys__L_e,co-consumed,0.0032636170591681004
442,1208,1080,EX_fe2_e,co-consumed,0.00023873883590635602
443,1208,1080,EX_fe3_e,co-consumed,0.2529801586337414
444,1208,1080,EX_glyald_e,co-consumed,3.999990733844301
445,1208,1080,EX_glygln_e,co-consumed,0.05348671039292357
446,1208,1080,EX_h2o_e,received,0.44188172090410993
447,1208,1080,EX_h2s_e,co-consumed,0.00547056092920584
448,1208,1080,EX_h_e,provided,3.024212848729982
449,1208,1080,EX_ile__L_e,co-consumed,0.011053439265323308
450,1208,1080,EX_k_e,co-consumed,0.006939100248883789
451,1208,1080,EX_malt_e,co-consumed,0.015817809174526198
452,1208,1080,EX_mg2_e,co-consumed,0.000308395771808992
453,1208,1080,EX_mn2_e,co-consumed,2.4565011409108002e-05
454,1208,1080,EX_o2_e,co-consumed,3.9999999827833617
455,1208,1080,EX_pi_e,co-consumed,0.04983466476348048
456,1208,1080,EX_pyovd_kt_e,co-consumed,0.08157885504853672
457,1208,1080,EX_ser__L_e,co-consumed,0.1556379087786258
458,1208,1080,EX_so4_e,co-consumed,0.00015421954251966
459,1208,1080,EX_stfrnA_e,co-consumed,0.08557217889577441
460,1208,1080,EX_stfrnB_e,co-consumed,0.08555159790369211
461,1208,1080,EX_tyr__L_e,co-consumed,0.004910088625336588
462,1208,1080,EX_zn2_e,co-consumed,1.2122530955867999e-05
463,1208,1234,EX_acald_e,received,0.031528264551958556
464,1208,1234,EX_arg__L_e,co-consumed,0.010515392853133068
465,1208,1234,EX_ca2_e,co-consumed,0.000185037459311756
466,1208,1234,EX_cit_e,co-consumed,0.13104902428488074
467,1208,1234,EX_cl_e,co-consumed,0.00018503746083356002
468,1208,1234,EX_cobalt2_e,co-consumed,3.554994415211502e-06
469,1208,1234,EX_cu2_e,co-consumed,2.5204910403848e-05
470,1208,1234,EX_cys__L_e,co-consumed,0.0032636170591681004
471,1208,1234,EX_fe2_e,co-consumed,0.00023873883590635602
472,1208,1234,EX_fe3_e,co-consumed,0.1012688559048006
473,1208,1234,EX_glyc_e,provided,1.5041397989079013
474,1208,1234,EX_glygln_e,co-consumed,0.05348671039292357
475,1208,1234,EX_gthrd_e,co-consumed,1.16268181321189e-06
476,1208,1234,EX_h2o_e,co-consumed,0.44188172090410993
477,1208,1234,EX_h2s_e,co-consumed,0.00547056092920584
478,1208,1234,EX_h_e,provided,3.024212848729982
479,1208,1234,EX_ile__L_e,co-consumed,0.011053439265323308
480,1208,1234,EX_k_e,co-consumed,0.006939100248883789
481,1208,1234,EX_lys__L_e,co-consumed,0.012199306937354772
482,1208,1234,EX_malt_e,co-consumed,0.015817809174526198
483,1208,1234,EX_mg2_e,co-consumed,0.000308395771808992
484,1208,1234,EX_mn2_e,co-consumed,2.4565011409108002e-05
485,1208,1234,EX_nh4_e,provided,1.085392418635606
486,1208,1234,EX_o2_e,co-consumed,3.9999999827833617
487,1208,1234,EX_orn_e,provided,0.13155441536141965
488,1208,1234,EX_pi_e,co-consumed,0.04983466476348048
489,1208,1234,EX_pyovd_kt_e,co-consumed,0.08157885504853672
490,1208,1234,EX_so4_e,co-consumed,0.00015421954251966
491,1208,1234,EX_tyr__L_e,co-consumed,0.004910088625336588
492,1208,1234,EX_zn2_e,co-consumed,1.2122530955867999e-05
493,1208,459,EX_acald_e,received,0.031528264551958556
494,1208,459,EX_arg__L_e,co-consumed,0.010515392853133068
495,1208,459,EX_ca2_e,co-consumed,0.000185037459311756
496,1208,459,EX_cl_e,co-consumed,0.00018503746083356002
497,1208,459,EX_cobalt2_e,co-consumed,3.554994415211502e-06
498,1208,459,EX_cu2_e,co-consumed,2.5204910403848e-05
499,1208,459,EX_fe2_e,co-consumed,0.00023873883590635602
500,1208,459,EX_fe3_e,co-consumed,0.09975758485025954
501,1208,459,EX_glyc_e,provided,0.5603564379780037
502,1208,459,EX_glygln_e,co-consumed,0.05348671039292357
503,1208,459,EX_h2o_e,received,0.44188172090410993
504,1208,459,EX_h2s_e,co-consumed,0.00547056092920584
505,1208,459,EX_h_e,provided,3.024212848729982
506,1208,459,EX_ile__L_e,co-consumed,0.011053439265323308
507,1208,459,EX_k_e,co-consumed,0.006939100248883789
508,1208,459,EX_lys__L_e,co-consumed,0.012199306937354772
509,1208,459,EX_mg2_e,co-consumed,0.000308395771808992
510,1208,459,EX_mn2_e,co-consumed,2.4565011409108002e-05
511,1208,459,EX_nh4_e,provided,0.39438734493157057
512,1208,459,EX_o2_e,co-consumed,3.9999999827833617
513,1208,459,EX_orn_e,provided,1.308345766382397e-06
514,1208,459,EX_pi_e,co-consumed,0.04983466476348048
515,1208,459,EX_pyovd_kt_e,co-consumed,0.08157885504853672
516,1208,459,EX_so4_e,co-consumed,0.00015421954251966
517,1208,459,EX_tyr__L_e,co-consumed,0.004910088625336588
518,1208,459,EX_zn2_e,co-consumed,1.2122530955867999e-05
519,1208,939,EX_acald_e,co-consumed,0.031528264551958556
520,1208,939,EX_arg__L_e,co-consumed,0.010515392853133068
521,1208,939,EX_ca2_e,co-consumed,0.000185037459311756
522,1208,939,EX_cit_e,co-consumed,0.5061314848144136
523,1208,939,EX_cl_e,co-consumed,0.00018503746083356002
524,1208,939,EX_co2_e,provided,3.9999931267347986
525,1208,939,EX_cobalt2_e,co-consumed,3.554994415211502e-06
526,1208,939,EX_cu2_e,co-consumed,2.5204910403848e-05
527,1208,939,EX_cys__L_e,co-consumed,0.0032636170591681004
528,1208,939,EX_fe2_e,co-consumed,0.00023873883590635602
529,1208,939,EX_fe3_e,co-consumed,0.2529801586337414
530,1208,939,EX_glu__L_e,provided,1.0558889299769023e-06
531,1208,939,EX_glygln_e,co-consumed,0.05348671039292357
532,1208,939,EX_h2o_e,received,0.44188172090410993
533,1208,939,EX_h2s_e,co-consumed,0.00547056092920584
534,1208,939,EX_h_e,provided,3.024212848729982
535,1208,939,EX_ile__L_e,co-consumed,0.011053439265323308
536,1208,939,EX_k_e,co-consumed,0.006939100248883789
537,1208,939,EX_malt_e,co-consumed,0.015817809174526198
538,1208,939,EX_mg2_e,co-consumed,0.000308395771808992
539,1208,939,EX_mn2_e,co-consumed,2.4565011409108002e-05
540,1208,939,EX_o2_e,co-consumed,3.9999999827833617
541,1208,939,EX_pi_e,co-consumed,0.04983466476348048
542,1208,939,EX_pyovd_kt_e,co-consumed,0.08157885504853672
543,1208,939,EX_so4_e,co-consumed,0.00015421954251966
544,1208,939,EX_stfrnA_e,co-consumed,0.08557217889577441
545,1208,939,EX_stfrnB_e,co-consumed,0.08555159790369211
546,1208,939,EX_tyr__L_e,co-consumed,0.004910088625336588
547,1208,939,EX_zn2_e,co-consumed,1.2122530955867999e-05
548,1208,1101,EX_acald_e,co-consumed,0.031528264551958556
549,1208,1101,EX_arg__L_e,co-consumed,0.010515392853133068
550,1208,1101,EX_ca2_e,co-consumed,0.000185037459311756
551,1208,1101,EX_cl_e,co-consumed,0.00018503746083356002
552,1208,1101,EX_cobalt2_e,co-consumed,3.554994415211502e-06
553,1208,1101,EX_cu2_e,co-consumed,2.5204910403848e-05
554,1208,1101,EX_cys__L_e,co-consumed,0.0032636170591681004
555,1208,1101,EX_fe2_e,co-consumed,0.00023873883590635602
556,1208,1101,EX_fe3_e,co-consumed,0.09965199913962736
557,1208,1101,EX_glyc2p_e,co-consumed,1.0397915284202196e-06
558,1208,1101,EX_glyc_e,provided,0.8585038357276302
559,1208,1101,EX_glygln_e,co-consumed,0.05348671039292357
560,1208,1101,EX_h2o_e,received,0.44188172090410993
561,1208,1101,EX_h2s_e,co-consumed,0.00547056092920584
562,1208,1101,EX_h_e,provided,3.024212848729982
563,1208,1101,EX_ile__L_e,co-consumed,0.011053439265323308
564,1208,1101,EX_k_e,co-consumed,0.006939100248883789
565,1208,1101,EX_lys__L_e,co-consumed,0.012199306937354772
566,1208,1101,EX_mg2_e,co-consumed,0.000308395771808992
567,1208,1101,EX_mn2_e,co-consumed,2.4565011409108002e-05
568,1208,1101,EX_nh4_e,provided,0.1584479661111053
569,1208,1101,EX_o2_e,co-consumed,3.9999999827833617
570,1208,1101,EX_orn_e,provided,0.05296448255771899
571,1208,1101,EX_pi_e,co-consumed,0.04983466476348048
572,1208,1101,EX_pyovd_kt_e,co-consumed,0.08157885504853672
573,1208,1101,EX_so4_e,co-consumed,0.00015421954251966
574,1208,1101,EX_tyr__L_e,co-consumed,0.004910088625336588
575,1208,1101,EX_zn2_e,co-consumed,1.2122530955867999e-05
576,1208,895,EX_acald_e,co-consumed,0.031528264551958556
577,1208,895,EX_arg__L_e,co-consumed,0.010515392853133068
578,1208,895,EX_ca2_e,co-consumed,0.000185037459311756
579,1208,895,EX_cit_e,co-consumed,0.5061314848144136
580,1208,895,EX_cl_e,co-consumed,0.00018503746083356002
581,1208,895,EX_cobalt2_e,co-consumed,3.554994415211502e-06
582,1208,895,EX_cu2_e,co-consumed,2.5204910403848e-05
583,1208,895,EX_fe2_e,received,0.00023873883590635602
584,1208,895,EX_fe3_e,co-consumed,0.2529801586337414
585,1208,895,EX_fe3pyovd_kt_e,provided,0.08157885524374234
586,1208,895,EX_glu__L_e,provided,1.0558889299769023e-06
587,1208,895,EX_glygln_e,co-consumed,0.05348671039292357
588,1208,895,EX_h2o_e,received,0.44188172090410993
589,1208,895,EX_h2s_e,co-consumed,0.00547056092920584
590,1208,895,EX_hom__L_e,provided,0.9574837573354298
591,1208,895,EX_istfrnA_e,provided,0.08557217889577448
592,1208,895,EX_istfrnB_e,provided,0.08555159790315735
593,1208,895,EX_k_e,co-consumed,0.006939100248883789
594,1208,895,EX_lys__L_e,co-consumed,0.012199306937354772
595,1208,895,EX_mg2_e,co-consumed,0.000308395771808992
596,1208,895,EX_mn2_e,co-consumed,2.4565011409108002e-05
597,1208,895,EX_o2_e,co-consumed,3.9999999806049624
598,1208,895,EX_orn_e,provided,0.0348428136409918
599,1208,895,EX_pi_e,co-consumed,0.04983466476348048
600,1208,895,EX_pyovd_kt_e,received,0.08157885504853672
601,1208,895,EX_so4_e,co-consumed,0.00015421954251966
602,1208,895,EX_stfrnA_e,received,0.08557217889577441
603,1208,895,EX_stfrnB_e,received,0.08555159790369211
604,1208,895,EX_zn2_e,co-consumed,1.2122530955867999e-05
605,1208,1174,EX_acald_e,co-consumed,1.3753633387686748e-06
606,1208,1174,EX_arg__L_e,co-consumed,0.010515392853133068
607,1208,1174,EX_ca2_e,co-consumed,0.000185037459311756
608,1208,1174,EX_cl_e,co-consumed,0.00018503746083356002
609,1208,1174,EX_cobalt2_e,co-consumed,3.554994415211502e-06
610,1208,1174,EX_cu2_e,co-consumed,2.5204910403848e-05
611,1208,1174,EX_fe2_e,co-consumed,0.00023873883590635602
612,1208,1174,EX_fe3_e,co-consumed,0.252709713225035
613,1208,1174,EX_glyc_e,provided,0.36072456643691775
614,1208,1174,EX_glygln_e,co-consumed,0.05348671039292357
615,1208,1174,EX_h2o_e,received,0.44188172090410993
616,1208,1174,EX_h2s_e,co-consumed,0.00547056092920584
617,1208,1174,EX_h_e,provided,3.024212848729982
618,1208,1174,EX_ile__L_e,co-consumed,0.011053439265323308
619,1208,1174,EX_k_e,co-consumed,0.006939100248883789
620,1208,1174,EX_lys__L_e,co-consumed,0.012199306937354772
621,1208,1174,EX_malt_e,co-consumed,0.015817809174526198
622,1208,1174,EX_mg2_e,co-consumed,0.000308395771808992
623,1208,1174,EX_mn2_e,co-consumed,2.4565011409108002e-05
624,1208,1174,EX_nh4_e,provided,0.3070393874160899
625,1208,1174,EX_o2_e,co-consumed,3.9999999827833617
626,1208,1174,EX_pi_e,co-consumed,0.04983466476348048
627,1208,1174,EX_pyovd_kt_e,co-consumed,0.08157835839235565
628,1208,1174,EX_ser__L_e,co-consumed,0.10350235365771697
629,1208,1174,EX_so4_e,co-consumed,0.00015421954251966
630,1208,1174,EX_stfrnA_e,co-consumed,0.08557217889577441
631,1208,1174,EX_stfrnB_e,co-consumed,0.08555159790369211
632,1208,1174,EX_zn2_e,co-consumed,1.2122530955867999e-05
633,1208,638,EX_acald_e,received,0.031528264551958556
634,1208,638,EX_acmana_e,co-consumed,0.0051901134277150965
635,1208,638,EX_arg__L_e,co-consumed,0.010515392853133068
636,1208,638,EX_ca2_e,co-consumed,0.000185037459311756
637,1208,638,EX_cl_e,co-consumed,0.00018503746083356002
638,1208,638,EX_cobalt2_e,co-consumed,3.554994415211502e-06
639,1208,638,EX_cu2_e,co-consumed,2.5204910403848e-05
640,1208,638,EX_cys__L_e,co-consumed,0.0032636170591681004
641,1208,638,EX_fe2_e,co-consumed,0.00023873883590635602
642,1208,638,EX_fe3_e,co-consumed,0.2529801586337414
643,1208,638,EX_glygln_e,co-consumed,0.05348671039292357
644,1208,638,EX_h2o_e,received,0.44188172090410993
645,1208,638,EX_h2s_e,received,0.00547056092920584
646,1208,638,EX_h_e,provided,3.024212848729982
647,1208,638,EX_ile__L_e,co-consumed,0.011053439265323308
648,1208,638,EX_k_e,co-consumed,0.006939100248883789
649,1208,638,EX_lys__L_e,co-consumed,0.012199306937354772
650,1208,638,EX_malt_e,co-consumed,0.015817809174526198
651,1208,638,EX_mg2_e,co-consumed,0.000308395771808992
652,1208,638,EX_mn2_e,co-consumed,2.4565011409108002e-05
653,1208,638,EX_nh4_e,provided,0.5506591393670807
654,1208,638,EX_o2_e,co-consumed,3.9999999827833617
655,1208,638,EX_pi_e,co-consumed,0.04983466476348048
656,1208,638,EX_pyovd_kt_e,co-consumed,0.08157885504853672
657,1208,638,EX_ser__L_e,co-consumed,0.2205969746734422
658,1208,638,EX_so4_e,co-consumed,0.00015421954251966
659,1208,638,EX_stfrnA_e,co-consumed,0.08557217889577441
660,1208,638,EX_stfrnB_e,co-consumed,0.08555159790369211
661,1208,638,EX_thym_e,co-consumed,0.000930151556910888
662,1208,638,EX_tyr__L_e,co-consumed,0.004910088625336588
663,1208,638,EX_zn2_e,co-consumed,1.2122530955867999e-05
664,1208,1252,EX_acald_e,co-consumed,0.031528264551958556
665,1208,1252,EX_arg__L_e,co-consumed,0.010515392853133068
666,1208,1252,EX_ca2_e,co-consumed,0.000185037459311756
667,1208,1252,EX_cit_e,co-consumed,0.28266369032457156
668,1208,1252,EX_cl_e,co-consumed,0.00018503746083356002
669,1208,1252,EX_cobalt2_e,co-consumed,3.554994415211502e-06
670,1208,1252,EX_cu2_e,co-consumed,2.5204910403848e-05
671,1208,1252,EX_fe3_e,co-consumed,0.10010262645074329
672,1208,1252,EX_glu__L_e,provided,1.0558889299769023e-06
673,1208,1252,EX_glyc_e,provided,2.5718014938363035e-06
674,1208,1252,EX_glygln_e,co-consumed,0.05348671039292357
675,1208,1252,EX_gthrd_e,co-consumed,1.16268181321189e-06
676,1208,1252,EX_h2o_e,received,0.44188172090410993
677,1208,1252,EX_h2s_e,co-consumed,0.00547056092920584
678,1208,1252,EX_h_e,provided,3.024212848729982
679,1208,1252,EX_ile__L_e,co-consumed,0.011053439265323308
680,1208,1252,EX_k_e,co-consumed,0.006939100248883789
681,1208,1252,EX_lys__L_e,co-consumed,0.012199306937354772
682,1208,1252,EX_mg2_e,co-consumed,0.000308395771808992
683,1208,1252,EX_mn2_e,co-consumed,2.4565011409108002e-05
684,1208,1252,EX_o2_e,co-consumed,3.9999999827833617
685,1208,1252,EX_orn_e,provided,0.03705476110979352
686,1208,1252,EX_pi_e,co-consumed,0.04983466476348048
687,1208,1252,EX_pyovd_kt_e,co-consumed,0.08157885504853672
688,1208,1252,EX_so4_e,co-consumed,0.00015421954251966
689,1208,1252,EX_tyr__L_e,co-consumed,0.004910088625336588
690,1208,1252,EX_zn2_e,co-consumed,1.2122530955867999e-05
691,1334,1208,EX_4abut_e,co-consumed,2.3684739172160185
692,1334,1208,EX_arg__L_e,co-consumed,0.010515392853133068
693,1334,1208,EX_ca2_e,co-consumed,0.000185037459311756
694,1334,1208,EX_cit_e,co-consumed,0.000679406253194092
695,1334,1208,EX_cl_e,co-consumed,0.00018503746083356002
696,1334,1208,EX_cobalt2_e,co-consumed,3.554994415211502e-06
697,1334,1208,EX_cu2_e,co-consumed,2.5204910403848e-05
698,1334,1208,EX_cys__L_e,co-consumed,0.0032636170591681004
699,1334,1208,EX_fe2_e,co-consumed,0.00023873883590635602
700,1334,1208,EX_fe3_e,co-consumed,0.2529801586337414
701,1334,1208,EX_glu__L_e,received,1.0558889299769023e-06
702,1334,1208,EX_glyald_e,co-consumed,3.999990733844301
703,1334,1208,EX_gthrd_e,co-consumed,1.16268181321189e-06
704,1334,1208,EX_h2o_e,co-consumed,0.44188172090410993
705,1334,1208,EX_h2s_e,co-consumed,0.00547056092920584
706,1334,1208,EX_h_e,received,1.0810525813379293
707,1334,1208,EX_ile__L_e,co-consumed,0.011053439265323308
708,1334,1208,EX_k_e,co-consumed,0.006939100248883789
709,1334,1208,EX_lys__L_e,provided,0.012199306937354772
710,1334,1208,EX_malt_e,co-consumed,0.015817809174526198
711,1334,1208,EX_mg2_e,co-consumed,0.000308395771808992
712,1334,1208,EX_mn2_e,co-consumed,2.4565011409108002e-05
713,1334,1208,EX_o2_e,co-consumed,3.9999999827833617
714,1334,1208,EX_orn_e,received,0.02841741718383033
715,1334,1208,EX_pi_e,co-consumed,0.04983466476348048
716,1334,1208,EX_pyovd_kt_e,co-consumed,0.08157885504853672
717,1334,1208,EX_ser__L_e,co-consumed,1.7034911899794256
718,1334,1208,EX_so4_e,co-consumed,0.00015421954251966
719,1334,1208,EX_stfrnA_e,co-consumed,0.08557217889577441
720,1334,1208,EX_stfrnB_e,co-consumed,0.08555159790369211
721,1334,1208,EX_tyr__L_e,co-consumed,0.004910088625336588
722,1334,1208,EX_zn2_e,co-consumed,1.2122530955867999e-05
723,1334,397,EX_arg__L_e,co-consumed,0.038608070545978
724,1334,397,EX_bz_e,co-consumed,1.3059379269832e-05
725,1334,397,EX_ca2_e,co-consumed,0.0006793794336395401
726,1334,397,EX_cit_e,co-consumed,0.000679406253194092
727,1334,397,EX_cl_e,co-consumed,0.00067937942944234
728,1334,397,EX_co_e,provided,9.345755130370001e-05
729,1334,397,EX_cobalt2_e,co-consumed,1.305243863054e-05
730,1334,397,EX_cu2_e,co-consumed,9.254178989055201e-05
731,1334,397,EX_cys__L_e,co-consumed,0.01205676251673251
732,1334,397,EX_fe2_e,co-consumed,0.00087650510841338
733,1334,397,EX_fe3_e,co-consumed,0.2542119424440433
734,1334,397,EX_glyc_e,provided,0.18638663939230632
735,1334,397,EX_h2o_e,received,3.999999949116735
736,1334,397,EX_h2s_e,received,0.020089283009825425
737,1334,397,EX_h_e,co-consumed,1.0810525813379293
738,1334,397,EX_ile__L_e,co-consumed,0.04058313148740553
739,1334,397,EX_k_e,co-consumed,0.025477446536117086
740,1334,397,EX_leu__L_e,co-consumed,0.06021490463799532
741,1334,397,EX_lys__L_e,provided,0.0802919326984846
742,1334,397,EX_malt_e,co-consumed,0.08970263165913173
743,1334,397,EX_mg2_e,co-consumed,0.0011322990512711
744,1334,397,EX_mn2_e,co-consumed,9.019235093705599e-05
745,1334,397,EX_nh4_e,provided,0.4893943352087682
746,1334,397,EX_o2_e,co-consumed,3.9999999947191163
747,1334,397,EX_orn_e,co-consumed,0.02841741718383033
748,1334,397,EX_pi_e,co-consumed,0.1832505419051775
749,1334,397,EX_pyovd_kt_e,co-consumed,0.08168261366841971
750,1334,397,EX_so4_e,co-consumed,0.000566218747882516
751,1334,397,EX_stfrnA_e,co-consumed,0.08568619093024499
752,1334,397,EX_stfrnB_e,co-consumed,0.08566524854270875
753,1334,397,EX_tyr__L_e,co-consumed,0.01802789882693641
754,1334,397,EX_zn2_e,co-consumed,4.4508815730152e-05
755,1334,790,EX_4abut_e,co-consumed,0.03122044674849617
756,1334,790,EX_arg__L_e,co-consumed,0.038608070545978
757,1334,790,EX_bz_e,co-consumed,1.3059379269832e-05
758,1334,790,EX_ca2_e,co-consumed,0.0006793794336395401
759,1334,790,EX_cl_e,co-consumed,0.00067937942944234
760,1334,790,EX_co_e,provided,8.6963135624944e-05
761,1334,790,EX_cobalt2_e,co-consumed,1.305243863054e-05
762,1334,790,EX_cu2_e,co-consumed,9.254178989055201e-05
763,1334,790,EX_fe2_e,co-consumed,0.00087650510841338
764,1334,790,EX_fe3_e,co-consumed,0.2542119424440433
765,1334,790,EX_glu__L_e,co-consumed,0.2379628279478169
766,1334,790,EX_glyald_e,received,1.929223644074665e-06
767,1334,790,EX_glyc_e,provided,5.115498198920001e-06
768,1334,790,EX_h2o_e,received,2.033944102906e-05
769,1334,790,EX_h2s_e,co-consumed,0.020089283009825425
770,1334,790,EX_h_e,co-consumed,1.0810525813379293
771,1334,790,EX_ile__L_e,co-consumed,0.04058313148740553
772,1334,790,EX_k_e,co-consumed,0.025477446536117086
773,1334,790,EX_leu__L_e,co-consumed,0.06021490463799532
774,1334,790,EX_lys__L_e,provided,0.07465664481291695
775,1334,790,EX_malt_e,co-consumed,0.07662155144452865
776,1334,790,EX_mg2_e,co-consumed,0.0011322990512711
777,1334,790,EX_mn2_e,co-consumed,9.019235093705599e-05
778,1334,790,EX_o2_e,co-consumed,3.9999999947191163
779,1334,790,EX_orn_e,co-consumed,0.02841741718383033
780,1334,790,EX_pi_e,co-consumed,0.1832505419051775
781,1334,790,EX_pyovd_kt_e,co-consumed,0.08168969220271365
782,1334,790,EX_so4_e,co-consumed,0.000566218747882516
783,1334,790,EX_stfrnA_e,co-consumed,0.0856930507974858
784,1334,790,EX_stfrnB_e,co-consumed,0.0856674522874954
785,1334,790,EX_tyr__L_e,received,0.01802789882693641
786,1334,790,EX_zn2_e,co-consumed,4.4508815730152e-05
787,1334,947,EX_arg__L_e,co-consumed,0.038608070545978
788,1334,947,EX_ca2_e,co-consumed,0.0006793794336395401
789,1334,947,EX_cit_e,co-consumed,0.000679406253194092
790,1334,947,EX_cl_e,co-consumed,0.00067937942944234
791,1334,947,EX_co_e,provided,0.000168305542711704
792,1334,947,EX_cobalt2_e,co-consumed,1.305243863054e-05
793,1334,947,EX_cu2_e,co-consumed,9.254178989055201e-05
794,1334,947,EX_fe2_e,co-consumed,0.00087650510841338
795,1334,947,EX_fe3_e,co-consumed,0.2542119424440433
796,1334,947,EX_gly_asn__L_e,co-consumed,0.03146355398006519
797,1334,947,EX_glyc_e,provided,1.7232041453052638
798,1334,947,EX_h2o_e,received,3.999999949116735
799,1334,947,EX_h2s_e,co-consumed,0.020089283009825425
800,1334,947,EX_h_e,co-consumed,1.0810525813379293
801,1334,947,EX_k_e,co-consumed,0.025477446536117086
802,1334,947,EX_leu__L_e,received,1.712640020151455e-06
803,1334,947,EX_lys__L_e,provided,0.08137446490217075
804,1334,947,EX_mg2_e,co-consumed,0.0011322990512711
805,1334,947,EX_mn2_e,co-consumed,9.019235093705599e-05
806,1334,947,EX_nh4_e,provided,0.8581781074640575
807,1334,947,EX_o2_e,co-consumed,3.9999999947191163
808,1334,947,EX_orn_e,received,0.02841741718383033
809,1334,947,EX_pi_e,co-consumed,0.1832505419051775
810,1334,947,EX_pyovd_kt_e,co-consumed,0.08172432925127425
811,1334,947,EX_so4_e,co-consumed,0.000566218747882516
812,1334,947,EX_stfrnA_e,co-consumed,0.08572703856581225
813,1334,947,EX_stfrnB_e,co-consumed,0.08570291328544478
814,1334,947,EX_zn2_e,co-consumed,4.4508815730152e-05
815,1334,997,EX_arg__L_e,co-consumed,0.038608070545978
816,1334,997,EX_bz_e,co-consumed,1.3059379269832e-05
817,1334,997,EX_ca2_e,co-consumed,0.0006793794336395401
818,1334,997,EX_cl_e,co-consumed,0.00067937942944234
819,1334,997,EX_cobalt2_e,co-consumed,1.305243863054e-05
820,1334,997,EX_cu2_e,co-consumed,9.254178989055201e-05
821,1334,997,EX_fe2_e,co-consumed,0.00087650510841338
822,1334,997,EX_fe3_e,co-consumed,0.09940322317984002
823,1334,997,EX_glu__L_e,received,1.4547662932545256e-06
824,1334,997,EX_gly_asn__L_e,co-consumed,0.03146355398006519
825,1334,997,EX_glyald_e,received,9.487526180424001e-06
826,1334,997,EX_glyc_e,provided,0.027880222580512305
827,1334,997,EX_glyclt_e,received,0.000134119252619812
828,1334,997,EX_gthrd_e,co-consumed,1.4356304749597735e-06
829,1334,997,EX_h2o_e,received,3.999999949116735
830,1334,997,EX_h2s_e,co-consumed,0.020089283009825425
831,1334,997,EX_h_e,co-consumed,1.0810525813379293
832,1334,997,EX_ile__L_e,co-consumed,0.04058313148740553
833,1334,997,EX_k_e,co-consumed,0.025477446536117086
834,1334,997,EX_leu__L_e,co-consumed,0.06021490463799532
835,1334,997,EX_lys__L_e,provided,0.0687959983179711
836,1334,997,EX_mg2_e,co-consumed,0.0011322990512711
837,1334,997,EX_mn2_e,co-consumed,9.019235093705599e-05
838,1334,997,EX_o2_e,co-consumed,3.9999999947191163
839,1334,997,EX_orn_e,co-consumed,0.02841741718383033
840,1334,997,EX_pyovd_kt_e,co-consumed,0.08174269204197179
841,1334,997,EX_ser__L_e,co-consumed,0.09015960816453393
842,1334,997,EX_so4_e,co-consumed,0.000566218747882516
843,1334,997,EX_tyr__L_e,co-consumed,0.01802789882693641
844,1334,997,EX_zn2_e,co-consumed,4.4508815730152e-05
845,1334,1114,EX_abt__L_e,provided,3.9999748800159747
846,1334,1114,EX_arab__L_e,received,3.9999748855493564
847,1334,1114,EX_arg__L_e,co-consumed,0.0046357303882063276
848,1334,1114,EX_bz_e,co-consumed,1.5686153384505792e-06
849,1334,1114,EX_ca2_e,co-consumed,8.157368052924399e-05
850,1334,1114,EX_cl_e,co-consumed,8.1573673573936e-05
851,1334,1114,EX_cobalt2_e,co-consumed,1.5672176856355215e-06
852,1334,1114,EX_cu2_e,co-consumed,1.0660673623368001e-05
853,1334,1114,EX_fe2_e,co-consumed,0.000105202132142988
854,1334,1114,EX_fe3_e,co-consumed,0.2526625386113989
855,1334,1114,EX_gly_asn__L_e,co-consumed,0.003777855372185156
856,1334,1114,EX_glyald_e,received,3.581259818767941
857,1334,1114,EX_glyc_e,provided,3.591211762186692
858,1334,1114,EX_h2o_e,received,3.999999949116735
859,1334,1114,EX_h2s_e,co-consumed,0.0038483196513773637
860,1334,1114,EX_h_e,received,0.00112623464957868
861,1334,1114,EX_ile__L_e,co-consumed,0.004872935060638228
862,1334,1114,EX_k_e,co-consumed,0.003059099217122536
863,1334,1114,EX_leu__L_e,co-consumed,0.007230005544080364
864,1334,1114,EX_lys__L_e,provided,0.005534792074785936
865,1334,1114,EX_malt_e,co-consumed,0.15360650768892167
866,1334,1114,EX_mg2_e,co-consumed,0.000135956138154524
867,1334,1114,EX_mn2_e,co-consumed,1.082947420774e-05
868,1334,1114,EX_o2_e,co-consumed,3.8457435539662432
869,1334,1114,EX_orn_e,co-consumed,0.003464318233193924
870,1334,1114,EX_pyovd_kt_e,co-consumed,0.08153202518695611
871,1334,1114,EX_so4_e,co-consumed,6.7900542683388e-05
872,1334,1114,EX_stfrnA_e,co-consumed,0.08551769571185876
873,1334,1114,EX_stfrnB_e,co-consumed,0.0854905751777392
874,1334,1114,EX_tyr__L_e,co-consumed,0.002161134730962664
875,1334,1114,EX_zn2_e,co-consumed,5.344212308016e-06
876,1334,1362,EX_4abut_e,co-consumed,3.999994459012928
877,1334,1362,EX_arg__L_e,co-consumed,0.038608070545978
878,1334,1362,EX_bz_e,received,1.3059379269832e-05
879,1334,1362,EX_ca2_e,co-consumed,0.0006793794336395401
880,1334,1362,EX_cl_e,co-consumed,0.00067937942944234
881,1334,1362,EX_cobalt2_e,co-consumed,1.305243863054e-05
882,1334,1362,EX_cu2_e,co-consumed,9.254178989055201e-05
883,1334,1362,EX_fe2_e,co-consumed,0.00087650510841338
884,1334,1362,EX_fe3_e,co-consumed,0.10109349937422764
885,1334,1362,EX_glu__L_e,received,3.999996139122461
886,1334,1362,EX_gly_asn__L_e,co-consumed,0.03146355398006519
887,1334,1362,EX_glyald_e,received,3.999706389032524
888,1334,1362,EX_glyc_e,provided,3.9997063553221848
889,1334,1362,EX_gthrd_e,co-consumed,1.696468469366609e-06
890,1334,1362,EX_h2o_e,received,3.999999949116735
891,1334,1362,EX_h2s_e,received,0.020089283009825425
892,1334,1362,EX_h_e,co-consumed,1.0810525813379293
893,1334,1362,EX_k_e,co-consumed,0.025477446536117086
894,1334,1362,EX_leu__L_e,co-consumed,0.06021490463799532
895,1334,1362,EX_mg2_e,co-consumed,0.0011322990512711
896,1334,1362,EX_mn2_e,co-consumed,9.019235093705599e-05
897,1334,1362,EX_nh4_e,provided,0.01835854082437485
898,1334,1362,EX_no2_e,co-consumed,1.011687584279431e-06
899,1334,1362,EX_o2_e,co-consumed,3.9999999947191163
900,1334,1362,EX_pi_e,co-consumed,0.1832505419051775
901,1334,1362,EX_pyovd_kt_e,co-consumed,0.08174269204197179
902,1334,1362,EX_so4_e,co-consumed,0.000566218747882516
903,1334,1362,EX_zn2_e,co-consumed,4.4508815730152e-05
904,1334,428,EX_arg__L_e,co-consumed,0.038608070545978
905,1334,428,EX_bz_e,co-consumed,1.3059379269832e-05
906,1334,428,EX_ca2_e,co-consumed,0.0006793794336395401
907,1334,428,EX_cl_e,co-consumed,0.00067937942944234
908,1334,428,EX_cobalt2_e,co-consumed,1.305243863054e-05
909,1334,428,EX_cu2_e,co-consumed,9.254178989055201e-05
910,1334,428,EX_fe2_e,co-consumed,0.00087650510841338
911,1334,428,EX_fe3_e,co-consumed,0.2542119424440433
912,1334,428,EX_glu__L_e,received,0.6658464473984848
913,1334,428,EX_gly_asn__L_e,co-consumed,0.03146355398006519
914,1334,428,EX_glyc_e,provided,1.6099709835040856
915,1334,428,EX_gthrd_e,co-consumed,0.6658465393503891
916,1334,428,EX_h2o_e,received,1.5908916895398881
917,1334,428,EX_h2s_e,co-consumed,0.020089283009825425
918,1334,428,EX_h_e,co-consumed,1.0810525813379293
919,1334,428,EX_ile__L_e,co-consumed,0.04058313148740553
920,1334,428,EX_k_e,co-consumed,0.025477446536117086
921,1334,428,EX_lys__L_e,provided,0.09595082637275765
922,1334,428,EX_malt_e,co-consumed,0.10750490007631758
923,1334,428,EX_mg2_e,co-consumed,0.0011322990512711
924,1334,428,EX_mn2_e,co-consumed,9.019235093705599e-05
925,1334,428,EX_nh4_e,provided,0.5711387962245577
926,1334,428,EX_o2_e,co-consumed,3.9999999947191163
927,1334,428,EX_pi_e,co-consumed,0.1832505419051775
928,1334,428,EX_pyovd_kt_e,co-consumed,0.08174269204197179
929,1334,428,EX_ser__L_e,co-consumed,0.19433213116147038
930,1334,428,EX_so4_e,co-consumed,0.000566218747882516
931,1334,428,EX_stfrnA_e,co-consumed,0.08574002981856813
932,1334,428,EX_stfrnB_e,co-consumed,0.08571011538482924
933,1334,428,EX_tyr__L_e,co-consumed,0.01802789882693641
934,1334,428,EX_zn2_e,co-consumed,4.4508815730152e-05
935,1334,796,EX_R_3hdd5ea_e,received,0.000834187807357676
936,1334,796,EX_arg__L_e,co-consumed,0.038608070545978
937,1334,796,EX_ca2_e,co-consumed,0.0006793794336395401
938,1334,796,EX_cl_e,co-consumed,0.00067937942944234
939,1334,796,EX_co_e,provided,8.5100383024136e-05
940,1334,796,EX_cobalt2_e,co-consumed,1.305243863054e-05
941,1334,796,EX_cu2_e,co-consumed,9.254178989055201e-05
942,1334,796,EX_cys__L_e,co-consumed,0.01205676251673251
943,1334,796,EX_fe2_e,co-consumed,0.00087650510841338
944,1334,796,EX_fe3_e,co-consumed,0.2542119424440433
945,1334,796,EX_gly_asn__L_e,co-consumed,0.03146355398006519
946,1334,796,EX_glyald_e,received,1.1439502850731953
947,1334,796,EX_glyc_e,provided,3.999997293235151
948,1334,796,EX_glyclt_e,received,0.00018979806880830001
949,1334,796,EX_h2o_e,received,3.999999949116735
950,1334,796,EX_h2s_e,received,0.020089283009825425
951,1334,796,EX_h_e,co-consumed,1.0810525813379293
952,1334,796,EX_ile__L_e,co-consumed,0.04058313148740553
953,1334,796,EX_k_e,co-consumed,0.025477446536117086
954,1334,796,EX_lys__L_e,provided,0.07302137681343995
955,1334,796,EX_mal__L_e,co-consumed,0.17541776028121028
956,1334,796,EX_mg2_e,co-consumed,0.0011322990512711
957,1334,796,EX_mn2_e,co-consumed,9.019235093705599e-05
958,1334,796,EX_nh4_e,provided,5.81020049542e-06
959,1334,796,EX_o2_e,co-consumed,3.9999999947191163
960,1334,796,EX_orn_e,co-consumed,0.02841741718383033
961,1334,796,EX_pi_e,co-consumed,0.1832505419051775
962,1334,796,EX_pyovd_kt_e,co-consumed,0.08161142134172414
963,1334,796,EX_so4_e,co-consumed,0.000566218747882516
964,1334,796,EX_stfrnA_e,co-consumed,0.08560896902501572
965,1334,796,EX_stfrnB_e,co-consumed,0.08559065192532496
966,1334,796,EX_zn2_e,co-consumed,4.4508815730152e-05
967,1334,1350,EX_4abut_e,co-consumed,0.000309800583121744
968,1334,1350,EX_arab__L_e,co-consumed,2.4793875828812124e-06
969,1334,1350,EX_arg__L_e,co-consumed,0.038608070545978
970,1334,1350,EX_ca2_e,co-consumed,0.000388408448178276
971,1334,1350,EX_cit_e,co-consumed,0.00038843042398383203
972,1334,1350,EX_cl_e,co-consumed,0.000388413463840176
973,1334,1350,EX_cobalt2_e,co-consumed,7.46231436586e-06
974,1334,1350,EX_cu2_e,co-consumed,5.290780885396e-05
975,1334,1350,EX_fe3_e,co-consumed,0.2539856748570928
976,1334,1350,EX_gly_asn__L_e,co-consumed,0.01798827822953449
977,1334,1350,EX_glyald_e,co-consumed,1.6631856234273665
978,1334,1350,EX_h2s_e,co-consumed,0.018360240954817714
979,1334,1350,EX_h_e,co-consumed,0.17888914915507573
980,1334,1350,EX_ile__L_e,co-consumed,0.016327387249486534
981,1334,1350,EX_k_e,co-consumed,0.01456591528015751
982,1334,1350,EX_lys__L_e,provided,0.02635395491518484
983,1334,1350,EX_mal__L_e,received,3.623053652186e-05
984,1334,1350,EX_malt_e,co-consumed,0.024316272548759867
985,1334,1350,EX_mg2_e,co-consumed,0.000647355765087112
986,1334,1350,EX_mn2_e,co-consumed,5.1564593668596e-05
987,1334,1350,EX_o2_e,co-consumed,3.9999999947191163
988,1334,1350,EX_orn_e,received,0.006236717596360448
989,1334,1350,EX_pi_e,co-consumed,0.11485945952391907
990,1334,1350,EX_pyovd_kt_e,co-consumed,0.08164225635842604
991,1334,1350,EX_ser__L_e,co-consumed,0.16210184535107958
992,1334,1350,EX_so4_e,co-consumed,0.000323716092813068
993,1334,1350,EX_stfrnA_e,co-consumed,0.08564058922336161
994,1334,1350,EX_stfrnB_e,co-consumed,0.08561906502578104
995,1334,1350,EX_tyr__L_e,co-consumed,0.010290447363563479
996,1334,1350,EX_zn2_e,co-consumed,2.5446491987588002e-05
997,1334,262,EX_arg__L_e,co-consumed,0.038608070545978
998,1334,262,EX_bz_e,co-consumed,1.3059379269832e-05
999,1334,262,EX_ca2_e,co-consumed,0.0006793794336395401
1000,1334,262,EX_cgly_e,provided,3.999663377603634
1001,1334,262,EX_cl_e,co-consumed,0.00067937942944234
1002,1334,262,EX_cobalt2_e,co-consumed,1.305243863054e-05
1003,1334,262,EX_cu2_e,co-consumed,9.254178989055201e-05
1004,1334,262,EX_fe2_e,co-consumed,0.00087650510841338
1005,1334,262,EX_fe3_e,co-consumed,0.09825562569376221
1006,1334,262,EX_glu__L_e,co-consumed,3.9999995818905236
1007,1334,262,EX_gly_asn__L_e,co-consumed,0.03146355398006519
1008,1334,262,EX_glyald_e,co-consumed,0.03544535160748722
1009,1334,262,EX_gthrd_e,received,3.9996633774051347
1010,1334,262,EX_h2o_e,co-consumed,3.9999997466492805
1011,1334,262,EX_h2s_e,co-consumed,0.020089283009825425
1012,1334,262,EX_h_e,co-consumed,1.0810525813379293
1013,1334,262,EX_ile__L_e,co-consumed,0.04058313148740553
1014,1334,262,EX_k_e,co-consumed,0.025477446536117086
1015,1334,262,EX_lys__L_e,provided,0.1617181671147805
1016,1334,262,EX_mg2_e,co-consumed,0.0011322990512711
1017,1334,262,EX_mn2_e,co-consumed,9.019235093705599e-05
1018,1334,262,EX_nh4_e,provided,1.4546589208535525
1019,1334,262,EX_o2_e,co-consumed,3.9999999947191163
1020,1334,262,EX_orn_e,received,0.02841741718383033
1021,1334,262,EX_pi_e,co-consumed,0.1832505419051775
1022,1334,262,EX_pyovd_kt_e,co-consumed,0.08174269204197179
1023,1334,262,EX_ser__L_e,co-consumed,0.5345198923037778
1024,1334,262,EX_so4_e,co-consumed,0.000566218747882516
1025,1334,262,EX_tyr__L_e,co-consumed,0.01802789882693641
1026,1334,262,EX_zn2_e,co-consumed,4.4508815730152e-05
1027,1334,978,EX_arg__L_e,co-consumed,0.03493271998263871
1028,1334,978,EX_bz_e,co-consumed,1.178109358972e-05
1029,1334,978,EX_ca2_e,co-consumed,0.000614705407725804
1030,1334,978,EX_cgly_e,provided,2.2365464156387875
1031,1334,978,EX_cl_e,co-consumed,0.000614705397849888
1032,1334,978,EX_cobalt2_e,co-consumed,1.1809901884912e-05
1033,1334,978,EX_cu2_e,co-consumed,8.373220436403201e-05
1034,1334,978,EX_fe2_e,co-consumed,0.0007928112618444481
1035,1334,978,EX_fe3_e,co-consumed,0.25421123036778265
1036,1334,978,EX_glu__L_e,co-consumed,2.2365464042867877
1037,1334,978,EX_glyc_e,provided,0.24764740041469416
1038,1334,978,EX_gthrd_e,received,2.2365464018026535
1039,1334,978,EX_h2o_e,co-consumed,3.999999718465075
1040,1334,978,EX_h2s_e,co-consumed,0.020089283009825425
1041,1334,978,EX_h_e,co-consumed,1.0810525813379293
1042,1334,978,EX_ile__L_e,co-consumed,0.03672040273140531
1043,1334,978,EX_k_e,co-consumed,0.02305210178621846
1044,1334,978,EX_lac__L_e,co-consumed,0.6259845512466978
1045,1334,978,EX_lys__L_e,provided,0.04170792875179372
1046,1334,978,EX_mg2_e,co-consumed,0.00102450898582638
1047,1334,978,EX_mn2_e,co-consumed,8.1606422024748e-05
1048,1334,978,EX_nh4_e,provided,0.15221570128204553
1049,1334,978,EX_o2_e,co-consumed,3.999999987126816
1050,1334,978,EX_orn_e,co-consumed,0.02610624975975622
1051,1334,978,EX_pi_e,co-consumed,0.16582010592256907
1052,1334,978,EX_pyovd_kt_e,co-consumed,0.08174269204197179
1053,1334,978,EX_ser__L_e,co-consumed,0.09209531243799896
1054,1334,978,EX_so4_e,co-consumed,0.000512315308719196
1055,1334,978,EX_stfrnA_e,co-consumed,0.08574002981856813
1056,1334,978,EX_stfrnB_e,co-consumed,0.08571011538482924
1057,1334,978,EX_zn2_e,co-consumed,4.0266750851668e-05
1058,1334,1338,EX_arg__L_e,co-consumed,0.038608070545978
1059,1334,1338,EX_bz_e,co-consumed,1.3059379269832e-05
1060,1334,1338,EX_ca2_e,co-consumed,0.0006793794336395401
1061,1334,1338,EX_cl_e,co-consumed,0.00067937942944234
1062,1334,1338,EX_co_e,provided,0.000196124531918444
1063,1334,1338,EX_cobalt2_e,co-consumed,1.305243863054e-05
1064,1334,1338,EX_cu2_e,co-consumed,9.254178989055201e-05
1065,1334,1338,EX_fe2_e,co-consumed,0.00087650510841338
1066,1334,1338,EX_fe3_e,co-consumed,0.10098779478597139
1067,1334,1338,EX_fum_e,co-consumed,1.8117422824553342
1068,1334,1338,EX_glu__L_e,received,0.5985558432159503
1069,1334,1338,EX_gly_asn__L_e,co-consumed,0.03146355398006519
1070,1334,1338,EX_glyald_e,received,3.9996827205025487
1071,1334,1338,EX_glyc_e,provided,3.9996828759297043
1072,1334,1338,EX_gthrd_e,co-consumed,0.8714742749677248
1073,1334,1338,EX_h2o_e,received,3.999999949116735
1074,1334,1338,EX_h2s_e,co-consumed,0.020089283009825425
1075,1334,1338,EX_h_e,co-consumed,1.0810525813379293
1076,1334,1338,EX_ile__L_e,co-consumed,0.04058313148740553
1077,1334,1338,EX_ins_e,provided,0.10036834327364864
1078,1334,1338,EX_k_e,co-consumed,0.025477446536117086
1079,1334,1338,EX_lys__L_e,provided,0.1682748944796095
1080,1334,1338,EX_mal__L_e,co-consumed,1.0846396296286787e-06
1081,1334,1338,EX_mg2_e,co-consumed,0.0011322990512711
1082,1334,1338,EX_mn2_e,co-consumed,9.019235093705599e-05
1083,1334,1338,EX_no2_e,received,1.011687584279431e-06
1084,1334,1338,EX_o2_e,co-consumed,3.9999999947191163
1085,1334,1338,EX_orn_e,co-consumed,0.02841741718383033
1086,1334,1338,EX_pi_e,co-consumed,0.1832505419051775
1087,1334,1338,EX_pyovd_kt_e,co-consumed,0.08174269204197179
1088,1334,1338,EX_ser__L_e,co-consumed,0.9128963053162753
1089,1334,1338,EX_so4_e,co-consumed,0.000566218747882516
1090,1334,1338,EX_tyr__L_e,co-consumed,0.01802789882693641
1091,1334,1338,EX_zn2_e,co-consumed,4.4508815730152e-05
1092,1334,1357,EX_arg__L_e,co-consumed,0.038608070545978
1093,1334,1357,EX_bz_e,co-consumed,1.3059379269832e-05
1094,1334,1357,EX_ca2_e,co-consumed,0.0006793794336395401
1095,1334,1357,EX_cl_e,co-consumed,0.00067937942944234
1096,1334,1357,EX_cobalt2_e,co-consumed,1.305243863054e-05
1097,1334,1357,EX_cu2_e,co-consumed,9.254178989055201e-05
1098,1334,1357,EX_fe2_e,co-consumed,0.00087650510841338
1099,1334,1357,EX_fe3_e,co-consumed,0.09943419479300797
1100,1334,1357,EX_glyc_e,provided,0.2992554826238624
1101,1334,1357,EX_h2o_e,received,1.0911453003108098
1102,1334,1357,EX_h2s_e,co-consumed,0.020089283009825425
1103,1334,1357,EX_h_e,co-consumed,1.0810525813379293
1104,1334,1357,EX_ile__L_e,co-consumed,0.04058313148740553
1105,1334,1357,EX_ins_e,provided,0.11210285793407074
1106,1334,1357,EX_k_e,co-consumed,0.025477446536117086
1107,1334,1357,EX_leu__L_e,co-consumed,0.06021490463799532
1108,1334,1357,EX_lys__L_e,provided,0.08595861066855712
1109,1334,1357,EX_mg2_e,co-consumed,0.0011322990512711
1110,1334,1357,EX_mn2_e,co-consumed,9.019235093705599e-05
1111,1334,1357,EX_o2_e,co-consumed,3.9999999947191163
1112,1334,1357,EX_orn_e,co-consumed,0.02841741718383033
1113,1334,1357,EX_pi_e,co-consumed,0.1832505419051775
1114,1334,1357,EX_pyovd_kt_e,co-consumed,0.08174269204197179
1115,1334,1357,EX_so4_e,co-consumed,0.000566218747882516
1116,1334,1357,EX_tyr__L_e,co-consumed,0.01802789882693641
1117,1334,1357,EX_zn2_e,co-consumed,4.4508815730152e-05
1118,1334,2751,EX_cys__L_e,received,0.01205676251673251
1119,1334,2751,EX_fe3_e,co-consumed,0.25214261553782036
1120,1334,2751,EX_glu__L_e,received,0.6995528978121673
1121,1334,2751,EX_glyald_e,received,3.9323640257073347
1122,1334,2751,EX_glyc_e,provided,3.9323649918687176
1123,1334,2751,EX_gthrd_e,co-consumed,0.6995528918791749
1124,1334,2751,EX_h2o_e,received,3.171311417312431
1125,1334,2751,EX_h2s_e,co-consumed,0.020089283009825425
1126,1334,2751,EX_h_e,received,1.0810525813379293
1127,1334,2751,EX_lac__L_e,received,0.6259845512466978
1128,1334,2751,EX_mal__L_e,received,1.1055133945443052e-06
1129,1334,2751,EX_malt_e,co-consumed,0.15360650768892167
1130,1334,2751,EX_nh4_e,provided,0.7901715688895377
1131,1334,2751,EX_o2_e,co-consumed,3.999999925117265
1132,1334,2751,EX_pyovd_kt_e,co-consumed,0.08140781945174283
1133,1334,2751,EX_stfrnA_e,co-consumed,0.0853751819941325
1134,1334,2751,EX_stfrnB_e,co-consumed,0.08535991256867606
1135,1334,709,EX_4abut_e,co-consumed,2.5063224133102334e-06
1136,1334,709,EX_arg__L_e,received,0.038608070545978
1137,1334,709,EX_co2_e,provided,3.9999992468984384
1138,1334,709,EX_fe2_e,co-consumed,0.00087650510841338
1139,1334,709,EX_fe3_e,co-consumed,0.25283877006317557
1140,1334,709,EX_fum_e,co-consumed,1.8117422824553342
1141,1334,709,EX_glyald_e,co-consumed,2.958353664369491
1142,1334,709,EX_h2o_e,received,3.999999949116735
1143,1334,709,EX_h2s_e,co-consumed,0.020089283009825425
1144,1334,709,EX_h_e,co-consumed,1.0810525813379293
1145,1334,709,EX_lac__L_e,received,0.6259845512466978
1146,1334,709,EX_mal__L_e,co-consumed,2.8896912308811998e-05
1147,1334,709,EX_nh4_e,provided,1.2529140989344e-05
1148,1334,709,EX_o2_e,co-consumed,3.9999999885236144
1149,1334,709,EX_orn_e,co-consumed,0.02841741718383033
1150,1334,709,EX_pi_e,received,1.2724910709637248e-06
1151,1334,709,EX_pyovd_kt_e,co-consumed,0.08162271012892948
1152,1334,709,EX_ser__L_e,co-consumed,2.2306657398788516
1153,1334,709,EX_stfrnA_e,co-consumed,0.08561876966794828
1154,1334,709,EX_stfrnB_e,co-consumed,0.08559728795379533
1155,1334,1080,EX_arg__L_e,co-consumed,0.038608070545978
1156,1334,1080,EX_bz_e,co-consumed,1.3059379269832e-05
1157,1334,1080,EX_ca2_e,co-consumed,0.0006793794336395401
1158,1334,1080,EX_cl_e,co-consumed,0.00067937942944234
1159,1334,1080,EX_cobalt2_e,co-consumed,1.305243863054e-05
1160,1334,1080,EX_cu2_e,co-consumed,9.254178989055201e-05
1161,1334,1080,EX_cys__L_e,co-consumed,0.01205676251673251
1162,1334,1080,EX_fe2_e,co-consumed,0.00087650510841338
1163,1334,1080,EX_fe3_e,co-consumed,0.2542119424440433
1164,1334,1080,EX_gly_asn__L_e,co-consumed,0.03146355398006519
1165,1334,1080,EX_glyald_e,co-consumed,3.999999593232226
1166,1334,1080,EX_h2o_e,received,3.999999949116735
1167,1334,1080,EX_h2s_e,co-consumed,0.020089283009825425
1168,1334,1080,EX_h_e,co-consumed,1.0810525813379293
1169,1334,1080,EX_ile__L_e,co-consumed,0.04058313148740553
1170,1334,1080,EX_k_e,co-consumed,0.025477446536117086
1171,1334,1080,EX_leu__L_e,co-consumed,0.06021490463799532
1172,1334,1080,EX_malt_e,co-consumed,0.12643169613036048
1173,1334,1080,EX_mg2_e,co-consumed,0.0011322990512711
1174,1334,1080,EX_mn2_e,co-consumed,9.019235093705599e-05
1175,1334,1080,EX_o2_e,co-consumed,3.9999999947191163
1176,1334,1080,EX_pi_e,co-consumed,0.1832505419051775
1177,1334,1080,EX_pyovd_kt_e,co-consumed,0.08162460805035757
1178,1334,1080,EX_ser__L_e,co-consumed,0.1556379087786258
1179,1334,1080,EX_so4_e,co-consumed,0.000566218747882516
1180,1334,1080,EX_stfrnA_e,co-consumed,0.08562607366209049
1181,1334,1080,EX_stfrnB_e,co-consumed,0.08560076402816279
1182,1334,1080,EX_tyr__L_e,co-consumed,0.01802789882693641
1183,1334,1080,EX_zn2_e,co-consumed,4.4508815730152e-05
1184,1334,1234,EX_arg__L_e,co-consumed,0.038608070545978
1185,1334,1234,EX_bz_e,co-consumed,1.3059379269832e-05
1186,1334,1234,EX_ca2_e,co-consumed,0.0006793794336395401
1187,1334,1234,EX_cit_e,co-consumed,0.000679406253194092
1188,1334,1234,EX_cl_e,co-consumed,0.00067937942944234
1189,1334,1234,EX_cobalt2_e,co-consumed,1.305243863054e-05
1190,1334,1234,EX_cu2_e,co-consumed,9.254178989055201e-05
1191,1334,1234,EX_cys__L_e,co-consumed,0.01205676251673251
1192,1334,1234,EX_fe2_e,co-consumed,0.00087650510841338
1193,1334,1234,EX_fe3_e,co-consumed,0.1012688559048006
1194,1334,1234,EX_glu__L_e,received,1.3939495782268335e-06
1195,1334,1234,EX_gly_asn__L_e,co-consumed,0.03146355398006519
1196,1334,1234,EX_glyc_e,provided,1.5041397989079013
1197,1334,1234,EX_gthrd_e,co-consumed,1.4065100262110147e-06
1198,1334,1234,EX_h2o_e,co-consumed,0.657708615030396
1199,1334,1234,EX_h2s_e,co-consumed,0.020089283009825425
1200,1334,1234,EX_h_e,co-consumed,1.0810525813379293
1201,1334,1234,EX_ile__L_e,co-consumed,0.04058313148740553
1202,1334,1234,EX_k_e,co-consumed,0.025477446536117086
1203,1334,1234,EX_leu__L_e,received,0.06021490463799532
1204,1334,1234,EX_lys__L_e,provided,0.20422210779683186
1205,1334,1234,EX_malt_e,co-consumed,0.15360650768892167
1206,1334,1234,EX_mg2_e,co-consumed,0.0011322990512711
1207,1334,1234,EX_mn2_e,co-consumed,9.019235093705599e-05
1208,1334,1234,EX_nh4_e,provided,2.477133969872802
1209,1334,1234,EX_o2_e,co-consumed,3.9999999947191163
1210,1334,1234,EX_orn_e,co-consumed,0.02841741718383033
1211,1334,1234,EX_pi_e,co-consumed,0.1832505419051775
1212,1334,1234,EX_pyovd_kt_e,co-consumed,0.08174269204197179
1213,1334,1234,EX_so4_e,co-consumed,0.000566218747882516
1214,1334,1234,EX_tyr__L_e,co-consumed,0.01802789882693641
1215,1334,1234,EX_zn2_e,co-consumed,4.4508815730152e-05
1216,1334,459,EX_arg__L_e,co-consumed,0.038608070545978
1217,1334,459,EX_bz_e,co-consumed,1.3059379269832e-05
1218,1334,459,EX_ca2_e,co-consumed,0.0006793794336395401
1219,1334,459,EX_cl_e,co-consumed,0.00067937942944234
1220,1334,459,EX_co_e,provided,1.7996924166142676e-06
1221,1334,459,EX_cobalt2_e,co-consumed,1.305243863054e-05
1222,1334,459,EX_cu2_e,co-consumed,9.254178989055201e-05
1223,1334,459,EX_fe2_e,co-consumed,0.00087650510841338
1224,1334,459,EX_fe3_e,co-consumed,0.09975758485025954
1225,1334,459,EX_gly_asn__L_e,co-consumed,0.03146355398006519
1226,1334,459,EX_glyc_e,provided,0.5603564379780037
1227,1334,459,EX_h2o_e,received,3.999999949116735
1228,1334,459,EX_h2s_e,co-consumed,0.020089283009825425
1229,1334,459,EX_h_e,co-consumed,1.0810525813379293
1230,1334,459,EX_ile__L_e,co-consumed,0.04058313148740553
1231,1334,459,EX_k_e,co-consumed,0.025477446536117086
1232,1334,459,EX_lac__L_e,co-consumed,0.6259845512466978
1233,1334,459,EX_lys__L_e,provided,0.05673698394769787
1234,1334,459,EX_mg2_e,co-consumed,0.0011322990512711
1235,1334,459,EX_mn2_e,co-consumed,9.019235093705599e-05
1236,1334,459,EX_nh4_e,provided,0.39438734493157057
1237,1334,459,EX_o2_e,co-consumed,3.9999999947191163
1238,1334,459,EX_orn_e,co-consumed,1.308345766382397e-06
1239,1334,459,EX_pi_e,co-consumed,0.1832505419051775
1240,1334,459,EX_pyovd_kt_e,co-consumed,0.08174269204197179
1241,1334,459,EX_so4_e,co-consumed,0.000566218747882516
1242,1334,459,EX_tyr__L_e,co-consumed,0.01802789882693641
1243,1334,459,EX_zn2_e,co-consumed,4.4508815730152e-05
1244,1334,939,EX_arg__L_e,co-consumed,0.038608070545978
1245,1334,939,EX_bz_e,co-consumed,1.3059379269832e-05
1246,1334,939,EX_ca2_e,co-consumed,0.0006793794336395401
1247,1334,939,EX_cit_e,co-consumed,0.000679406253194092
1248,1334,939,EX_cl_e,co-consumed,0.00067937942944234
1249,1334,939,EX_co2_e,provided,3.9999931267347986
1250,1334,939,EX_cobalt2_e,co-consumed,1.305243863054e-05
1251,1334,939,EX_cu2_e,co-consumed,9.254178989055201e-05
1252,1334,939,EX_cys__L_e,co-consumed,0.01205676251673251
1253,1334,939,EX_fe2_e,co-consumed,0.00087650510841338
1254,1334,939,EX_fe3_e,co-consumed,0.2542119424440433
1255,1334,939,EX_glu__L_e,co-consumed,0.7326833773435338
1256,1334,939,EX_gly_asn__L_e,co-consumed,0.03146355398006519
1257,1334,939,EX_h2o_e,received,3.999999949116735
1258,1334,939,EX_h2s_e,co-consumed,0.020089283009825425
1259,1334,939,EX_h_e,co-consumed,1.0810525813379293
1260,1334,939,EX_icit_e,co-consumed,1.0220093766322852e-06
1261,1334,939,EX_ile__L_e,co-consumed,0.04058313148740553
1262,1334,939,EX_k_e,co-consumed,0.025477446536117086
1263,1334,939,EX_lac__L_e,co-consumed,1.1283645295789803e-06
1264,1334,939,EX_malt_e,co-consumed,0.15360650768892167
1265,1334,939,EX_mg2_e,co-consumed,0.0011322990512711
1266,1334,939,EX_mn2_e,co-consumed,9.019235093705599e-05
1267,1334,939,EX_no2_e,co-consumed,1.011687584279431e-06
1268,1334,939,EX_o2_e,co-consumed,3.9999999947191163
1269,1334,939,EX_pi_e,co-consumed,0.1832505419051775
1270,1334,939,EX_pyovd_kt_e,co-consumed,0.08174269204197179
1271,1334,939,EX_so4_e,co-consumed,0.000566218747882516
1272,1334,939,EX_stfrnA_e,co-consumed,0.08574002981856813
1273,1334,939,EX_stfrnB_e,co-consumed,0.08571011538482924
1274,1334,939,EX_tyr__L_e,co-consumed,0.01802789882693641
1275,1334,939,EX_zn2_e,co-consumed,4.4508815730152e-05
1276,1334,1101,EX_arg__L_e,co-consumed,0.038608070545978
1277,1334,1101,EX_bz_e,co-consumed,1.3059379269832e-05
1278,1334,1101,EX_ca2_e,co-consumed,0.0006793794336395401
1279,1334,1101,EX_cl_e,co-consumed,0.00067937942944234
1280,1334,1101,EX_cobalt2_e,co-consumed,1.305243863054e-05
1281,1334,1101,EX_cu2_e,co-consumed,9.254178989055201e-05
1282,1334,1101,EX_cys__L_e,co-consumed,0.01205676251673251
1283,1334,1101,EX_fe2_e,co-consumed,0.00087650510841338
1284,1334,1101,EX_fe3_e,co-consumed,0.09965199913962736
1285,1334,1101,EX_gly_asn__L_e,co-consumed,0.03146355398006519
1286,1334,1101,EX_glyc_e,provided,0.8585038357276302
1287,1334,1101,EX_h2o_e,received,3.999999949116735
1288,1334,1101,EX_h2s_e,co-consumed,0.020089283009825425
1289,1334,1101,EX_h_e,co-consumed,1.0810525813379293
1290,1334,1101,EX_ile__L_e,co-consumed,0.04058313148740553
1291,1334,1101,EX_k_e,co-consumed,0.025477446536117086
1292,1334,1101,EX_leu__L_e,co-consumed,0.06021490463799532
1293,1334,1101,EX_lys__L_e,provided,0.08222137421269764
1294,1334,1101,EX_mg2_e,co-consumed,0.0011322990512711
1295,1334,1101,EX_mn2_e,co-consumed,9.019235093705599e-05
1296,1334,1101,EX_nh4_e,provided,0.1584479661111053
1297,1334,1101,EX_o2_e,co-consumed,3.9999999947191163
1298,1334,1101,EX_orn_e,co-consumed,0.02841741718383033
1299,1334,1101,EX_pi_e,co-consumed,0.1832505419051775
1300,1334,1101,EX_pyovd_kt_e,co-consumed,0.08174269204197179
1301,1334,1101,EX_so4_e,co-consumed,0.000566218747882516
1302,1334,1101,EX_tyr__L_e,co-consumed,0.01802789882693641
1303,1334,1101,EX_zn2_e,co-consumed,4.4508815730152e-05
1304,1334,895,EX_arg__L_e,co-consumed,0.038608070545978
1305,1334,895,EX_ca2_e,co-consumed,0.0006793794336395401
1306,1334,895,EX_cit_e,co-consumed,0.000679406253194092
1307,1334,895,EX_cl_e,co-consumed,0.00067937942944234
1308,1334,895,EX_cobalt2_e,co-consumed,1.305243863054e-05
1309,1334,895,EX_cu2_e,co-consumed,9.254178989055201e-05
1310,1334,895,EX_fe2_e,received,0.00087650510841338
1311,1334,895,EX_fe3_e,co-consumed,0.2542119424440433
1312,1334,895,EX_fe3pyovd_kt_e,provided,0.0817426920174022
1313,1334,895,EX_fum_e,co-consumed,1.8117422824553342
1314,1334,895,EX_glu__L_e,co-consumed,3.9999999565968136
1315,1334,895,EX_gly_asn__L_e,co-consumed,0.03146355398006519
1316,1334,895,EX_glyclt_e,received,0.00010550902588041601
1317,1334,895,EX_h2o_e,received,1.630954304756127
1318,1334,895,EX_h2s_e,co-consumed,0.020089283009825425
1319,1334,895,EX_h_e,received,1.0810525813379293
1320,1334,895,EX_istfrnA_e,provided,0.08574002981856824
1321,1334,895,EX_istfrnB_e,provided,0.08571011538412993
1322,1334,895,EX_k_e,co-consumed,0.025477446536117086
1323,1334,895,EX_lys__L_e,provided,0.05408952397600663
1324,1334,895,EX_mal__L_e,co-consumed,2.2245894957855357
1325,1334,895,EX_mg2_e,co-consumed,0.0011322990512711
1326,1334,895,EX_mn2_e,co-consumed,9.019235093705599e-05
1327,1334,895,EX_o2_e,co-consumed,3.9999999806049624
1328,1334,895,EX_orn_e,co-consumed,0.02841741718383033
1329,1334,895,EX_pi_e,co-consumed,0.15194507879906127
1330,1334,895,EX_pyovd_kt_e,received,0.08174269204197179
1331,1334,895,EX_so4_e,co-consumed,0.000566218747882516
1332,1334,895,EX_stfrnA_e,received,0.08574002981856813
1333,1334,895,EX_stfrnB_e,received,0.08571011538482924
1334,1334,895,EX_zn2_e,co-consumed,4.4508815730152e-05
1335,1334,1174,EX_arg__L_e,co-consumed,0.038608070545978
1336,1334,1174,EX_ca2_e,co-consumed,0.0006793794336395401
1337,1334,1174,EX_cl_e,co-consumed,0.00067937942944234
1338,1334,1174,EX_cobalt2_e,co-consumed,1.305243863054e-05
1339,1334,1174,EX_cu2_e,co-consumed,9.254178989055201e-05
1340,1334,1174,EX_fe2_e,co-consumed,0.00087650510841338
1341,1334,1174,EX_fe3_e,co-consumed,0.252709713225035
1342,1334,1174,EX_gly_asn__L_e,co-consumed,0.03146355398006519
1343,1334,1174,EX_glyc_e,provided,0.36072456643691775
1344,1334,1174,EX_h2o_e,received,3.999999949116735
1345,1334,1174,EX_h2s_e,co-consumed,0.020089283009825425
1346,1334,1174,EX_h_e,co-consumed,1.0810525813379293
1347,1334,1174,EX_ile__L_e,co-consumed,0.04058313148740553
1348,1334,1174,EX_k_e,co-consumed,0.025477446536117086
1349,1334,1174,EX_lys__L_e,provided,0.06503486075269914
1350,1334,1174,EX_malt_e,co-consumed,0.0701186252482854
1351,1334,1174,EX_mg2_e,co-consumed,0.0011322990512711
1352,1334,1174,EX_mn2_e,co-consumed,9.019235093705599e-05
1353,1334,1174,EX_nh4_e,provided,0.3070393874160899
1354,1334,1174,EX_o2_e,co-consumed,3.9999999947191163
1355,1334,1174,EX_orn_e,received,0.02841741718383033
1356,1334,1174,EX_pi_e,co-consumed,0.18053216455657164
1357,1334,1174,EX_pyovd_kt_e,co-consumed,0.08157835839235565
1358,1334,1174,EX_ser__L_e,co-consumed,0.10350235365771697
1359,1334,1174,EX_so4_e,co-consumed,0.000566218747882516
1360,1334,1174,EX_stfrnA_e,co-consumed,0.0855760688585592
1361,1334,1174,EX_stfrnB_e,co-consumed,0.08555523452901823
1362,1334,1174,EX_zn2_e,co-consumed,4.4508815730152e-05
1363,1334,638,EX_arg__L_e,co-consumed,0.038608070545978
1364,1334,638,EX_ca2_e,co-consumed,0.0006793794336395401
1365,1334,638,EX_cl_e,co-consumed,0.00067937942944234
1366,1334,638,EX_cobalt2_e,co-consumed,1.305243863054e-05
1367,1334,638,EX_cu2_e,co-consumed,9.254178989055201e-05
1368,1334,638,EX_cys__L_e,co-consumed,0.01205676251673251
1369,1334,638,EX_fe2_e,co-consumed,0.00087650510841338
1370,1334,638,EX_fe3_e,co-consumed,0.2542119424440433
1371,1334,638,EX_h2o_e,received,3.999999949116735
1372,1334,638,EX_h2s_e,received,0.020089283009825425
1373,1334,638,EX_h_e,co-consumed,1.0810525813379293
1374,1334,638,EX_ile__L_e,co-consumed,0.04058313148740553
1375,1334,638,EX_k_e,co-consumed,0.025477446536117086
1376,1334,638,EX_lys__L_e,provided,0.154051264809716
1377,1334,638,EX_mal__L_e,co-consumed,3.99999988952243
1378,1334,638,EX_malt_e,co-consumed,0.15360650768892167
1379,1334,638,EX_mg2_e,co-consumed,0.0011322990512711
1380,1334,638,EX_mn2_e,co-consumed,9.019235093705599e-05
1381,1334,638,EX_nh4_e,provided,0.5506591393670807
1382,1334,638,EX_o2_e,co-consumed,3.9999999947191163
1383,1334,638,EX_orn_e,received,0.02841741718383033
1384,1334,638,EX_pi_e,co-consumed,0.1832505419051775
1385,1334,638,EX_pyovd_kt_e,co-consumed,0.08174269204197179
1386,1334,638,EX_ser__L_e,co-consumed,0.2205969746734422
1387,1334,638,EX_so4_e,co-consumed,0.000566218747882516
1388,1334,638,EX_stfrnA_e,co-consumed,0.08574002981856813
1389,1334,638,EX_stfrnB_e,co-consumed,0.08571011538482924
1390,1334,638,EX_tyr__L_e,co-consumed,0.01802789882693641
1391,1334,638,EX_zn2_e,co-consumed,4.4508815730152e-05
1392,1334,1252,EX_arg__L_e,co-consumed,0.038608070545978
1393,1334,1252,EX_ca2_e,co-consumed,0.0006793794336395401
1394,1334,1252,EX_cit_e,co-consumed,0.000679406253194092
1395,1334,1252,EX_cl_e,co-consumed,0.00067937942944234
1396,1334,1252,EX_cobalt2_e,co-consumed,1.305243863054e-05
1397,1334,1252,EX_cu2_e,co-consumed,9.254178989055201e-05
1398,1334,1252,EX_fe3_e,co-consumed,0.10010262645074329
1399,1334,1252,EX_glu__L_e,co-consumed,1.156763161269979
1400,1334,1252,EX_gly_asn__L_e,co-consumed,0.03146355398006519
1401,1334,1252,EX_glyc_e,provided,2.5718014938363035e-06
1402,1334,1252,EX_gthrd_e,co-consumed,3.1177770936651037e-06
1403,1334,1252,EX_h2o_e,received,1.6854540583242033
1404,1334,1252,EX_h2s_e,co-consumed,0.020089283009825425
1405,1334,1252,EX_h_e,co-consumed,1.0810525813379293
1406,1334,1252,EX_ile__L_e,co-consumed,0.04058313148740553
1407,1334,1252,EX_k_e,co-consumed,0.025477446536117086
1408,1334,1252,EX_lys__L_e,provided,0.05752308177107786
1409,1334,1252,EX_mg2_e,co-consumed,0.0011322990512711
1410,1334,1252,EX_mn2_e,co-consumed,9.019235093705599e-05
1411,1334,1252,EX_o2_e,co-consumed,3.9999999947191163
1412,1334,1252,EX_orn_e,co-consumed,0.02841741718383033
1413,1334,1252,EX_pi_e,co-consumed,0.16625355329077693
1414,1334,1252,EX_pyovd_kt_e,co-consumed,0.08174269204197179
1415,1334,1252,EX_so4_e,co-consumed,0.000566218747882516
1416,1334,1252,EX_tyr__L_e,co-consumed,0.01802789882693641
1417,1334,1252,EX_zn2_e,co-consumed,4.4508815730152e-05
1418,397,1208,EX_arg__L_e,co-consumed,0.010515392853133068
1419,397,1208,EX_asn__L_e,co-consumed,0.008569462400046269
1420,397,1208,EX_ca2_e,co-consumed,0.000185037459311756
1421,397,1208,EX_cit_e,co-consumed,0.5061314848144136
1422,397,1208,EX_cl_e,co-consumed,0.00018503746083356002
1423,397,1208,EX_cobalt2_e,co-consumed,3.554994415211502e-06
1424,397,1208,EX_cu2_e,co-consumed,2.5204910403848e-05
1425,397,1208,EX_cys__L_e,co-consumed,0.0032636170591681004
1426,397,1208,EX_fe2_e,co-consumed,0.00023873883590635602
1427,397,1208,EX_fe3_e,co-consumed,0.2529801586337414
1428,397,1208,EX_glyc_e,received,0.18638663939230632
1429,397,1208,EX_glygln_e,co-consumed,0.05348671039292357
1430,397,1208,EX_h2o_e,provided,0.44188172090410993
1431,397,1208,EX_h2s_e,provided,0.00547056092920584
1432,397,1208,EX_h_e,received,3.024212848729982
1433,397,1208,EX_ile__L_e,co-consumed,0.011053439265323308
1434,397,1208,EX_k_e,co-consumed,0.006939100248883789
1435,397,1208,EX_lys__L_e,co-consumed,0.012199306937354772
1436,397,1208,EX_malt_e,co-consumed,0.015817809174526198
1437,397,1208,EX_mg2_e,co-consumed,0.000308395771808992
1438,397,1208,EX_mn2_e,co-consumed,2.4565011409108002e-05
1439,397,1208,EX_nh4_e,received,0.4893943352087682
1440,397,1208,EX_o2_e,co-consumed,3.9999999827833617
1441,397,1208,EX_orn_e,received,0.05172166304865404
1442,397,1208,EX_pi_e,co-consumed,0.04983466476348048
1443,397,1208,EX_pyovd_kt_e,co-consumed,0.08157885504853672
1444,397,1208,EX_so4_e,co-consumed,0.00015421954251966
1445,397,1208,EX_stfrnA_e,co-consumed,0.08557217889577441
1446,397,1208,EX_stfrnB_e,co-consumed,0.08555159790369211
1447,397,1208,EX_tyr__L_e,co-consumed,0.004910088625336588
1448,397,1208,EX_zn2_e,co-consumed,1.2122530955867999e-05
1449,397,1334,EX_arg__L_e,co-consumed,0.038608070545978
1450,397,1334,EX_bz_e,co-consumed,1.3059379269832e-05
1451,397,1334,EX_ca2_e,co-consumed,0.0006793794336395401
1452,397,1334,EX_cit_e,co-consumed,0.000679406253194092
1453,397,1334,EX_cl_e,co-consumed,0.00067937942944234
1454,397,1334,EX_co_e,received,9.345755130370001e-05
1455,397,1334,EX_cobalt2_e,co-consumed,1.305243863054e-05
1456,397,1334,EX_cu2_e,co-consumed,9.254178989055201e-05
1457,397,1334,EX_cys__L_e,co-consumed,0.01205676251673251
1458,397,1334,EX_fe2_e,co-consumed,0.00087650510841338
1459,397,1334,EX_fe3_e,co-consumed,0.2542119424440433
1460,397,1334,EX_glyc_e,received,0.18638663939230632
1461,397,1334,EX_h2o_e,provided,3.999999949116735
1462,397,1334,EX_h2s_e,provided,0.020089283009825425
1463,397,1334,EX_h_e,co-consumed,1.0810525813379293
1464,397,1334,EX_ile__L_e,co-consumed,0.04058313148740553
1465,397,1334,EX_k_e,co-consumed,0.025477446536117086
1466,397,1334,EX_leu__L_e,co-consumed,0.06021490463799532
1467,397,1334,EX_lys__L_e,received,0.0802919326984846
1468,397,1334,EX_malt_e,co-consumed,0.08970263165913173
1469,397,1334,EX_mg2_e,co-consumed,0.0011322990512711
1470,397,1334,EX_mn2_e,co-consumed,9.019235093705599e-05
1471,397,1334,EX_nh4_e,received,0.4893943352087682
1472,397,1334,EX_o2_e,co-consumed,3.9999999947191163
1473,397,1334,EX_orn_e,co-consumed,0.02841741718383033
1474,397,1334,EX_pi_e,co-consumed,0.1832505419051775
1475,397,1334,EX_pyovd_kt_e,co-consumed,0.08168261366841971
1476,397,1334,EX_so4_e,co-consumed,0.000566218747882516
1477,397,1334,EX_stfrnA_e,co-consumed,0.08568619093024499
1478,397,1334,EX_stfrnB_e,co-consumed,0.08566524854270875
1479,397,1334,EX_tyr__L_e,co-consumed,0.01802789882693641
1480,397,1334,EX_zn2_e,co-consumed,4.4508815730152e-05
1481,397,790,EX_arg__L_e,co-consumed,0.0643513465484833
1482,397,790,EX_asn__L_e,co-consumed,0.014519594738247956
1483,397,790,EX_bz_e,co-consumed,2.1815775779456e-05
1484,397,790,EX_ca2_e,co-consumed,0.0011323795243763201
1485,397,790,EX_cl_e,co-consumed,0.001132379475451076
1486,397,790,EX_co_e,co-consumed,8.6963135624944e-05
1487,397,790,EX_cobalt2_e,co-consumed,2.175560948702e-05
1488,397,790,EX_cu2_e,co-consumed,0.000154264017236172
1489,397,790,EX_fe2_e,co-consumed,0.001508712915426732
1490,397,790,EX_fe3_e,co-consumed,0.25474934365794655
1491,397,790,EX_glyc_e,co-consumed,5.115498198920001e-06
1492,397,790,EX_glygln_e,co-consumed,0.2435887689092726
1493,397,790,EX_gua_e,co-consumed,1.4960626605072258e-06
1494,397,790,EX_h2s_e,provided,0.05358084316260509
1495,397,790,EX_h_e,co-consumed,3.999999947550514
1496,397,790,EX_ile__L_e,co-consumed,0.0632063717651916
1497,397,790,EX_indole_e,co-consumed,0.012366520040754805
1498,397,790,EX_k_e,co-consumed,0.042465426826002066
1499,397,790,EX_leu__L_e,co-consumed,0.0980154113658712
1500,397,790,EX_lys__L_e,co-consumed,0.07465664481291695
1501,397,790,EX_malt_e,co-consumed,0.07662155144452865
1502,397,790,EX_mg2_e,co-consumed,0.0018872991181296081
1503,397,790,EX_mn2_e,co-consumed,0.000150331261555316
1504,397,790,EX_nh4_e,received,0.4893943352087682
1505,397,790,EX_o2_e,co-consumed,4.0000000080151406
1506,397,790,EX_orn_e,co-consumed,0.04809132745711527
1507,397,790,EX_pheme_e,co-consumed,4.851410567494e-05
1508,397,790,EX_pi_e,co-consumed,0.20959968283663044
1509,397,790,EX_pyovd_kt_e,co-consumed,0.08168261366841971
1510,397,790,EX_so4_e,co-consumed,0.000943764545232616
1511,397,790,EX_stfrnA_e,co-consumed,0.08568619093024499
1512,397,790,EX_stfrnB_e,co-consumed,0.08566524854270875
1513,397,790,EX_tyr__L_e,received,0.03231674507244956
1514,397,790,EX_zn2_e,co-consumed,7.418662835074e-05
1515,397,947,EX_arg__L_e,co-consumed,0.06920866969908211
1516,397,947,EX_ca2_e,co-consumed,0.001217852818750344
1517,397,947,EX_cit_e,co-consumed,0.001234267179719784
1518,397,947,EX_cl_e,co-consumed,0.001217852822333104
1519,397,947,EX_co_e,co-consumed,9.345755130370001e-05
1520,397,947,EX_cobalt2_e,co-consumed,2.339774867916e-05
1521,397,947,EX_cu2_e,co-consumed,0.000165890038135252
1522,397,947,EX_fe2_e,co-consumed,0.0016230509548978839
1523,397,947,EX_fe3_e,co-consumed,0.25486127206504283
1524,397,947,EX_glyc_e,co-consumed,0.18638663939230632
1525,397,947,EX_glygln_e,co-consumed,0.2435887689092726
1526,397,947,EX_h2s_e,provided,0.036494787671598944
1527,397,947,EX_h_e,co-consumed,3.999999947550514
1528,397,947,EX_indole_e,co-consumed,0.01329998742891936
1529,397,947,EX_k_e,co-consumed,0.045670767579315284
1530,397,947,EX_leu__L_e,received,1.712640020151455e-06
1531,397,947,EX_lys__L_e,co-consumed,0.0802919326984846
1532,397,947,EX_mg2_e,co-consumed,0.002029754698458512
1533,397,947,EX_mn2_e,co-consumed,0.000161678443373004
1534,397,947,EX_nh4_e,co-consumed,0.4893943352087682
1535,397,947,EX_o2_e,co-consumed,4.0000000079260385
1536,397,947,EX_orn_e,received,0.05172166304865404
1537,397,947,EX_pi_e,co-consumed,0.22556046007853384
1538,397,947,EX_ppap_e,provided,1.163680097696468e-06
1539,397,947,EX_pyovd_kt_e,co-consumed,0.08168261366841971
1540,397,947,EX_so4_e,co-consumed,0.001015003960146008
1541,397,947,EX_stfrnA_e,co-consumed,0.08568619093024499
1542,397,947,EX_stfrnB_e,co-consumed,0.08566524854270875
1543,397,947,EX_zn2_e,co-consumed,7.9786322995936e-05
1544,397,997,EX_arg__L_e,co-consumed,0.05929959856276623
1545,397,997,EX_bz_e,co-consumed,2.0096298488695998e-05
1546,397,997,EX_ca2_e,co-consumed,0.0010434847208092
1547,397,997,EX_cl_e,co-consumed,0.00104348472257708
1548,397,997,EX_cobalt2_e,co-consumed,2.0047737191336e-05
1549,397,997,EX_cu2_e,co-consumed,0.000142138456686592
1550,397,997,EX_fe2_e,co-consumed,0.001390731870040848
1551,397,997,EX_fe3_e,co-consumed,0.09940322317984002
1552,397,997,EX_glyc_e,co-consumed,0.027880222580512305
1553,397,997,EX_glygln_e,co-consumed,0.17273684583107904
1554,397,997,EX_gua_e,co-consumed,0.0487618761801338
1555,397,997,EX_h2s_e,provided,0.04932917039706491
1556,397,997,EX_h_e,co-consumed,3.999999947550514
1557,397,997,EX_ile__L_e,co-consumed,0.05824451862096163
1558,397,997,EX_indole_e,co-consumed,0.011395739851250869
1559,397,997,EX_k_e,co-consumed,0.03913177965589056
1560,397,997,EX_leu__L_e,co-consumed,0.09032106403279362
1561,397,997,EX_lys__L_e,co-consumed,0.0687959983179711
1562,397,997,EX_mg2_e,co-consumed,0.001739141201779196
1563,397,997,EX_mn2_e,co-consumed,0.000138529863992152
1564,397,997,EX_nh4_e,received,0.4893943352087682
1565,397,997,EX_o2_e,co-consumed,4.0000000080151406
1566,397,997,EX_orn_e,co-consumed,0.04431628766154045
1567,397,997,EX_pheme_e,co-consumed,4.4700229887944004e-05
1568,397,997,EX_pyovd_kt_e,co-consumed,0.08168261366841971
1569,397,997,EX_so4_e,co-consumed,0.000869810833913784
1570,397,997,EX_tyr__L_e,co-consumed,0.02764506582847024
1571,397,997,EX_zn2_e,co-consumed,6.8362783822464e-05
1572,397,1114,EX_arg__L_e,co-consumed,0.0046357303882063276
1573,397,1114,EX_bz_e,co-consumed,1.5686153384505792e-06
1574,397,1114,EX_ca2_e,co-consumed,8.157368052924399e-05
1575,397,1114,EX_cl_e,co-consumed,8.1573673573936e-05
1576,397,1114,EX_cobalt2_e,co-consumed,1.5672176856355215e-06
1577,397,1114,EX_cu2_e,co-consumed,1.0660673623368001e-05
1578,397,1114,EX_fe2_e,co-consumed,0.000105202132142988
1579,397,1114,EX_fe3_e,co-consumed,0.2526625386113989
1580,397,1114,EX_glyc_e,co-consumed,0.18638663939230632
1581,397,1114,EX_glygln_e,co-consumed,0.042553588203818285
1582,397,1114,EX_h2s_e,provided,0.0038483196513773637
1583,397,1114,EX_h_e,received,0.00112623464957868
1584,397,1114,EX_ile__L_e,co-consumed,0.004872935060638228
1585,397,1114,EX_k_e,co-consumed,0.003059099217122536
1586,397,1114,EX_leu__L_e,co-consumed,0.007230005544080364
1587,397,1114,EX_lys__L_e,co-consumed,0.005534792074785936
1588,397,1114,EX_malt_e,co-consumed,0.08970263165913173
1589,397,1114,EX_mg2_e,co-consumed,0.000135956138154524
1590,397,1114,EX_mn2_e,co-consumed,1.082947420774e-05
1591,397,1114,EX_nh4_e,received,0.04547024196706147
1592,397,1114,EX_o2_e,co-consumed,3.8457435539662432
1593,397,1114,EX_orn_e,co-consumed,0.003464318233193924
1594,397,1114,EX_pyovd_kt_e,co-consumed,0.08153202518695611
1595,397,1114,EX_so4_e,co-consumed,6.7900542683388e-05
1596,397,1114,EX_stfrnA_e,co-consumed,0.08551769571185876
1597,397,1114,EX_stfrnB_e,co-consumed,0.0854905751777392
1598,397,1114,EX_tyr__L_e,co-consumed,0.002161134730962664
1599,397,1114,EX_val__L_e,co-consumed,0.006669552610136128
1600,397,1114,EX_zn2_e,co-consumed,5.344212308016e-06
1601,397,1362,EX_arg__L_e,co-consumed,0.06920866969908211
1602,397,1362,EX_bz_e,received,2.3404863776383998e-05
1603,397,1362,EX_ca2_e,co-consumed,0.001217852818750344
1604,397,1362,EX_cl_e,co-consumed,0.001217852822333104
1605,397,1362,EX_co_e,received,3.962312104651579e-06
1606,397,1362,EX_cobalt2_e,co-consumed,2.339774867916e-05
1607,397,1362,EX_cu2_e,co-consumed,0.000165890038135252
1608,397,1362,EX_fe2_e,co-consumed,0.0016230509548978839
1609,397,1362,EX_fe3_e,co-consumed,0.10109349937422764
1610,397,1362,EX_glyc_e,co-consumed,0.18638663939230632
1611,397,1362,EX_gua_e,co-consumed,0.056909822510723636
1612,397,1362,EX_h_e,co-consumed,3.999999947550514
1613,397,1362,EX_indole_e,received,0.01329998742891936
1614,397,1362,EX_k_e,co-consumed,0.045670767579315284
1615,397,1362,EX_leu__L_e,co-consumed,0.10541401146566946
1616,397,1362,EX_mg2_e,co-consumed,0.002029754698458512
1617,397,1362,EX_mn2_e,co-consumed,0.000161678443373004
1618,397,1362,EX_nh4_e,co-consumed,0.01835854082437485
1619,397,1362,EX_o2_e,co-consumed,4.0000000073171
1620,397,1362,EX_pheme_e,co-consumed,5.217097049218e-05
1621,397,1362,EX_pi_e,co-consumed,0.22556046007853384
1622,397,1362,EX_pyovd_kt_e,co-consumed,0.08168261366841971
1623,397,1362,EX_so4_e,co-consumed,0.001015003960146008
1624,397,1362,EX_zn2_e,co-consumed,7.9786322995936e-05
1625,397,428,EX_arg__L_e,co-consumed,0.06920866969908211
1626,397,428,EX_bz_e,co-consumed,2.3404863776383998e-05
1627,397,428,EX_ca2_e,co-consumed,0.001217852818750344
1628,397,428,EX_cl_e,co-consumed,0.001217852822333104
1629,397,428,EX_co_e,received,9.345755130370001e-05
1630,397,428,EX_cobalt2_e,co-consumed,2.339774867916e-05
1631,397,428,EX_cu2_e,co-consumed,0.000165890038135252
1632,397,428,EX_fe2_e,co-consumed,0.0016230509548978839
1633,397,428,EX_fe3_e,co-consumed,0.25486127206504283
1634,397,428,EX_glyc_e,co-consumed,0.18638663939230632
1635,397,428,EX_glygln_e,co-consumed,0.2435887689092726
1636,397,428,EX_h2s_e,provided,0.04303388535733
1637,397,428,EX_h_e,co-consumed,3.999999947550514
1638,397,428,EX_ile__L_e,co-consumed,0.06797735190551758
1639,397,428,EX_indole_e,co-consumed,0.01329998742891936
1640,397,428,EX_k_e,co-consumed,0.045670767579315284
1641,397,428,EX_lys__L_e,co-consumed,0.0802919326984846
1642,397,428,EX_malt_e,co-consumed,0.08970263165913173
1643,397,428,EX_mg2_e,co-consumed,0.002029754698458512
1644,397,428,EX_mn2_e,co-consumed,0.000161678443373004
1645,397,428,EX_nh4_e,co-consumed,0.4893943352087682
1646,397,428,EX_o2_e,co-consumed,4.0000000080151406
1647,397,428,EX_pheme_e,co-consumed,5.217097049218e-05
1648,397,428,EX_pi_e,co-consumed,0.22556046007853384
1649,397,428,EX_pyovd_kt_e,co-consumed,0.08168261366841971
1650,397,428,EX_so4_e,co-consumed,0.001015003960146008
1651,397,428,EX_stfrnA_e,co-consumed,0.08568619093024499
1652,397,428,EX_stfrnB_e,co-consumed,0.08566524854270875
1653,397,428,EX_tyr__L_e,co-consumed,0.03231674507244956
1654,397,428,EX_zn2_e,co-consumed,7.9786322995936e-05
1655,397,796,EX_arg__L_e,co-consumed,0.06294170452915404
1656,397,796,EX_ca2_e,co-consumed,0.001107574281398108
1657,397,796,EX_cl_e,co-consumed,0.0011075742753872161
1658,397,796,EX_co_e,co-consumed,8.5100383024136e-05
1659,397,796,EX_cobalt2_e,co-consumed,2.1279044663959997e-05
1660,397,796,EX_cu2_e,co-consumed,0.000150868424905576
1661,397,796,EX_cys__L_e,co-consumed,0.09453190079440084
1662,397,796,EX_fe2_e,co-consumed,0.0014762008737501159
1663,397,796,EX_fe3_e,co-consumed,0.2544726661743336
1664,397,796,EX_glyc_e,co-consumed,0.18638663939230632
1665,397,796,EX_glygln_e,co-consumed,0.2435887689092726
1666,397,796,EX_h_e,co-consumed,3.9999999187499555
1667,397,796,EX_ile__L_e,co-consumed,0.06182178988472924
1668,397,796,EX_indole_e,co-consumed,0.012095646042858097
1669,397,796,EX_k_e,co-consumed,0.041535205650924285
1670,397,796,EX_lys__L_e,co-consumed,0.07302137681343995
1671,397,796,EX_mg2_e,co-consumed,0.001845957120454128
1672,397,796,EX_mn2_e,co-consumed,0.000147038197718252
1673,397,796,EX_nh4_e,co-consumed,5.81020049542e-06
1674,397,796,EX_o2_e,co-consumed,4.000000007062814
1675,397,796,EX_orn_e,co-consumed,0.047038335753491874
1676,397,796,EX_pheme_e,co-consumed,4.7443022883936004e-05
1677,397,796,EX_pi_e,co-consumed,0.20513428815441953
1678,397,796,EX_pyovd_kt_e,co-consumed,0.08161142134172414
1679,397,796,EX_so4_e,co-consumed,0.001015003960146008
1680,397,796,EX_stfrnA_e,co-consumed,0.08560896902501572
1681,397,796,EX_stfrnB_e,co-consumed,0.08559065192532496
1682,397,796,EX_zn2_e,co-consumed,7.256154230407201e-05
1683,397,1350,EX_arg__L_e,co-consumed,0.04480527367546154
1684,397,1350,EX_ca2_e,co-consumed,0.000388408448178276
1685,397,1350,EX_cit_e,co-consumed,0.00038843042398383203
1686,397,1350,EX_cl_e,co-consumed,0.000388413463840176
1687,397,1350,EX_cobalt2_e,co-consumed,7.46231436586e-06
1688,397,1350,EX_cu2_e,co-consumed,5.290780885396e-05
1689,397,1350,EX_fe3_e,co-consumed,0.2539856748570928
1690,397,1350,EX_glyc_e,received,0.18638663939230632
1691,397,1350,EX_glygln_e,co-consumed,0.1284790199539067
1692,397,1350,EX_gua_e,received,0.00195256487725718
1693,397,1350,EX_h2s_e,provided,0.018360240954817714
1694,397,1350,EX_h_e,co-consumed,0.17888914915507573
1695,397,1350,EX_ile__L_e,co-consumed,0.016327387249486534
1696,397,1350,EX_k_e,co-consumed,0.01456591528015751
1697,397,1350,EX_lys__L_e,co-consumed,0.02635395491518484
1698,397,1350,EX_malt_e,co-consumed,0.024316272548759867
1699,397,1350,EX_mg2_e,co-consumed,0.000647355765087112
1700,397,1350,EX_mn2_e,co-consumed,5.1564593668596e-05
1701,397,1350,EX_nh4_e,received,0.10453527812462682
1702,397,1350,EX_o2_e,co-consumed,4.000000001268809
1703,397,1350,EX_orn_e,received,0.006236717596360448
1704,397,1350,EX_pi_e,co-consumed,0.11485945952391907
1705,397,1350,EX_pyovd_kt_e,co-consumed,0.08164225635842604
1706,397,1350,EX_so4_e,co-consumed,0.000323716092813068
1707,397,1350,EX_stfrnA_e,co-consumed,0.08564058922336161
1708,397,1350,EX_stfrnB_e,co-consumed,0.08561906502578104
1709,397,1350,EX_tyr__L_e,co-consumed,0.010290447363563479
1710,397,1350,EX_zn2_e,co-consumed,2.5446491987588002e-05
1711,397,262,EX_arg__L_e,co-consumed,0.06920866969908211
1712,397,262,EX_bz_e,co-consumed,2.3404863776383998e-05
1713,397,262,EX_ca2_e,co-consumed,0.001217852818750344
1714,397,262,EX_cl_e,co-consumed,0.001217852822333104
1715,397,262,EX_cobalt2_e,co-consumed,2.339774867916e-05
1716,397,262,EX_cu2_e,co-consumed,0.000165890038135252
1717,397,262,EX_fe2_e,co-consumed,0.0016230509548978839
1718,397,262,EX_fe3_e,co-consumed,0.09825562569376221
1719,397,262,EX_glyc_e,received,0.03544539127576483
1720,397,262,EX_gua_e,co-consumed,0.056909822510723636
1721,397,262,EX_h2o_e,provided,3.9999997466492805
1722,397,262,EX_h2s_e,provided,0.07291709950822621
1723,397,262,EX_h_e,co-consumed,3.9999999358706617
1724,397,262,EX_ile__L_e,co-consumed,0.06797735190551758
1725,397,262,EX_indole_e,co-consumed,0.01329998742891936
1726,397,262,EX_k_e,co-consumed,0.045670767579315284
1727,397,262,EX_lys__L_e,co-consumed,0.0802919326984846
1728,397,262,EX_mg2_e,co-consumed,0.002029754698458512
1729,397,262,EX_mn2_e,co-consumed,0.000161678443373004
1730,397,262,EX_nh4_e,co-consumed,0.4893943352087682
1731,397,262,EX_o2_e,co-consumed,4.000000005716123
1732,397,262,EX_orn_e,received,0.05172166304865404
1733,397,262,EX_pi_e,co-consumed,0.22556046007853384
1734,397,262,EX_pyovd_kt_e,co-consumed,0.08168261366841971
1735,397,262,EX_so4_e,co-consumed,0.001015003960146008
1736,397,262,EX_tyr__L_e,co-consumed,0.03231674507244956
1737,397,262,EX_zn2_e,co-consumed,7.9786322995936e-05
1738,397,978,EX_arg__L_e,co-consumed,0.03493271998263871
1739,397,978,EX_asn__L_e,co-consumed,0.014519594738247956
1740,397,978,EX_bz_e,co-consumed,1.178109358972e-05
1741,397,978,EX_ca2_e,co-consumed,0.000614705407725804
1742,397,978,EX_cl_e,co-consumed,0.000614705397849888
1743,397,978,EX_co_e,received,9.345755130370001e-05
1744,397,978,EX_cobalt2_e,co-consumed,1.1809901884912e-05
1745,397,978,EX_cu2_e,co-consumed,8.373220436403201e-05
1746,397,978,EX_fe2_e,co-consumed,0.0007928112618444481
1747,397,978,EX_fe3_e,co-consumed,0.25421123036778265
1748,397,978,EX_glyc_e,co-consumed,0.18638663939230632
1749,397,978,EX_glygln_e,co-consumed,0.16531970933720153
1750,397,978,EX_h2o_e,provided,3.999999718465075
1751,397,978,EX_h2s_e,provided,0.029059921706837077
1752,397,978,EX_h_e,co-consumed,3.999999719834292
1753,397,978,EX_ile__L_e,co-consumed,0.03672040273140531
1754,397,978,EX_k_e,co-consumed,0.02305210178621846
1755,397,978,EX_lys__L_e,co-consumed,0.04170792875179372
1756,397,978,EX_mg2_e,co-consumed,0.00102450898582638
1757,397,978,EX_mn2_e,co-consumed,8.1606422024748e-05
1758,397,978,EX_nh4_e,co-consumed,0.15221570128204553
1759,397,978,EX_o2_e,co-consumed,3.999999987126816
1760,397,978,EX_orn_e,co-consumed,0.02610624975975622
1761,397,978,EX_pi_e,co-consumed,0.16582010592256907
1762,397,978,EX_pyovd_kt_e,co-consumed,0.08168261366841971
1763,397,978,EX_so4_e,co-consumed,0.000512315308719196
1764,397,978,EX_stfrnA_e,co-consumed,0.08568619093024499
1765,397,978,EX_stfrnB_e,co-consumed,0.08566524854270875
1766,397,978,EX_zn2_e,co-consumed,4.0266750851668e-05
1767,397,1338,EX_arg__L_e,co-consumed,0.06920866969908211
1768,397,1338,EX_bz_e,co-consumed,2.3404863776383998e-05
1769,397,1338,EX_ca2_e,co-consumed,0.001217852818750344
1770,397,1338,EX_cl_e,co-consumed,0.001217852822333104
1771,397,1338,EX_co_e,co-consumed,9.345755130370001e-05
1772,397,1338,EX_cobalt2_e,co-consumed,2.339774867916e-05
1773,397,1338,EX_cu2_e,co-consumed,0.000165890038135252
1774,397,1338,EX_fe2_e,co-consumed,0.0016230509548978839
1775,397,1338,EX_fe3_e,co-consumed,0.10098779478597139
1776,397,1338,EX_glyc_e,co-consumed,0.18638663939230632
1777,397,1338,EX_gua_e,co-consumed,0.056909822510723636
1778,397,1338,EX_h2s_e,provided,0.07291709950822621
1779,397,1338,EX_h_e,co-consumed,3.99999984176356
1780,397,1338,EX_ile__L_e,co-consumed,0.06797735190551758
1781,397,1338,EX_indole_e,co-consumed,0.01329998742891936
1782,397,1338,EX_k_e,co-consumed,0.045670767579315284
1783,397,1338,EX_lys__L_e,co-consumed,0.0802919326984846
1784,397,1338,EX_mg2_e,co-consumed,0.002029754698458512
1785,397,1338,EX_mn2_e,co-consumed,0.000161678443373004
1786,397,1338,EX_nh4_e,received,0.4893943352087682
1787,397,1338,EX_o2_e,co-consumed,4.0000000080151406
1788,397,1338,EX_orn_e,co-consumed,0.05172166304865404
1789,397,1338,EX_pheme_e,co-consumed,5.217097049218e-05
1790,397,1338,EX_pi_e,co-consumed,0.22556046007853384
1791,397,1338,EX_pyovd_kt_e,co-consumed,0.08168261366841971
1792,397,1338,EX_so4_e,co-consumed,0.001015003960146008
1793,397,1338,EX_tyr__L_e,co-consumed,0.03231674507244956
1794,397,1338,EX_zn2_e,co-consumed,7.9786322995936e-05
1795,397,1357,EX_arg__L_e,co-consumed,0.06920866969908211
1796,397,1357,EX_bz_e,co-consumed,2.3404863776383998e-05
1797,397,1357,EX_ca2_e,co-consumed,0.001217852818750344
1798,397,1357,EX_cl_e,co-consumed,0.001217852822333104
1799,397,1357,EX_co_e,received,9.345755130370001e-05
1800,397,1357,EX_cobalt2_e,co-consumed,2.339774867916e-05
1801,397,1357,EX_cu2_e,co-consumed,0.000165890038135252
1802,397,1357,EX_fe2_e,co-consumed,0.0016230509548978839
1803,397,1357,EX_fe3_e,co-consumed,0.09943419479300797
1804,397,1357,EX_glyc_e,co-consumed,0.18638663939230632
1805,397,1357,EX_glygln_e,co-consumed,0.17397824572201334
1806,397,1357,EX_h2s_e,provided,0.061693457951051085
1807,397,1357,EX_h_e,co-consumed,3.999999947550514
1808,397,1357,EX_ile__L_e,co-consumed,0.06797735190551758
1809,397,1357,EX_indole_e,co-consumed,0.01329998742891936
1810,397,1357,EX_k_e,co-consumed,0.045670767579315284
1811,397,1357,EX_leu__L_e,co-consumed,0.10541401146566946
1812,397,1357,EX_lys__L_e,co-consumed,0.0802919326984846
1813,397,1357,EX_mg2_e,co-consumed,0.002029754698458512
1814,397,1357,EX_mn2_e,co-consumed,0.000161678443373004
1815,397,1357,EX_nh4_e,received,0.4893943352087682
1816,397,1357,EX_o2_e,co-consumed,4.0000000080151406
1817,397,1357,EX_orn_e,co-consumed,0.05172166304865404
1818,397,1357,EX_pheme_e,co-consumed,5.217097049218e-05
1819,397,1357,EX_pi_e,co-consumed,0.22556046007853384
1820,397,1357,EX_pyovd_kt_e,co-consumed,0.08168261366841971
1821,397,1357,EX_so4_e,co-consumed,0.001015003960146008
1822,397,1357,EX_tyr__L_e,co-consumed,0.03231674507244956
1823,397,1357,EX_zn2_e,co-consumed,7.9786322995936e-05
1824,397,2751,EX_cys__L_e,received,0.09453190079440084
1825,397,2751,EX_fe3_e,co-consumed,0.25214261553782036
1826,397,2751,EX_glyc_e,co-consumed,0.18638663939230632
1827,397,2751,EX_h2s_e,provided,0.07291709950822621
1828,397,2751,EX_h_e,received,3.999999947550514
1829,397,2751,EX_malt_e,co-consumed,0.08970263165913173
1830,397,2751,EX_nh4_e,co-consumed,0.4893943352087682
1831,397,2751,EX_o2_e,co-consumed,3.999999925117265
1832,397,2751,EX_pyovd_kt_e,co-consumed,0.08140781945174283
1833,397,2751,EX_stfrnA_e,co-consumed,0.0853751819941325
1834,397,2751,EX_stfrnB_e,co-consumed,0.08535991256867606
1835,397,709,EX_arg__L_e,received,0.06920866969908211
1836,397,709,EX_co2_e,provided,3.9999992468984384
1837,397,709,EX_co_e,received,9.345755130370001e-05
1838,397,709,EX_fe2_e,co-consumed,0.001004880035867944
1839,397,709,EX_fe3_e,co-consumed,0.25283877006317557
1840,397,709,EX_glyc_e,received,0.18638663939230632
1841,397,709,EX_h2s_e,provided,0.036008770359333114
1842,397,709,EX_h_e,co-consumed,3.9999997443327784
1843,397,709,EX_met__D_e,received,0.0360089613235836
1844,397,709,EX_nh4_e,co-consumed,1.2529140989344e-05
1845,397,709,EX_o2_e,co-consumed,3.9999999885236144
1846,397,709,EX_orn_e,co-consumed,0.05172166304865404
1847,397,709,EX_pheme_e,received,5.217097049218e-05
1848,397,709,EX_pi_e,received,1.2724910709637248e-06
1849,397,709,EX_pyovd_kt_e,co-consumed,0.08162271012892948
1850,397,709,EX_stfrnA_e,co-consumed,0.08561876966794828
1851,397,709,EX_stfrnB_e,co-consumed,0.08559728795379533
1852,397,1080,EX_arg__L_e,co-consumed,0.06920866969908211
1853,397,1080,EX_bz_e,co-consumed,2.3404863776383998e-05
1854,397,1080,EX_ca2_e,co-consumed,0.001217852818750344
1855,397,1080,EX_cl_e,co-consumed,0.001217852822333104
1856,397,1080,EX_co_e,received,9.345755130370001e-05
1857,397,1080,EX_cobalt2_e,co-consumed,2.339774867916e-05
1858,397,1080,EX_cu2_e,co-consumed,0.000165890038135252
1859,397,1080,EX_cys__L_e,co-consumed,0.030262793695731618
1860,397,1080,EX_fe2_e,co-consumed,0.0016230509548978839
1861,397,1080,EX_fe3_e,co-consumed,0.25486127206504283
1862,397,1080,EX_glyc_e,received,0.18638663939230632
1863,397,1080,EX_glygln_e,co-consumed,0.2435887689092726
1864,397,1080,EX_h2s_e,provided,0.05085931955435928
1865,397,1080,EX_h_e,co-consumed,3.99999994148562
1866,397,1080,EX_ile__L_e,co-consumed,0.06797735190551758
1867,397,1080,EX_indole_e,co-consumed,0.01329998742891936
1868,397,1080,EX_k_e,co-consumed,0.045670767579315284
1869,397,1080,EX_leu__L_e,co-consumed,0.10541401146566946
1870,397,1080,EX_malt_e,co-consumed,0.08970263165913173
1871,397,1080,EX_mg2_e,co-consumed,0.002029754698458512
1872,397,1080,EX_mn2_e,co-consumed,0.000161678443373004
1873,397,1080,EX_nh4_e,received,0.4893943352087682
1874,397,1080,EX_o2_e,co-consumed,4.0000000080151406
1875,397,1080,EX_pheme_e,co-consumed,5.217097049218e-05
1876,397,1080,EX_pi_e,co-consumed,0.22556046007853384
1877,397,1080,EX_pyovd_kt_e,co-consumed,0.08162460805035757
1878,397,1080,EX_so4_e,co-consumed,0.001015003960146008
1879,397,1080,EX_stfrnA_e,co-consumed,0.08562607366209049
1880,397,1080,EX_stfrnB_e,co-consumed,0.08560076402816279
1881,397,1080,EX_tyr__L_e,co-consumed,0.03231674507244956
1882,397,1080,EX_val__L_e,co-consumed,0.09914428540010288
1883,397,1080,EX_zn2_e,co-consumed,7.9786322995936e-05
1884,397,1234,EX_arg__L_e,co-consumed,0.06920866969908211
1885,397,1234,EX_bz_e,co-consumed,2.3404863776383998e-05
1886,397,1234,EX_ca2_e,co-consumed,0.001217852818750344
1887,397,1234,EX_cit_e,co-consumed,0.13104902428488074
1888,397,1234,EX_cl_e,co-consumed,0.001217852822333104
1889,397,1234,EX_co_e,received,9.345755130370001e-05
1890,397,1234,EX_cobalt2_e,co-consumed,2.339774867916e-05
1891,397,1234,EX_cu2_e,co-consumed,0.000165890038135252
1892,397,1234,EX_cys__L_e,co-consumed,0.05497672798246232
1893,397,1234,EX_fe2_e,co-consumed,0.0016230509548978839
1894,397,1234,EX_fe3_e,co-consumed,0.1012688559048006
1895,397,1234,EX_glyc_e,co-consumed,0.18638663939230632
1896,397,1234,EX_glygln_e,co-consumed,0.2435887689092726
1897,397,1234,EX_h2o_e,provided,0.657708615030396
1898,397,1234,EX_h2s_e,provided,0.07291709950822621
1899,397,1234,EX_h_e,co-consumed,3.999999947550514
1900,397,1234,EX_ile__L_e,co-consumed,0.06797735190551758
1901,397,1234,EX_indole_e,co-consumed,0.01329998742891936
1902,397,1234,EX_k_e,co-consumed,0.045670767579315284
1903,397,1234,EX_leu__L_e,received,0.10541401146566946
1904,397,1234,EX_lys__L_e,co-consumed,0.0802919326984846
1905,397,1234,EX_malt_e,co-consumed,0.08970263165913173
1906,397,1234,EX_mg2_e,co-consumed,0.002029754698458512
1907,397,1234,EX_mn2_e,co-consumed,0.000161678443373004
1908,397,1234,EX_nh4_e,co-consumed,0.4893943352087682
1909,397,1234,EX_o2_e,co-consumed,4.0000000080151406
1910,397,1234,EX_orn_e,co-consumed,0.05172166304865404
1911,397,1234,EX_pheme_e,co-consumed,5.217097049218e-05
1912,397,1234,EX_pi_e,co-consumed,0.22556046007853384
1913,397,1234,EX_pyovd_kt_e,co-consumed,0.08168261366841971
1914,397,1234,EX_so4_e,co-consumed,0.001015003960146008
1915,397,1234,EX_tyr__L_e,co-consumed,0.03231674507244956
1916,397,1234,EX_zn2_e,co-consumed,7.9786322995936e-05
1917,397,459,EX_arg__L_e,co-consumed,0.06920866969908211
1918,397,459,EX_bz_e,co-consumed,2.3404863776383998e-05
1919,397,459,EX_ca2_e,co-consumed,0.001217852818750344
1920,397,459,EX_cl_e,co-consumed,0.001217852822333104
1921,397,459,EX_co_e,co-consumed,1.7996924166142676e-06
1922,397,459,EX_cobalt2_e,co-consumed,2.339774867916e-05
1923,397,459,EX_cu2_e,co-consumed,0.000165890038135252
1924,397,459,EX_fe2_e,co-consumed,0.0016230509548978839
1925,397,459,EX_fe3_e,co-consumed,0.09975758485025954
1926,397,459,EX_glyc_e,co-consumed,0.18638663939230632
1927,397,459,EX_glygln_e,co-consumed,0.2435887689092726
1928,397,459,EX_gua_e,received,0.029323899499775583
1929,397,459,EX_h2s_e,provided,0.06265178161169169
1930,397,459,EX_h_e,co-consumed,3.999999947550514
1931,397,459,EX_ile__L_e,co-consumed,0.06797735190551758
1932,397,459,EX_indole_e,co-consumed,0.01329998742891936
1933,397,459,EX_k_e,co-consumed,0.045670767579315284
1934,397,459,EX_lys__L_e,co-consumed,0.05673698394769787
1935,397,459,EX_mg2_e,co-consumed,0.002029754698458512
1936,397,459,EX_mn2_e,co-consumed,0.000161678443373004
1937,397,459,EX_nh4_e,co-consumed,0.39438734493157057
1938,397,459,EX_o2_e,co-consumed,4.0000000080151406
1939,397,459,EX_orn_e,co-consumed,1.308345766382397e-06
1940,397,459,EX_pheme_e,co-consumed,5.217097049218e-05
1941,397,459,EX_pi_e,co-consumed,0.22556046007853384
1942,397,459,EX_pyovd_kt_e,co-consumed,0.08168261366841971
1943,397,459,EX_so4_e,co-consumed,0.001015003960146008
1944,397,459,EX_tyr__L_e,co-consumed,0.03231674507244956
1945,397,459,EX_zn2_e,co-consumed,7.9786322995936e-05
1946,397,939,EX_arg__L_e,co-consumed,0.06920866969908211
1947,397,939,EX_bz_e,co-consumed,2.3404863776383998e-05
1948,397,939,EX_ca2_e,co-consumed,0.001217852818750344
1949,397,939,EX_cit_e,co-consumed,1.4778527111875477
1950,397,939,EX_cl_e,co-consumed,0.001217852822333104
1951,397,939,EX_co2_e,provided,3.9999931267347986
1952,397,939,EX_co_e,received,9.345755130370001e-05
1953,397,939,EX_cobalt2_e,co-consumed,2.339774867916e-05
1954,397,939,EX_cu2_e,co-consumed,0.000165890038135252
1955,397,939,EX_cys__L_e,co-consumed,0.03062764767200241
1956,397,939,EX_fe2_e,co-consumed,0.0016230509548978839
1957,397,939,EX_fe3_e,co-consumed,0.25486127206504283
1958,397,939,EX_glyc_e,received,0.024997015534810717
1959,397,939,EX_glygln_e,co-consumed,0.2435887689092726
1960,397,939,EX_gua_e,received,0.056909822510723636
1961,397,939,EX_h2s_e,provided,0.051150502675831995
1962,397,939,EX_h_e,co-consumed,3.999999947550514
1963,397,939,EX_ile__L_e,co-consumed,0.06797735190551758
1964,397,939,EX_indole_e,co-consumed,0.01329998742891936
1965,397,939,EX_k_e,co-consumed,0.045670767579315284
1966,397,939,EX_malt_e,co-consumed,0.08970263165913173
1967,397,939,EX_mg2_e,co-consumed,0.002029754698458512
1968,397,939,EX_mn2_e,co-consumed,0.000161678443373004
1969,397,939,EX_nh4_e,received,0.4893943352087682
1970,397,939,EX_o2_e,co-consumed,4.0000000080151406
1971,397,939,EX_pheme_e,co-consumed,5.217097049218e-05
1972,397,939,EX_pi_e,co-consumed,0.21639201496887295
1973,397,939,EX_pyovd_kt_e,co-consumed,0.08168261366841971
1974,397,939,EX_so4_e,co-consumed,0.001015003960146008
1975,397,939,EX_stfrnA_e,co-consumed,0.08568619093024499
1976,397,939,EX_stfrnB_e,co-consumed,0.08566524854270875
1977,397,939,EX_tyr__L_e,co-consumed,0.03231674507244956
1978,397,939,EX_val__L_e,co-consumed,0.09914428540010288
1979,397,939,EX_zn2_e,co-consumed,7.9786322995936e-05
1980,397,1101,EX_arg__L_e,co-consumed,0.06920866969908211
1981,397,1101,EX_bz_e,co-consumed,2.3404863776383998e-05
1982,397,1101,EX_ca2_e,co-consumed,0.001217852818750344
1983,397,1101,EX_cl_e,co-consumed,0.001217852822333104
1984,397,1101,EX_cobalt2_e,co-consumed,2.339774867916e-05
1985,397,1101,EX_cu2_e,co-consumed,0.000165890038135252
1986,397,1101,EX_cys__L_e,co-consumed,0.02246962345297405
1987,397,1101,EX_fe2_e,co-consumed,0.0016230509548978839
1988,397,1101,EX_fe3_e,co-consumed,0.09965199913962736
1989,397,1101,EX_glyc_e,co-consumed,0.18638663939230632
1990,397,1101,EX_glygln_e,co-consumed,0.2435887689092726
1991,397,1101,EX_gua_e,co-consumed,0.013918972514455676
1992,397,1101,EX_h2s_e,provided,0.03687654426009199
1993,397,1101,EX_h_e,co-consumed,3.999999947550514
1994,397,1101,EX_ile__L_e,co-consumed,0.06797735190551758
1995,397,1101,EX_indole_e,co-consumed,0.01329998742891936
1996,397,1101,EX_k_e,co-consumed,0.045670767579315284
1997,397,1101,EX_leu__L_e,co-consumed,0.10541401146566946
1998,397,1101,EX_lys__L_e,co-consumed,0.0802919326984846
1999,397,1101,EX_mg2_e,co-consumed,0.002029754698458512
2000,397,1101,EX_mn2_e,co-consumed,0.000161678443373004
2001,397,1101,EX_nh4_e,co-consumed,0.1584479661111053
2002,397,1101,EX_o2_e,co-consumed,4.0000000080151406
2003,397,1101,EX_orn_e,co-consumed,0.05172166304865404
2004,397,1101,EX_pheme_e,co-consumed,5.217097049218e-05
2005,397,1101,EX_pi_e,co-consumed,0.22556046007853384
2006,397,1101,EX_pyovd_kt_e,co-consumed,0.08168261366841971
2007,397,1101,EX_so4_e,co-consumed,0.001015003960146008
2008,397,1101,EX_tyr__L_e,co-consumed,0.03231674507244956
2009,397,1101,EX_zn2_e,co-consumed,7.9786322995936e-05
2010,397,895,EX_arg__L_e,co-consumed,0.04662316792854972
2011,397,895,EX_ca2_e,co-consumed,0.000820419769612432
2012,397,895,EX_cit_e,co-consumed,1.4778527111875477
2013,397,895,EX_cl_e,co-consumed,0.000820419769612432
2014,397,895,EX_co_e,received,9.345755130370001e-05
2015,397,895,EX_cobalt2_e,co-consumed,1.5762147350859998e-05
2016,397,895,EX_cu2_e,co-consumed,0.00011175362471762
2017,397,895,EX_fe2_e,received,0.0016230509548978839
2018,397,895,EX_fe3_e,co-consumed,0.25486127206504283
2019,397,895,EX_fe3pyovd_kt_e,provided,0.08168260993008997
2020,397,895,EX_glygln_e,co-consumed,0.2435887689092726
2021,397,895,EX_h2s_e,provided,0.03881892788041594
2022,397,895,EX_h_e,received,3.999999947550514
2023,397,895,EX_indole_e,co-consumed,0.008959674706269403
2024,397,895,EX_istfrnA_e,provided,0.08568619093024492
2025,397,895,EX_istfrnB_e,provided,0.0856652458562154
2026,397,895,EX_k_e,co-consumed,0.03076660827857057
2027,397,895,EX_lys__L_e,co-consumed,0.05408952397600663
2028,397,895,EX_mg2_e,co-consumed,0.001367366289552788
2029,397,895,EX_mn2_e,co-consumed,0.00010891643819446402
2030,397,895,EX_nh4_e,received,0.4893943352087682
2031,397,895,EX_o2_e,co-consumed,3.9999999806049624
2032,397,895,EX_orn_e,co-consumed,0.0348428136409918
2033,397,895,EX_pi_e,co-consumed,0.15194507879906127
2034,397,895,EX_pyovd_kt_e,received,0.08168261366841971
2035,397,895,EX_so4_e,co-consumed,0.0006837934442837
2036,397,895,EX_stfrnA_e,received,0.08568619093024499
2037,397,895,EX_stfrnB_e,received,0.08566524854270875
2038,397,895,EX_zn2_e,co-consumed,5.374892246644001e-05
2039,397,1174,EX_arg__L_e,co-consumed,0.05605769184233719
2040,397,1174,EX_ca2_e,co-consumed,0.000986437759824856
2041,397,1174,EX_cl_e,co-consumed,0.00098643776142874
2042,397,1174,EX_cobalt2_e,co-consumed,1.895173409846e-05
2043,397,1174,EX_cu2_e,co-consumed,0.00013436779475808
2044,397,1174,EX_fe2_e,co-consumed,0.0016230509548978839
2045,397,1174,EX_fe3_e,co-consumed,0.252709713225035
2046,397,1174,EX_glyc_e,co-consumed,0.18638663939230632
2047,397,1174,EX_glygln_e,co-consumed,0.2435887689092726
2048,397,1174,EX_h2s_e,provided,0.02916697578508537
2049,397,1174,EX_h_e,co-consumed,3.999999947550514
2050,397,1174,EX_ile__L_e,co-consumed,0.055060282718296175
2051,397,1174,EX_k_e,co-consumed,0.0369924583388076
2052,397,1174,EX_lys__L_e,co-consumed,0.06503486075269914
2053,397,1174,EX_malt_e,co-consumed,0.0701186252482854
2054,397,1174,EX_mg2_e,co-consumed,0.001644062933833644
2055,397,1174,EX_mn2_e,co-consumed,0.00013095648262036002
2056,397,1174,EX_nh4_e,co-consumed,0.3070393874160899
2057,397,1174,EX_o2_e,co-consumed,4.000000007375812
2058,397,1174,EX_orn_e,received,0.05172166304865404
2059,397,1174,EX_pheme_e,co-consumed,4.2253617028032e-05
2060,397,1174,EX_pi_e,co-consumed,0.18053216455657164
2061,397,1174,EX_pyovd_kt_e,co-consumed,0.08157835839235565
2062,397,1174,EX_so4_e,co-consumed,0.000822122439672656
2063,397,1174,EX_stfrnA_e,co-consumed,0.0855760688585592
2064,397,1174,EX_stfrnB_e,co-consumed,0.08555523452901823
2065,397,1174,EX_zn2_e,co-consumed,6.4625413275748e-05
2066,397,638,EX_arg__L_e,co-consumed,0.06920866969908211
2067,397,638,EX_ca2_e,co-consumed,0.001217852818750344
2068,397,638,EX_cl_e,co-consumed,0.001217852822333104
2069,397,638,EX_cobalt2_e,co-consumed,2.339774867916e-05
2070,397,638,EX_cu2_e,co-consumed,0.000165890038135252
2071,397,638,EX_cys__L_e,co-consumed,0.04019944787330906
2072,397,638,EX_fe2_e,co-consumed,0.0016230509548978839
2073,397,638,EX_fe3_e,co-consumed,0.25486127206504283
2074,397,638,EX_glygln_e,co-consumed,0.2435887689092726
2075,397,638,EX_gua_e,received,0.011413676712646004
2076,397,638,EX_h_e,co-consumed,3.9999999377074
2077,397,638,EX_ile__L_e,co-consumed,0.06797735190551758
2078,397,638,EX_k_e,co-consumed,0.045670767579315284
2079,397,638,EX_lys__L_e,co-consumed,0.0802919326984846
2080,397,638,EX_malt_e,co-consumed,0.08970263165913173
2081,397,638,EX_mg2_e,co-consumed,0.002029754698458512
2082,397,638,EX_mn2_e,co-consumed,0.000161678443373004
2083,397,638,EX_nh4_e,co-consumed,0.4893943352087682
2084,397,638,EX_o2_e,co-consumed,4.0000000003571925
2085,397,638,EX_orn_e,received,0.03645562108615275
2086,397,638,EX_pi_e,co-consumed,0.22556046007853384
2087,397,638,EX_pyovd_kt_e,co-consumed,0.08168261366841971
2088,397,638,EX_so4_e,co-consumed,0.001015003960146008
2089,397,638,EX_stfrnA_e,co-consumed,0.08568619093024499
2090,397,638,EX_stfrnB_e,co-consumed,0.08566524854270875
2091,397,638,EX_tyr__L_e,co-consumed,0.03231674507244956
2092,397,638,EX_zn2_e,co-consumed,7.9786322995936e-05
2093,397,1252,EX_arg__L_e,co-consumed,0.04958276460367674
2094,397,1252,EX_ca2_e,co-consumed,0.000872499182630916
2095,397,1252,EX_cit_e,co-consumed,0.28266369032457156
2096,397,1252,EX_cl_e,co-consumed,0.0008724991859140641
2097,397,1252,EX_cobalt2_e,co-consumed,1.6762632508992e-05
2098,397,1252,EX_cu2_e,co-consumed,0.00011884763121716
2099,397,1252,EX_fe3_e,co-consumed,0.10010262645074329
2100,397,1252,EX_glyc_e,co-consumed,2.5718014938363035e-06
2101,397,1252,EX_glygln_e,co-consumed,0.2435887689092726
2102,397,1252,EX_h2s_e,provided,0.025799261722311503
2103,397,1252,EX_h_e,co-consumed,3.999999947550514
2104,397,1252,EX_ile__L_e,co-consumed,0.04870053056460484
2105,397,1252,EX_indole_e,co-consumed,0.009528431344488265
2106,397,1252,EX_k_e,co-consumed,0.03271964129784373
2107,397,1252,EX_lys__L_e,co-consumed,0.05752308177107786
2108,397,1252,EX_mg2_e,co-consumed,0.001454165301560156
2109,397,1252,EX_mn2_e,co-consumed,0.00011583034153456801
2110,397,1252,EX_nh4_e,received,0.4893943352087682
2111,397,1252,EX_o2_e,co-consumed,4.000000006593655
2112,397,1252,EX_orn_e,co-consumed,0.03705476110979352
2113,397,1252,EX_pheme_e,co-consumed,3.7374474097828e-05
2114,397,1252,EX_pi_e,co-consumed,0.16625355329077693
2115,397,1252,EX_pyovd_kt_e,co-consumed,0.08168261366841971
2116,397,1252,EX_so4_e,co-consumed,0.0007271911647131201
2117,397,1252,EX_tyr__L_e,co-consumed,0.02315249065739494
2118,397,1252,EX_zn2_e,co-consumed,5.7160849428843996e-05
2119,790,1208,EX_4abut_e,co-consumed,0.03122044674849617
2120,790,1208,EX_acald_e,co-consumed,0.031528264551958556
2121,790,1208,EX_arg__L_e,co-consumed,0.010515392853133068
2122,790,1208,EX_asn__L_e,co-consumed,0.008569462400046269
2123,790,1208,EX_ca2_e,co-consumed,0.000185037459311756
2124,790,1208,EX_cl_e,co-consumed,0.00018503746083356002
2125,790,1208,EX_cobalt2_e,co-consumed,3.554994415211502e-06
2126,790,1208,EX_cu2_e,co-consumed,2.5204910403848e-05
2127,790,1208,EX_fe2_e,co-consumed,0.00023873883590635602
2128,790,1208,EX_fe3_e,co-consumed,0.2529801586337414
2129,790,1208,EX_glu__L_e,received,1.0558889299769023e-06
2130,790,1208,EX_glyald_e,provided,1.929223644074665e-06
2131,790,1208,EX_glyc_e,received,5.115498198920001e-06
2132,790,1208,EX_glygln_e,co-consumed,0.05348671039292357
2133,790,1208,EX_h2o_e,provided,2.033944102906e-05
2134,790,1208,EX_h2s_e,co-consumed,0.00547056092920584
2135,790,1208,EX_h_e,received,3.024212848729982
2136,790,1208,EX_ile__L_e,co-consumed,0.011053439265323308
2137,790,1208,EX_k_e,co-consumed,0.006939100248883789
2138,790,1208,EX_lys__L_e,co-consumed,0.012199306937354772
2139,790,1208,EX_malt_e,co-consumed,0.015817809174526198
2140,790,1208,EX_mg2_e,co-consumed,0.000308395771808992
2141,790,1208,EX_mn2_e,co-consumed,2.4565011409108002e-05
2142,790,1208,EX_o2_e,co-consumed,3.9999999827833617
2143,790,1208,EX_orn_e,received,0.04809132745711527
2144,790,1208,EX_pi_e,co-consumed,0.04983466476348048
2145,790,1208,EX_pyovd_kt_e,co-consumed,0.08157885504853672
2146,790,1208,EX_so4_e,co-consumed,0.00015421954251966
2147,790,1208,EX_stfrnA_e,co-consumed,0.08557217889577441
2148,790,1208,EX_stfrnB_e,co-consumed,0.08555159790369211
2149,790,1208,EX_tyr__L_e,provided,0.004910088625336588
2150,790,1208,EX_zn2_e,co-consumed,1.2122530955867999e-05
2151,790,1334,EX_4abut_e,co-consumed,0.03122044674849617
2152,790,1334,EX_arg__L_e,co-consumed,0.038608070545978
2153,790,1334,EX_bz_e,co-consumed,1.3059379269832e-05
2154,790,1334,EX_ca2_e,co-consumed,0.0006793794336395401
2155,790,1334,EX_cl_e,co-consumed,0.00067937942944234
2156,790,1334,EX_co_e,received,8.6963135624944e-05
2157,790,1334,EX_cobalt2_e,co-consumed,1.305243863054e-05
2158,790,1334,EX_cu2_e,co-consumed,9.254178989055201e-05
2159,790,1334,EX_fe2_e,co-consumed,0.00087650510841338
2160,790,1334,EX_fe3_e,co-consumed,0.2542119424440433
2161,790,1334,EX_glu__L_e,co-consumed,0.2379628279478169
2162,790,1334,EX_glyald_e,provided,1.929223644074665e-06
2163,790,1334,EX_glyc_e,received,5.115498198920001e-06
2164,790,1334,EX_h2o_e,provided,2.033944102906e-05
2165,790,1334,EX_h2s_e,co-consumed,0.020089283009825425
2166,790,1334,EX_h_e,co-consumed,1.0810525813379293
2167,790,1334,EX_ile__L_e,co-consumed,0.04058313148740553
2168,790,1334,EX_k_e,co-consumed,0.025477446536117086
2169,790,1334,EX_leu__L_e,co-consumed,0.06021490463799532
2170,790,1334,EX_lys__L_e,received,0.07465664481291695
2171,790,1334,EX_malt_e,co-consumed,0.07662155144452865
2172,790,1334,EX_mg2_e,co-consumed,0.0011322990512711
2173,790,1334,EX_mn2_e,co-consumed,9.019235093705599e-05
2174,790,1334,EX_o2_e,co-consumed,3.9999999947191163
2175,790,1334,EX_orn_e,co-consumed,0.02841741718383033
2176,790,1334,EX_pi_e,co-consumed,0.1832505419051775
2177,790,1334,EX_pyovd_kt_e,co-consumed,0.08168969220271365
2178,790,1334,EX_so4_e,co-consumed,0.000566218747882516
2179,790,1334,EX_stfrnA_e,co-consumed,0.0856930507974858
2180,790,1334,EX_stfrnB_e,co-consumed,0.0856674522874954
2181,790,1334,EX_tyr__L_e,provided,0.01802789882693641
2182,790,1334,EX_zn2_e,co-consumed,4.4508815730152e-05
2183,790,397,EX_arg__L_e,co-consumed,0.0643513465484833
2184,790,397,EX_asn__L_e,co-consumed,0.014519594738247956
2185,790,397,EX_bz_e,co-consumed,2.1815775779456e-05
2186,790,397,EX_ca2_e,co-consumed,0.0011323795243763201
2187,790,397,EX_cl_e,co-consumed,0.001132379475451076
2188,790,397,EX_co_e,co-consumed,8.6963135624944e-05
2189,790,397,EX_cobalt2_e,co-consumed,2.175560948702e-05
2190,790,397,EX_cu2_e,co-consumed,0.000154264017236172
2191,790,397,EX_fe2_e,co-consumed,0.001508712915426732
2192,790,397,EX_fe3_e,co-consumed,0.25474934365794655
2193,790,397,EX_glyc_e,co-consumed,5.115498198920001e-06
2194,790,397,EX_glygln_e,co-consumed,0.2435887689092726
2195,790,397,EX_gua_e,co-consumed,1.4960626605072258e-06
2196,790,397,EX_h2s_e,received,0.05358084316260509
2197,790,397,EX_h_e,co-consumed,3.999999947550514
2198,790,397,EX_ile__L_e,co-consumed,0.0632063717651916
2199,790,397,EX_indole_e,co-consumed,0.012366520040754805
2200,790,397,EX_k_e,co-consumed,0.042465426826002066
2201,790,397,EX_leu__L_e,co-consumed,0.0980154113658712
2202,790,397,EX_lys__L_e,co-consumed,0.07465664481291695
2203,790,397,EX_malt_e,co-consumed,0.07662155144452865
2204,790,397,EX_mg2_e,co-consumed,0.0018872991181296081
2205,790,397,EX_mn2_e,co-consumed,0.000150331261555316
2206,790,397,EX_nh4_e,provided,0.4893943352087682
2207,790,397,EX_o2_e,co-consumed,4.0000000080151406
2208,790,397,EX_orn_e,co-consumed,0.04809132745711527
2209,790,397,EX_pheme_e,co-consumed,4.851410567494e-05
2210,790,397,EX_pi_e,co-consumed,0.20959968283663044
2211,790,397,EX_pyovd_kt_e,co-consumed,0.08168261366841971
2212,790,397,EX_so4_e,co-consumed,0.000943764545232616
2213,790,397,EX_stfrnA_e,co-consumed,0.08568619093024499
2214,790,397,EX_stfrnB_e,co-consumed,0.08566524854270875
2215,790,397,EX_tyr__L_e,provided,0.03231674507244956
2216,790,397,EX_zn2_e,co-consumed,7.418662835074e-05
2217,790,947,EX_acald_e,received,2.93522760138418
2218,790,947,EX_arg__L_e,co-consumed,0.0643513465484833
2219,790,947,EX_ca2_e,co-consumed,0.0011323795243763201
2220,790,947,EX_cl_e,co-consumed,0.001132379475451076
2221,790,947,EX_co_e,co-consumed,8.6963135624944e-05
2222,790,947,EX_cobalt2_e,co-consumed,2.175560948702e-05
2223,790,947,EX_cu2_e,co-consumed,0.000154264017236172
2224,790,947,EX_etoh_e,co-consumed,1.3486580099658077e-06
2225,790,947,EX_fe2_e,co-consumed,0.001508712915426732
2226,790,947,EX_fe3_e,co-consumed,0.25474934365794655
2227,790,947,EX_glyc_e,co-consumed,5.115498198920001e-06
2228,790,947,EX_glygln_e,co-consumed,0.29324987953109855
2229,790,947,EX_h2s_e,co-consumed,0.036494787671598944
2230,790,947,EX_h_e,co-consumed,3.9999999510067523
2231,790,947,EX_indole_e,co-consumed,0.012366520040754805
2232,790,947,EX_k_e,co-consumed,0.042465426826002066
2233,790,947,EX_leu__L_e,received,1.712640020151455e-06
2234,790,947,EX_lys__L_e,co-consumed,0.07465664481291695
2235,790,947,EX_mg2_e,co-consumed,0.0018872991181296081
2236,790,947,EX_mn2_e,co-consumed,0.000150331261555316
2237,790,947,EX_nh4_e,provided,0.8581781074640575
2238,790,947,EX_o2_e,co-consumed,4.0000000079260385
2239,790,947,EX_orn_e,received,0.04809132745711527
2240,790,947,EX_pi_e,co-consumed,0.20959968283663044
2241,790,947,EX_pyovd_kt_e,co-consumed,0.08168969220271365
2242,790,947,EX_so4_e,co-consumed,0.000943764545232616
2243,790,947,EX_stfrnA_e,co-consumed,0.0856930507974858
2244,790,947,EX_stfrnB_e,co-consumed,0.0856674522874954
2245,790,947,EX_zn2_e,co-consumed,7.418662835074e-05
2246,790,997,EX_acald_e,co-consumed,0.6015655253815413
2247,790,997,EX_arg__L_e,co-consumed,0.05929959856276623
2248,790,997,EX_bz_e,co-consumed,2.0096298488695998e-05
2249,790,997,EX_ca2_e,co-consumed,0.0010434847208092
2250,790,997,EX_cl_e,co-consumed,0.00104348472257708
2251,790,997,EX_cobalt2_e,co-consumed,2.0047737191336e-05
2252,790,997,EX_cu2_e,co-consumed,0.000142138456686592
2253,790,997,EX_etoh_e,co-consumed,1.3486580099658077e-06
2254,790,997,EX_fe2_e,co-consumed,0.001390731870040848
2255,790,997,EX_fe3_e,co-consumed,0.09940322317984002
2256,790,997,EX_glu__L_e,received,1.4547662932545256e-06
2257,790,997,EX_glyc_e,co-consumed,5.115498198920001e-06
2258,790,997,EX_glygln_e,co-consumed,0.17273684583107904
2259,790,997,EX_gua_e,co-consumed,1.4960626605072258e-06
2260,790,997,EX_h2s_e,co-consumed,0.04932917039706491
2261,790,997,EX_h_e,co-consumed,3.9999999510067523
2262,790,997,EX_ile__L_e,co-consumed,0.05824451862096163
2263,790,997,EX_indole_e,co-consumed,0.011395739851250869
2264,790,997,EX_k_e,co-consumed,0.03913177965589056
2265,790,997,EX_leu__L_e,co-consumed,0.09032106403279362
2266,790,997,EX_lys__L_e,co-consumed,0.0687959983179711
2267,790,997,EX_mg2_e,co-consumed,0.001739141201779196
2268,790,997,EX_mn2_e,co-consumed,0.000138529863992152
2269,790,997,EX_o2_e,co-consumed,4.000000008075555
2270,790,997,EX_orn_e,co-consumed,0.04431628766154045
2271,790,997,EX_pheme_e,co-consumed,4.4700229887944004e-05
2272,790,997,EX_pyovd_kt_e,co-consumed,0.08168969220271365
2273,790,997,EX_so4_e,co-consumed,0.000869810833913784
2274,790,997,EX_tyr__L_e,provided,0.02764506582847024
2275,790,997,EX_zn2_e,co-consumed,6.8362783822464e-05
2276,790,1114,EX_arg__L_e,co-consumed,0.0046357303882063276
2277,790,1114,EX_bz_e,co-consumed,1.5686153384505792e-06
2278,790,1114,EX_ca2_e,co-consumed,8.157368052924399e-05
2279,790,1114,EX_cl_e,co-consumed,8.1573673573936e-05
2280,790,1114,EX_cobalt2_e,co-consumed,1.5672176856355215e-06
2281,790,1114,EX_cu2_e,co-consumed,1.0660673623368001e-05
2282,790,1114,EX_fe2_e,co-consumed,0.000105202132142988
2283,790,1114,EX_fe3_e,co-consumed,0.2526625386113989
2284,790,1114,EX_glyc_e,co-consumed,5.115498198920001e-06
2285,790,1114,EX_glygln_e,co-consumed,0.042553588203818285
2286,790,1114,EX_h2s_e,co-consumed,0.0038483196513773637
2287,790,1114,EX_h_e,received,0.00112623464957868
2288,790,1114,EX_ile__L_e,co-consumed,0.004872935060638228
2289,790,1114,EX_k_e,co-consumed,0.003059099217122536
2290,790,1114,EX_leu__L_e,co-consumed,0.007230005544080364
2291,790,1114,EX_lys__L_e,co-consumed,0.005534792074785936
2292,790,1114,EX_malt_e,co-consumed,0.07662155144452865
2293,790,1114,EX_mg2_e,co-consumed,0.000135956138154524
2294,790,1114,EX_mn2_e,co-consumed,1.082947420774e-05
2295,790,1114,EX_o2_e,co-consumed,3.8457435539662432
2296,790,1114,EX_orn_e,co-consumed,0.003464318233193924
2297,790,1114,EX_pyovd_kt_e,co-consumed,0.08153202518695611
2298,790,1114,EX_so4_e,co-consumed,6.7900542683388e-05
2299,790,1114,EX_stfrnA_e,co-consumed,0.08551769571185876
2300,790,1114,EX_stfrnB_e,co-consumed,0.0854905751777392
2301,790,1114,EX_thr__L_e,co-consumed,0.003975755864866173
2302,790,1114,EX_tyr__L_e,provided,0.002161134730962664
2303,790,1114,EX_zn2_e,co-consumed,5.344212308016e-06
2304,790,1362,EX_4abut_e,co-consumed,0.03122044674849617
2305,790,1362,EX_acald_e,received,2.93522760138418
2306,790,1362,EX_arg__L_e,co-consumed,0.0643513465484833
2307,790,1362,EX_bz_e,received,2.1815775779456e-05
2308,790,1362,EX_ca2_e,co-consumed,0.0011323795243763201
2309,790,1362,EX_cl_e,co-consumed,0.001132379475451076
2310,790,1362,EX_co_e,received,3.962312104651579e-06
2311,790,1362,EX_cobalt2_e,co-consumed,2.175560948702e-05
2312,790,1362,EX_cu2_e,co-consumed,0.000154264017236172
2313,790,1362,EX_etoh_e,received,1.3486580099658077e-06
2314,790,1362,EX_fe2_e,co-consumed,0.001508712915426732
2315,790,1362,EX_fe3_e,co-consumed,0.10109349937422764
2316,790,1362,EX_glu__L_e,received,0.2379628279478169
2317,790,1362,EX_glyc_e,co-consumed,5.115498198920001e-06
2318,790,1362,EX_gua_e,co-consumed,1.4960626605072258e-06
2319,790,1362,EX_h2s_e,received,0.05358084316260509
2320,790,1362,EX_h_e,co-consumed,3.9999999510067523
2321,790,1362,EX_indole_e,received,0.012366520040754805
2322,790,1362,EX_k_e,co-consumed,0.042465426826002066
2323,790,1362,EX_leu__L_e,co-consumed,0.0980154113658712
2324,790,1362,EX_mg2_e,co-consumed,0.0018872991181296081
2325,790,1362,EX_mn2_e,co-consumed,0.000150331261555316
2326,790,1362,EX_nh4_e,provided,0.01835854082437485
2327,790,1362,EX_o2_e,co-consumed,4.0000000073171
2328,790,1362,EX_pheme_e,co-consumed,4.851410567494e-05
2329,790,1362,EX_pi_e,co-consumed,0.20959968283663044
2330,790,1362,EX_pyovd_kt_e,co-consumed,0.08168969220271365
2331,790,1362,EX_quin_e,co-consumed,0.46159331241676177
2332,790,1362,EX_so4_e,co-consumed,0.000943764545232616
2333,790,1362,EX_zn2_e,co-consumed,7.418662835074e-05
2334,790,428,EX_acald_e,co-consumed,2.93522760138418
2335,790,428,EX_arg__L_e,co-consumed,0.0643513465484833
2336,790,428,EX_bz_e,co-consumed,2.1815775779456e-05
2337,790,428,EX_ca2_e,co-consumed,0.0011323795243763201
2338,790,428,EX_cl_e,co-consumed,0.001132379475451076
2339,790,428,EX_co_e,received,8.6963135624944e-05
2340,790,428,EX_cobalt2_e,co-consumed,2.175560948702e-05
2341,790,428,EX_cu2_e,co-consumed,0.000154264017236172
2342,790,428,EX_etoh_e,co-consumed,1.3486580099658077e-06
2343,790,428,EX_fe2_e,co-consumed,0.001508712915426732
2344,790,428,EX_fe3_e,co-consumed,0.25474934365794655
2345,790,428,EX_glu__L_e,received,0.2379628279478169
2346,790,428,EX_glyc_e,co-consumed,5.115498198920001e-06
2347,790,428,EX_glygln_e,co-consumed,0.29324987953109855
2348,790,428,EX_h2s_e,co-consumed,0.04303388535733
2349,790,428,EX_h_e,co-consumed,3.9999999510067523
2350,790,428,EX_ile__L_e,co-consumed,0.0632063717651916
2351,790,428,EX_indole_e,co-consumed,0.012366520040754805
2352,790,428,EX_k_e,co-consumed,0.042465426826002066
2353,790,428,EX_lys__L_e,co-consumed,0.07465664481291695
2354,790,428,EX_malt_e,co-consumed,0.07662155144452865
2355,790,428,EX_mg2_e,co-consumed,0.0018872991181296081
2356,790,428,EX_mn2_e,co-consumed,0.000150331261555316
2357,790,428,EX_nh4_e,provided,0.5711387962245577
2358,790,428,EX_o2_e,co-consumed,4.000000008075317
2359,790,428,EX_pheme_e,co-consumed,4.851410567494e-05
2360,790,428,EX_pi_e,co-consumed,0.20959968283663044
2361,790,428,EX_pyovd_kt_e,co-consumed,0.08168969220271365
2362,790,428,EX_so4_e,co-consumed,0.000943764545232616
2363,790,428,EX_stfrnA_e,co-consumed,0.0856930507974858
2364,790,428,EX_stfrnB_e,co-consumed,0.0856674522874954
2365,790,428,EX_tyr__L_e,provided,0.038619371405905024
2366,790,428,EX_zn2_e,co-consumed,7.418662835074e-05
2367,790,796,EX_acald_e,co-consumed,0.002836909054187548
2368,790,796,EX_arg__L_e,co-consumed,0.06294170452915404
2369,790,796,EX_ca2_e,co-consumed,0.001107574281398108
2370,790,796,EX_cl_e,co-consumed,0.0011075742753872161
2371,790,796,EX_co_e,co-consumed,8.5100383024136e-05
2372,790,796,EX_cobalt2_e,co-consumed,2.1279044663959997e-05
2373,790,796,EX_cu2_e,co-consumed,0.000150868424905576
2374,790,796,EX_etoh_e,co-consumed,1.3486580099658077e-06
2375,790,796,EX_fe2_e,co-consumed,0.0014762008737501159
2376,790,796,EX_fe3_e,co-consumed,0.2544726661743336
2377,790,796,EX_glyc_e,co-consumed,5.115498198920001e-06
2378,790,796,EX_glygln_e,co-consumed,0.29324987953109855
2379,790,796,EX_h2s_e,received,0.05358084316260509
2380,790,796,EX_h_e,co-consumed,3.9999999187499555
2381,790,796,EX_ile__L_e,co-consumed,0.06182178988472924
2382,790,796,EX_indole_e,co-consumed,0.012095646042858097
2383,790,796,EX_k_e,co-consumed,0.041535205650924285
2384,790,796,EX_lys__L_e,co-consumed,0.07302137681343995
2385,790,796,EX_mg2_e,co-consumed,0.001845957120454128
2386,790,796,EX_mn2_e,co-consumed,0.000147038197718252
2387,790,796,EX_nh4_e,provided,5.81020049542e-06
2388,790,796,EX_o2_e,co-consumed,4.000000007062814
2389,790,796,EX_orn_e,co-consumed,0.047038335753491874
2390,790,796,EX_pheme_e,co-consumed,4.7443022883936004e-05
2391,790,796,EX_pi_e,co-consumed,0.20513428815441953
2392,790,796,EX_pyovd_kt_e,co-consumed,0.08161142134172414
2393,790,796,EX_so4_e,co-consumed,0.000943764545232616
2394,790,796,EX_stfrnA_e,co-consumed,0.08560896902501572
2395,790,796,EX_stfrnB_e,co-consumed,0.08559065192532496
2396,790,796,EX_zn2_e,co-consumed,7.256154230407201e-05
2397,790,1350,EX_4abut_e,co-consumed,0.000309800583121744
2398,790,1350,EX_acald_e,co-consumed,1.917460305183066
2399,790,1350,EX_arg__L_e,co-consumed,0.04480527367546154
2400,790,1350,EX_ca2_e,co-consumed,0.000388408448178276
2401,790,1350,EX_cl_e,co-consumed,0.000388413463840176
2402,790,1350,EX_cobalt2_e,co-consumed,7.46231436586e-06
2403,790,1350,EX_cu2_e,co-consumed,5.290780885396e-05
2404,790,1350,EX_fe3_e,co-consumed,0.2539856748570928
2405,790,1350,EX_glyald_e,provided,1.929223644074665e-06
2406,790,1350,EX_glyc_e,received,5.115498198920001e-06
2407,790,1350,EX_glygln_e,co-consumed,0.1284790199539067
2408,790,1350,EX_gua_e,received,1.4960626605072258e-06
2409,790,1350,EX_h2s_e,co-consumed,0.018360240954817714
2410,790,1350,EX_h_e,co-consumed,0.17888914915507573
2411,790,1350,EX_ile__L_e,co-consumed,0.016327387249486534
2412,790,1350,EX_k_e,co-consumed,0.01456591528015751
2413,790,1350,EX_lys__L_e,co-consumed,0.02635395491518484
2414,790,1350,EX_malt_e,co-consumed,0.024316272548759867
2415,790,1350,EX_mg2_e,co-consumed,0.000647355765087112
2416,790,1350,EX_mn2_e,co-consumed,5.1564593668596e-05
2417,790,1350,EX_o2_e,co-consumed,4.000000001268809
2418,790,1350,EX_orn_e,received,0.006236717596360448
2419,790,1350,EX_pi_e,co-consumed,0.11485945952391907
2420,790,1350,EX_pyovd_kt_e,co-consumed,0.08164225635842604
2421,790,1350,EX_so4_e,co-consumed,0.000323716092813068
2422,790,1350,EX_stfrnA_e,co-consumed,0.08564058922336161
2423,790,1350,EX_stfrnB_e,co-consumed,0.08561906502578104
2424,790,1350,EX_thr__L_e,co-consumed,0.018930339665510935
2425,790,1350,EX_tyr__L_e,provided,0.010290447363563479
2426,790,1350,EX_zn2_e,co-consumed,2.5446491987588002e-05
2427,790,262,EX_acald_e,co-consumed,2.3331030225877964
2428,790,262,EX_arg__L_e,co-consumed,0.0643513465484833
2429,790,262,EX_bz_e,co-consumed,2.1815775779456e-05
2430,790,262,EX_ca2_e,co-consumed,0.0011323795243763201
2431,790,262,EX_cl_e,co-consumed,0.001132379475451076
2432,790,262,EX_cobalt2_e,co-consumed,2.175560948702e-05
2433,790,262,EX_cu2_e,co-consumed,0.000154264017236172
2434,790,262,EX_etoh_e,received,1.3486580099658077e-06
2435,790,262,EX_fe2_e,co-consumed,0.001508712915426732
2436,790,262,EX_fe3_e,co-consumed,0.09825562569376221
2437,790,262,EX_glu__L_e,co-consumed,0.2379628279478169
2438,790,262,EX_glyald_e,provided,1.929223644074665e-06
2439,790,262,EX_glyc_e,received,5.115498198920001e-06
2440,790,262,EX_gua_e,co-consumed,1.4960626605072258e-06
2441,790,262,EX_h2o_e,provided,2.033944102906e-05
2442,790,262,EX_h2s_e,co-consumed,0.05358084316260509
2443,790,262,EX_h_e,co-consumed,3.9999999358706617
2444,790,262,EX_ile__L_e,co-consumed,0.0632063717651916
2445,790,262,EX_indole_e,co-consumed,0.012366520040754805
2446,790,262,EX_k_e,co-consumed,0.042465426826002066
2447,790,262,EX_lys__L_e,co-consumed,0.07465664481291695
2448,790,262,EX_mg2_e,co-consumed,0.0018872991181296081
2449,790,262,EX_mn2_e,co-consumed,0.000150331261555316
2450,790,262,EX_nh4_e,provided,1.4546589208535525
2451,790,262,EX_o2_e,co-consumed,4.000000005716123
2452,790,262,EX_orn_e,received,0.04809132745711527
2453,790,262,EX_pi_e,co-consumed,0.20959968283663044
2454,790,262,EX_pyovd_kt_e,co-consumed,0.08168969220271365
2455,790,262,EX_so4_e,co-consumed,0.000943764545232616
2456,790,262,EX_tyr__L_e,provided,0.06509001758092595
2457,790,262,EX_zn2_e,co-consumed,7.418662835074e-05
2458,790,978,EX_acald_e,co-consumed,2.93522760138418
2459,790,978,EX_arg__L_e,co-consumed,0.03493271998263871
2460,790,978,EX_asn__L_e,co-consumed,0.028468349702540367
2461,790,978,EX_bz_e,co-consumed,1.178109358972e-05
2462,790,978,EX_ca2_e,co-consumed,0.000614705407725804
2463,790,978,EX_cl_e,co-consumed,0.000614705397849888
2464,790,978,EX_co_e,received,8.6963135624944e-05
2465,790,978,EX_cobalt2_e,co-consumed,1.1809901884912e-05
2466,790,978,EX_cu2_e,co-consumed,8.373220436403201e-05
2467,790,978,EX_fe2_e,co-consumed,0.0007928112618444481
2468,790,978,EX_fe3_e,co-consumed,0.25421123036778265
2469,790,978,EX_glu__L_e,co-consumed,0.2379628279478169
2470,790,978,EX_glyc_e,co-consumed,5.115498198920001e-06
2471,790,978,EX_glygln_e,co-consumed,0.16531970933720153
2472,790,978,EX_h2o_e,provided,2.033944102906e-05
2473,790,978,EX_h2s_e,co-consumed,0.029059921706837077
2474,790,978,EX_h_e,co-consumed,3.999999719834292
2475,790,978,EX_ile__L_e,co-consumed,0.03672040273140531
2476,790,978,EX_k_e,co-consumed,0.02305210178621846
2477,790,978,EX_lys__L_e,co-consumed,0.04170792875179372
2478,790,978,EX_mg2_e,co-consumed,0.00102450898582638
2479,790,978,EX_mn2_e,co-consumed,8.1606422024748e-05
2480,790,978,EX_nh4_e,provided,0.15221570128204553
2481,790,978,EX_o2_e,co-consumed,3.999999987126816
2482,790,978,EX_orn_e,co-consumed,0.02610624975975622
2483,790,978,EX_pi_e,co-consumed,0.16582010592256907
2484,790,978,EX_pyovd_kt_e,co-consumed,0.08168969220271365
2485,790,978,EX_quin_e,co-consumed,0.04495718201968427
2486,790,978,EX_so4_e,co-consumed,0.000512315308719196
2487,790,978,EX_stfrnA_e,co-consumed,0.0856930507974858
2488,790,978,EX_stfrnB_e,co-consumed,0.0856674522874954
2489,790,978,EX_thr__L_e,co-consumed,0.02590302123606469
2490,790,978,EX_zn2_e,co-consumed,4.0266750851668e-05
2491,790,1338,EX_acald_e,received,2.93522760138418
2492,790,1338,EX_arg__L_e,co-consumed,0.0643513465484833
2493,790,1338,EX_bz_e,co-consumed,2.1815775779456e-05
2494,790,1338,EX_ca2_e,co-consumed,0.0011323795243763201
2495,790,1338,EX_cl_e,co-consumed,0.001132379475451076
2496,790,1338,EX_co_e,co-consumed,8.6963135624944e-05
2497,790,1338,EX_cobalt2_e,co-consumed,2.175560948702e-05
2498,790,1338,EX_cu2_e,co-consumed,0.000154264017236172
2499,790,1338,EX_etoh_e,received,1.3486580099658077e-06
2500,790,1338,EX_fe2_e,co-consumed,0.001508712915426732
2501,790,1338,EX_fe3_e,co-consumed,0.10098779478597139
2502,790,1338,EX_glu__L_e,received,0.2379628279478169
2503,790,1338,EX_glyc_e,co-consumed,5.115498198920001e-06
2504,790,1338,EX_gua_e,co-consumed,1.4960626605072258e-06
2505,790,1338,EX_h2s_e,co-consumed,0.05358084316260509
2506,790,1338,EX_h_e,co-consumed,3.99999984176356
2507,790,1338,EX_ile__L_e,co-consumed,0.0632063717651916
2508,790,1338,EX_indole_e,co-consumed,0.012366520040754805
2509,790,1338,EX_k_e,co-consumed,0.042465426826002066
2510,790,1338,EX_lys__L_e,co-consumed,0.07465664481291695
2511,790,1338,EX_mg2_e,co-consumed,0.0018872991181296081
2512,790,1338,EX_mn2_e,co-consumed,0.000150331261555316
2513,790,1338,EX_o2_e,co-consumed,4.000000008075555
2514,790,1338,EX_orn_e,co-consumed,0.04809132745711527
2515,790,1338,EX_pheme_e,co-consumed,4.851410567494e-05
2516,790,1338,EX_pi_e,co-consumed,0.20959968283663044
2517,790,1338,EX_pyovd_kt_e,co-consumed,0.08168969220271365
2518,790,1338,EX_so4_e,co-consumed,0.000943764545232616
2519,790,1338,EX_tyr__L_e,provided,0.06772902993430932
2520,790,1338,EX_zn2_e,co-consumed,7.418662835074e-05
2521,790,1357,EX_acald_e,co-consumed,1.35859842204089
2522,790,1357,EX_arg__L_e,co-consumed,0.0643513465484833
2523,790,1357,EX_bz_e,co-consumed,2.1815775779456e-05
2524,790,1357,EX_ca2_e,co-consumed,0.0011323795243763201
2525,790,1357,EX_cl_e,co-consumed,0.001132379475451076
2526,790,1357,EX_co_e,received,8.6963135624944e-05
2527,790,1357,EX_cobalt2_e,co-consumed,2.175560948702e-05
2528,790,1357,EX_cu2_e,co-consumed,0.000154264017236172
2529,790,1357,EX_etoh_e,co-consumed,1.2935053489466327e-06
2530,790,1357,EX_fe2_e,co-consumed,0.001508712915426732
2531,790,1357,EX_fe3_e,co-consumed,0.09943419479300797
2532,790,1357,EX_gly_e,co-consumed,0.8106518088196281
2533,790,1357,EX_glyc_e,co-consumed,5.115498198920001e-06
2534,790,1357,EX_glygln_e,co-consumed,0.17397824572201334
2535,790,1357,EX_h2s_e,co-consumed,0.05358084316260509
2536,790,1357,EX_h_e,co-consumed,3.9999999510067523
2537,790,1357,EX_ile__L_e,co-consumed,0.0632063717651916
2538,790,1357,EX_indole_e,co-consumed,0.012366520040754805
2539,790,1357,EX_k_e,co-consumed,0.042465426826002066
2540,790,1357,EX_leu__L_e,co-consumed,0.0980154113658712
2541,790,1357,EX_lys__L_e,co-consumed,0.07465664481291695
2542,790,1357,EX_mg2_e,co-consumed,0.0018872991181296081
2543,790,1357,EX_mn2_e,co-consumed,0.000150331261555316
2544,790,1357,EX_o2_e,co-consumed,4.000000008075555
2545,790,1357,EX_orn_e,co-consumed,0.04809132745711527
2546,790,1357,EX_pheme_e,co-consumed,4.851410567494e-05
2547,790,1357,EX_pi_e,co-consumed,0.20959968283663044
2548,790,1357,EX_pyovd_kt_e,co-consumed,0.08168969220271365
2549,790,1357,EX_so4_e,co-consumed,0.000943764545232616
2550,790,1357,EX_tyr__L_e,provided,0.0345975202625863
2551,790,1357,EX_zn2_e,co-consumed,7.418662835074e-05
2552,790,2751,EX_fe3_e,co-consumed,0.25214261553782036
2553,790,2751,EX_glu__L_e,received,0.2379628279478169
2554,790,2751,EX_gly_e,co-consumed,0.8485503878019519
2555,790,2751,EX_glyc_e,co-consumed,5.115498198920001e-06
2556,790,2751,EX_h2s_e,co-consumed,0.05358084316260509
2557,790,2751,EX_h_e,received,3.9999999510067523
2558,790,2751,EX_malt_e,co-consumed,0.07662155144452865
2559,790,2751,EX_nh4_e,provided,0.7901715688895377
2560,790,2751,EX_o2_e,co-consumed,3.999999925117265
2561,790,2751,EX_pyovd_kt_e,co-consumed,0.08140781945174283
2562,790,2751,EX_stfrnA_e,co-consumed,0.0853751819941325
2563,790,2751,EX_stfrnB_e,co-consumed,0.08535991256867606
2564,790,709,EX_4abut_e,co-consumed,2.5063224133102334e-06
2565,790,709,EX_acald_e,co-consumed,2.93522760138418
2566,790,709,EX_arg__L_e,received,0.0643513465484833
2567,790,709,EX_co2_e,provided,3.9999992468984384
2568,790,709,EX_co_e,received,8.6963135624944e-05
2569,790,709,EX_etoh_e,received,1.3486580099658077e-06
2570,790,709,EX_fe2_e,co-consumed,0.001004880035867944
2571,790,709,EX_fe3_e,co-consumed,0.25283877006317557
2572,790,709,EX_gly_e,co-consumed,1.0235220928464696e-06
2573,790,709,EX_glyald_e,provided,1.929223644074665e-06
2574,790,709,EX_glyc_e,received,5.115498198920001e-06
2575,790,709,EX_h2s_e,co-consumed,0.036008770359333114
2576,790,709,EX_h_e,co-consumed,3.9999997443327784
2577,790,709,EX_nh4_e,provided,1.2529140989344e-05
2578,790,709,EX_o2_e,co-consumed,3.9999999885236144
2579,790,709,EX_orn_e,co-consumed,0.04809132745711527
2580,790,709,EX_pheme_e,received,4.851410567494e-05
2581,790,709,EX_pi_e,received,1.2724910709637248e-06
2582,790,709,EX_pyovd_kt_e,co-consumed,0.08162271012892948
2583,790,709,EX_stfrnA_e,co-consumed,0.08561876966794828
2584,790,709,EX_stfrnB_e,co-consumed,0.08559728795379533
2585,790,1080,EX_acald_e,co-consumed,2.93522760138418
2586,790,1080,EX_arg__L_e,co-consumed,0.0643513465484833
2587,790,1080,EX_bz_e,co-consumed,2.1815775779456e-05
2588,790,1080,EX_ca2_e,co-consumed,0.0011323795243763201
2589,790,1080,EX_cl_e,co-consumed,0.001132379475451076
2590,790,1080,EX_co_e,received,8.6963135624944e-05
2591,790,1080,EX_cobalt2_e,co-consumed,2.175560948702e-05
2592,790,1080,EX_cu2_e,co-consumed,0.000154264017236172
2593,790,1080,EX_etoh_e,received,1.3486580099658077e-06
2594,790,1080,EX_fe2_e,co-consumed,0.001508712915426732
2595,790,1080,EX_fe3_e,co-consumed,0.25474934365794655
2596,790,1080,EX_glyald_e,provided,1.929223644074665e-06
2597,790,1080,EX_glyc_e,received,5.115498198920001e-06
2598,790,1080,EX_glygln_e,co-consumed,0.29324987953109855
2599,790,1080,EX_h2s_e,co-consumed,0.05085931955435928
2600,790,1080,EX_h_e,co-consumed,3.99999994148562
2601,790,1080,EX_ile__L_e,co-consumed,0.0632063717651916
2602,790,1080,EX_indole_e,co-consumed,0.012366520040754805
2603,790,1080,EX_k_e,co-consumed,0.042465426826002066
2604,790,1080,EX_leu__L_e,co-consumed,0.0980154113658712
2605,790,1080,EX_malt_e,co-consumed,0.07662155144452865
2606,790,1080,EX_mg2_e,co-consumed,0.0018872991181296081
2607,790,1080,EX_mn2_e,co-consumed,0.000150331261555316
2608,790,1080,EX_o2_e,co-consumed,4.000000008075555
2609,790,1080,EX_pheme_e,co-consumed,4.851410567494e-05
2610,790,1080,EX_pi_e,co-consumed,0.20959968283663044
2611,790,1080,EX_pyovd_kt_e,co-consumed,0.08162460805035757
2612,790,1080,EX_so4_e,co-consumed,0.000943764545232616
2613,790,1080,EX_stfrnA_e,co-consumed,0.08562607366209049
2614,790,1080,EX_stfrnB_e,co-consumed,0.08560076402816279
2615,790,1080,EX_tyr__L_e,provided,0.04556790367744402
2616,790,1080,EX_zn2_e,co-consumed,7.418662835074e-05
2617,790,1234,EX_acald_e,received,1.9985361270235371
2618,790,1234,EX_arg__L_e,co-consumed,0.0643513465484833
2619,790,1234,EX_bz_e,co-consumed,2.1815775779456e-05
2620,790,1234,EX_ca2_e,co-consumed,0.0011323795243763201
2621,790,1234,EX_cl_e,co-consumed,0.001132379475451076
2622,790,1234,EX_co_e,received,8.6963135624944e-05
2623,790,1234,EX_cobalt2_e,co-consumed,2.175560948702e-05
2624,790,1234,EX_cu2_e,co-consumed,0.000154264017236172
2625,790,1234,EX_etoh_e,received,1.3486580099658077e-06
2626,790,1234,EX_fe2_e,co-consumed,0.001508712915426732
2627,790,1234,EX_fe3_e,co-consumed,0.1012688559048006
2628,790,1234,EX_glu__L_e,received,1.3939495782268335e-06
2629,790,1234,EX_glyc_e,co-consumed,5.115498198920001e-06
2630,790,1234,EX_glygln_e,co-consumed,0.29324987953109855
2631,790,1234,EX_h2o_e,provided,2.033944102906e-05
2632,790,1234,EX_h2s_e,co-consumed,0.05358084316260509
2633,790,1234,EX_h_e,co-consumed,3.9999999510067523
2634,790,1234,EX_ile__L_e,co-consumed,0.0632063717651916
2635,790,1234,EX_indole_e,co-consumed,0.012366520040754805
2636,790,1234,EX_k_e,co-consumed,0.042465426826002066
2637,790,1234,EX_leu__L_e,received,0.0980154113658712
2638,790,1234,EX_lys__L_e,co-consumed,0.07465664481291695
2639,790,1234,EX_malt_e,co-consumed,0.07662155144452865
2640,790,1234,EX_mg2_e,co-consumed,0.0018872991181296081
2641,790,1234,EX_mn2_e,co-consumed,0.000150331261555316
2642,790,1234,EX_nh4_e,provided,2.477133969872802
2643,790,1234,EX_o2_e,co-consumed,4.000000008075555
2644,790,1234,EX_orn_e,co-consumed,0.04809132745711527
2645,790,1234,EX_pheme_e,co-consumed,4.851410567494e-05
2646,790,1234,EX_pi_e,co-consumed,0.20959968283663044
2647,790,1234,EX_pyovd_kt_e,co-consumed,0.08168969220271365
2648,790,1234,EX_so4_e,co-consumed,0.000943764545232616
2649,790,1234,EX_tyr__L_e,provided,0.08219750044284924
2650,790,1234,EX_zn2_e,co-consumed,7.418662835074e-05
2651,790,459,EX_acald_e,received,2.93522760138418
2652,790,459,EX_arg__L_e,co-consumed,0.0643513465484833
2653,790,459,EX_bz_e,co-consumed,2.1815775779456e-05
2654,790,459,EX_ca2_e,co-consumed,0.0011323795243763201
2655,790,459,EX_cl_e,co-consumed,0.001132379475451076
2656,790,459,EX_co_e,co-consumed,1.7996924166142676e-06
2657,790,459,EX_cobalt2_e,co-consumed,2.175560948702e-05
2658,790,459,EX_cu2_e,co-consumed,0.000154264017236172
2659,790,459,EX_etoh_e,co-consumed,1.3486580099658077e-06
2660,790,459,EX_fe2_e,co-consumed,0.001508712915426732
2661,790,459,EX_fe3_e,co-consumed,0.09975758485025954
2662,790,459,EX_gly_e,co-consumed,0.40197725779776977
2663,790,459,EX_glyc_e,co-consumed,5.115498198920001e-06
2664,790,459,EX_glygln_e,co-consumed,0.29324987953109855
2665,790,459,EX_gua_e,received,1.4960626605072258e-06
2666,790,459,EX_h2s_e,co-consumed,0.05358084316260509
2667,790,459,EX_h_e,co-consumed,3.9999999510067523
2668,790,459,EX_ile__L_e,co-consumed,0.0632063717651916
2669,790,459,EX_indole_e,co-consumed,0.012366520040754805
2670,790,459,EX_k_e,co-consumed,0.042465426826002066
2671,790,459,EX_lys__L_e,co-consumed,0.05673698394769787
2672,790,459,EX_mg2_e,co-consumed,0.0018872991181296081
2673,790,459,EX_mn2_e,co-consumed,0.000150331261555316
2674,790,459,EX_nh4_e,provided,0.39438734493157057
2675,790,459,EX_o2_e,co-consumed,4.000000008075555
2676,790,459,EX_orn_e,co-consumed,1.308345766382397e-06
2677,790,459,EX_pheme_e,co-consumed,4.851410567494e-05
2678,790,459,EX_pi_e,co-consumed,0.20959968283663044
2679,790,459,EX_pyovd_kt_e,co-consumed,0.08168969220271365
2680,790,459,EX_so4_e,co-consumed,0.000943764545232616
2681,790,459,EX_tyr__L_e,provided,0.035138067082458264
2682,790,459,EX_zn2_e,co-consumed,7.418662835074e-05
2683,790,939,EX_acald_e,co-consumed,2.93522760138418
2684,790,939,EX_arg__L_e,co-consumed,0.0643513465484833
2685,790,939,EX_bz_e,co-consumed,2.1815775779456e-05
2686,790,939,EX_ca2_e,co-consumed,0.0011323795243763201
2687,790,939,EX_cl_e,co-consumed,0.001132379475451076
2688,790,939,EX_co2_e,provided,3.9999931267347986
2689,790,939,EX_co_e,received,8.6963135624944e-05
2690,790,939,EX_cobalt2_e,co-consumed,2.175560948702e-05
2691,790,939,EX_cu2_e,co-consumed,0.000154264017236172
2692,790,939,EX_etoh_e,co-consumed,1.3486580099658077e-06
2693,790,939,EX_fe2_e,co-consumed,0.001508712915426732
2694,790,939,EX_fe3_e,co-consumed,0.25474934365794655
2695,790,939,EX_glu__L_e,co-consumed,0.2379628279478169
2696,790,939,EX_glyc_e,received,5.115498198920001e-06
2697,790,939,EX_glygln_e,co-consumed,0.29324987953109855
2698,790,939,EX_gua_e,received,1.4960626605072258e-06
2699,790,939,EX_h2s_e,co-consumed,0.051150502675831995
2700,790,939,EX_h_e,co-consumed,3.9999999510067523
2701,790,939,EX_ile__L_e,co-consumed,0.0632063717651916
2702,790,939,EX_indole_e,co-consumed,0.012366520040754805
2703,790,939,EX_k_e,co-consumed,0.042465426826002066
2704,790,939,EX_malt_e,co-consumed,0.07662155144452865
2705,790,939,EX_mg2_e,co-consumed,0.0018872991181296081
2706,790,939,EX_mn2_e,co-consumed,0.000150331261555316
2707,790,939,EX_o2_e,co-consumed,4.000000008075555
2708,790,939,EX_pheme_e,co-consumed,4.851410567494e-05
2709,790,939,EX_pi_e,co-consumed,0.20959968283663044
2710,790,939,EX_pyovd_kt_e,co-consumed,0.08168969220271365
2711,790,939,EX_so4_e,co-consumed,0.000943764545232616
2712,790,939,EX_stfrnA_e,co-consumed,0.0856930507974858
2713,790,939,EX_stfrnB_e,co-consumed,0.0856674522874954
2714,790,939,EX_tyr__L_e,provided,0.0458292680808313
2715,790,939,EX_zn2_e,co-consumed,7.418662835074e-05
2716,790,1101,EX_acald_e,co-consumed,1.7386622935093572
2717,790,1101,EX_arg__L_e,co-consumed,0.0643513465484833
2718,790,1101,EX_bz_e,co-consumed,2.1815775779456e-05
2719,790,1101,EX_ca2_e,co-consumed,0.0011323795243763201
2720,790,1101,EX_cl_e,co-consumed,0.001132379475451076
2721,790,1101,EX_cobalt2_e,co-consumed,2.175560948702e-05
2722,790,1101,EX_cu2_e,co-consumed,0.000154264017236172
2723,790,1101,EX_etoh_e,co-consumed,1.3486580099658077e-06
2724,790,1101,EX_fe2_e,co-consumed,0.001508712915426732
2725,790,1101,EX_fe3_e,co-consumed,0.09965199913962736
2726,790,1101,EX_gly_e,co-consumed,0.3365352611723767
2727,790,1101,EX_glyc_e,co-consumed,5.115498198920001e-06
2728,790,1101,EX_glygln_e,co-consumed,0.29324987953109855
2729,790,1101,EX_gua_e,co-consumed,1.4960626605072258e-06
2730,790,1101,EX_h2s_e,co-consumed,0.03687654426009199
2731,790,1101,EX_h_e,co-consumed,3.9999999510067523
2732,790,1101,EX_ile__L_e,co-consumed,0.0632063717651916
2733,790,1101,EX_indole_e,co-consumed,0.012366520040754805
2734,790,1101,EX_k_e,co-consumed,0.042465426826002066
2735,790,1101,EX_leu__L_e,co-consumed,0.0980154113658712
2736,790,1101,EX_lys__L_e,co-consumed,0.07465664481291695
2737,790,1101,EX_mg2_e,co-consumed,0.0018872991181296081
2738,790,1101,EX_mn2_e,co-consumed,0.000150331261555316
2739,790,1101,EX_nh4_e,provided,0.1584479661111053
2740,790,1101,EX_o2_e,co-consumed,4.000000008075555
2741,790,1101,EX_orn_e,co-consumed,0.04809132745711527
2742,790,1101,EX_pheme_e,co-consumed,4.851410567494e-05
2743,790,1101,EX_pi_e,co-consumed,0.20959968283663044
2744,790,1101,EX_pyovd_kt_e,co-consumed,0.08168969220271365
2745,790,1101,EX_so4_e,co-consumed,0.000943764545232616
2746,790,1101,EX_tyr__L_e,provided,0.033429170991171486
2747,790,1101,EX_zn2_e,co-consumed,7.418662835074e-05
2748,790,895,EX_acald_e,co-consumed,2.93522760138418
2749,790,895,EX_arg__L_e,co-consumed,0.04662316792854972
2750,790,895,EX_ca2_e,co-consumed,0.000820419769612432
2751,790,895,EX_cl_e,co-consumed,0.000820419769612432
2752,790,895,EX_co_e,received,8.6963135624944e-05
2753,790,895,EX_cobalt2_e,co-consumed,1.5762147350859998e-05
2754,790,895,EX_cu2_e,co-consumed,0.00011175362471762
2755,790,895,EX_etoh_e,received,1.3486580099658077e-06
2756,790,895,EX_fe2_e,received,0.001508712915426732
2757,790,895,EX_fe3_e,co-consumed,0.25474934365794655
2758,790,895,EX_fe3pyovd_kt_e,provided,0.08168968832193745
2759,790,895,EX_glu__L_e,co-consumed,0.2379628279478169
2760,790,895,EX_glygln_e,co-consumed,0.29324987953109855
2761,790,895,EX_h2s_e,co-consumed,0.03881892788041594
2762,790,895,EX_h_e,received,3.9999999510067523
2763,790,895,EX_indole_e,co-consumed,0.008959674706269403
2764,790,895,EX_istfrnA_e,provided,0.08569305079748583
2765,790,895,EX_istfrnB_e,provided,0.08566745228853369
2766,790,895,EX_k_e,co-consumed,0.03076660827857057
2767,790,895,EX_lys__L_e,co-consumed,0.05408952397600663
2768,790,895,EX_mg2_e,co-consumed,0.001367366289552788
2769,790,895,EX_mn2_e,co-consumed,0.00010891643819446402
2770,790,895,EX_o2_e,co-consumed,3.9999999806049624
2771,790,895,EX_orn_e,co-consumed,0.0348428136409918
2772,790,895,EX_pi_e,co-consumed,0.15194507879906127
2773,790,895,EX_pyovd_kt_e,received,0.08168969220271365
2774,790,895,EX_so4_e,co-consumed,0.0006837934442837
2775,790,895,EX_stfrnA_e,received,0.0856930507974858
2776,790,895,EX_stfrnB_e,received,0.0856674522874954
2777,790,895,EX_zn2_e,co-consumed,5.374892246644001e-05
2778,790,1174,EX_acald_e,co-consumed,1.3753633387686748e-06
2779,790,1174,EX_arg__L_e,co-consumed,0.05605769184233719
2780,790,1174,EX_ca2_e,co-consumed,0.000986437759824856
2781,790,1174,EX_cl_e,co-consumed,0.00098643776142874
2782,790,1174,EX_cobalt2_e,co-consumed,1.895173409846e-05
2783,790,1174,EX_cu2_e,co-consumed,0.00013436779475808
2784,790,1174,EX_etoh_e,co-consumed,1.3486580099658077e-06
2785,790,1174,EX_fe2_e,co-consumed,0.001508712915426732
2786,790,1174,EX_fe3_e,co-consumed,0.252709713225035
2787,790,1174,EX_glyc_e,co-consumed,5.115498198920001e-06
2788,790,1174,EX_glygln_e,co-consumed,0.29324987953109855
2789,790,1174,EX_h2s_e,co-consumed,0.02916697578508537
2790,790,1174,EX_h_e,co-consumed,3.9999999510067523
2791,790,1174,EX_ile__L_e,co-consumed,0.055060282718296175
2792,790,1174,EX_k_e,co-consumed,0.0369924583388076
2793,790,1174,EX_lys__L_e,co-consumed,0.06503486075269914
2794,790,1174,EX_malt_e,co-consumed,0.0701186252482854
2795,790,1174,EX_mg2_e,co-consumed,0.001644062933833644
2796,790,1174,EX_mn2_e,co-consumed,0.00013095648262036002
2797,790,1174,EX_nh4_e,provided,0.3070393874160899
2798,790,1174,EX_o2_e,co-consumed,4.000000007375812
2799,790,1174,EX_orn_e,received,0.04809132745711527
2800,790,1174,EX_pheme_e,co-consumed,4.2253617028032e-05
2801,790,1174,EX_pi_e,co-consumed,0.18053216455657164
2802,790,1174,EX_pyovd_kt_e,co-consumed,0.08157835839235565
2803,790,1174,EX_quin_e,co-consumed,0.07220550690048184
2804,790,1174,EX_so4_e,co-consumed,0.000822122439672656
2805,790,1174,EX_stfrnA_e,co-consumed,0.0855760688585592
2806,790,1174,EX_stfrnB_e,co-consumed,0.08555523452901823
2807,790,1174,EX_zn2_e,co-consumed,6.4625413275748e-05
2808,790,638,EX_acald_e,received,2.93522760138418
2809,790,638,EX_arg__L_e,co-consumed,0.0643513465484833
2810,790,638,EX_ca2_e,co-consumed,0.0011323795243763201
2811,790,638,EX_cl_e,co-consumed,0.001132379475451076
2812,790,638,EX_cobalt2_e,co-consumed,2.175560948702e-05
2813,790,638,EX_cu2_e,co-consumed,0.000154264017236172
2814,790,638,EX_etoh_e,received,1.3486580099658077e-06
2815,790,638,EX_fe2_e,co-consumed,0.001508712915426732
2816,790,638,EX_fe3_e,co-consumed,0.25474934365794655
2817,790,638,EX_glygln_e,co-consumed,0.29324987953109855
2818,790,638,EX_gua_e,received,1.4960626605072258e-06
2819,790,638,EX_h2s_e,received,0.05358084316260509
2820,790,638,EX_h_e,co-consumed,3.9999999377074
2821,790,638,EX_ile__L_e,co-consumed,0.0632063717651916
2822,790,638,EX_k_e,co-consumed,0.042465426826002066
2823,790,638,EX_lys__L_e,co-consumed,0.07465664481291695
2824,790,638,EX_malt_e,co-consumed,0.07662155144452865
2825,790,638,EX_mg2_e,co-consumed,0.0018872991181296081
2826,790,638,EX_mn2_e,co-consumed,0.000150331261555316
2827,790,638,EX_nh4_e,provided,0.5506591393670807
2828,790,638,EX_o2_e,co-consumed,4.0000000003571925
2829,790,638,EX_orn_e,received,0.03645562108615275
2830,790,638,EX_pi_e,co-consumed,0.20959968283663044
2831,790,638,EX_pyovd_kt_e,co-consumed,0.08168969220271365
2832,790,638,EX_so4_e,co-consumed,0.000943764545232616
2833,790,638,EX_stfrnA_e,co-consumed,0.0856930507974858
2834,790,638,EX_stfrnB_e,co-consumed,0.0856674522874954
2835,790,638,EX_tyr__L_e,provided,0.060151225681881935
2836,790,638,EX_zn2_e,co-consumed,7.418662835074e-05
2837,790,1252,EX_acald_e,co-consumed,2.93522760138418
2838,790,1252,EX_arg__L_e,co-consumed,0.04958276460367674
2839,790,1252,EX_ca2_e,co-consumed,0.000872499182630916
2840,790,1252,EX_cl_e,co-consumed,0.0008724991859140641
2841,790,1252,EX_cobalt2_e,co-consumed,1.6762632508992e-05
2842,790,1252,EX_cu2_e,co-consumed,0.00011884763121716
2843,790,1252,EX_etoh_e,received,1.3486580099658077e-06
2844,790,1252,EX_fe3_e,co-consumed,0.10010262645074329
2845,790,1252,EX_glu__L_e,co-consumed,0.2379628279478169
2846,790,1252,EX_glyc_e,co-consumed,2.5718014938363035e-06
2847,790,1252,EX_glygln_e,co-consumed,0.29324987953109855
2848,790,1252,EX_h2s_e,co-consumed,0.025799261722311503
2849,790,1252,EX_h_e,co-consumed,3.9999999510067523
2850,790,1252,EX_ile__L_e,co-consumed,0.04870053056460484
2851,790,1252,EX_indole_e,co-consumed,0.009528431344488265
2852,790,1252,EX_k_e,co-consumed,0.03271964129784373
2853,790,1252,EX_lys__L_e,co-consumed,0.05752308177107786
2854,790,1252,EX_mg2_e,co-consumed,0.001454165301560156
2855,790,1252,EX_mn2_e,co-consumed,0.00011583034153456801
2856,790,1252,EX_o2_e,co-consumed,4.000000006593655
2857,790,1252,EX_orn_e,co-consumed,0.03705476110979352
2858,790,1252,EX_pheme_e,co-consumed,3.7374474097828e-05
2859,790,1252,EX_pi_e,co-consumed,0.16625355329077693
2860,790,1252,EX_pyovd_kt_e,co-consumed,0.08168969220271365
2861,790,1252,EX_so4_e,co-consumed,0.0007271911647131201
2862,790,1252,EX_tyr__L_e,provided,0.02315249065739494
2863,790,1252,EX_zn2_e,co-consumed,5.7160849428843996e-05
2864,947,1208,EX_acald_e,provided,0.031528264551958556
2865,947,1208,EX_arg__L_e,co-consumed,0.010515392853133068
2866,947,1208,EX_ca2_e,co-consumed,0.000185037459311756
2867,947,1208,EX_cit_e,co-consumed,0.001234267179719784
2868,947,1208,EX_cl_e,co-consumed,0.00018503746083356002
2869,947,1208,EX_cobalt2_e,co-consumed,3.554994415211502e-06
2870,947,1208,EX_cu2_e,co-consumed,2.5204910403848e-05
2871,947,1208,EX_fe2_e,co-consumed,0.00023873883590635602
2872,947,1208,EX_fe3_e,co-consumed,0.2529801586337414
2873,947,1208,EX_glyc2p_e,co-consumed,1.0397915284202196e-06
2874,947,1208,EX_glyc_e,received,1.7232041453052638
2875,947,1208,EX_glygln_e,co-consumed,0.05348671039292357
2876,947,1208,EX_h2o_e,provided,0.44188172090410993
2877,947,1208,EX_h2s_e,co-consumed,0.00547056092920584
2878,947,1208,EX_h_e,received,3.024212848729982
2879,947,1208,EX_k_e,co-consumed,0.006939100248883789
2880,947,1208,EX_lys__L_e,co-consumed,0.012199306937354772
2881,947,1208,EX_mg2_e,co-consumed,0.000308395771808992
2882,947,1208,EX_mn2_e,co-consumed,2.4565011409108002e-05
2883,947,1208,EX_nh4_e,received,0.8581781074640575
2884,947,1208,EX_o2_e,co-consumed,3.9999999827833617
2885,947,1208,EX_pi_e,co-consumed,0.04983466476348048
2886,947,1208,EX_pyovd_kt_e,co-consumed,0.08157885504853672
2887,947,1208,EX_so4_e,co-consumed,0.00015421954251966
2888,947,1208,EX_stfrnA_e,co-consumed,0.08557217889577441
2889,947,1208,EX_stfrnB_e,co-consumed,0.08555159790369211
2890,947,1208,EX_zn2_e,co-consumed,1.2122530955867999e-05
2891,947,1334,EX_arg__L_e,co-consumed,0.038608070545978
2892,947,1334,EX_ca2_e,co-consumed,0.0006793794336395401
2893,947,1334,EX_cit_e,co-consumed,0.000679406253194092
2894,947,1334,EX_cl_e,co-consumed,0.00067937942944234
2895,947,1334,EX_co_e,received,0.000168305542711704
2896,947,1334,EX_cobalt2_e,co-consumed,1.305243863054e-05
2897,947,1334,EX_cu2_e,co-consumed,9.254178989055201e-05
2898,947,1334,EX_fe2_e,co-consumed,0.00087650510841338
2899,947,1334,EX_fe3_e,co-consumed,0.2542119424440433
2900,947,1334,EX_gly_asn__L_e,co-consumed,0.03146355398006519
2901,947,1334,EX_glyc_e,received,1.7232041453052638
2902,947,1334,EX_h2o_e,provided,3.999999949116735
2903,947,1334,EX_h2s_e,co-consumed,0.020089283009825425
2904,947,1334,EX_h_e,co-consumed,1.0810525813379293
2905,947,1334,EX_k_e,co-consumed,0.025477446536117086
2906,947,1334,EX_leu__L_e,provided,1.712640020151455e-06
2907,947,1334,EX_lys__L_e,received,0.08137446490217075
2908,947,1334,EX_mg2_e,co-consumed,0.0011322990512711
2909,947,1334,EX_mn2_e,co-consumed,9.019235093705599e-05
2910,947,1334,EX_nh4_e,received,0.8581781074640575
2911,947,1334,EX_o2_e,co-consumed,3.9999999947191163
2912,947,1334,EX_orn_e,provided,0.02841741718383033
2913,947,1334,EX_pi_e,co-consumed,0.1832505419051775
2914,947,1334,EX_pyovd_kt_e,co-consumed,0.08172432925127425
2915,947,1334,EX_so4_e,co-consumed,0.000566218747882516
2916,947,1334,EX_stfrnA_e,co-consumed,0.08572703856581225
2917,947,1334,EX_stfrnB_e,co-consumed,0.08570291328544478
2918,947,1334,EX_zn2_e,co-consumed,4.4508815730152e-05
2919,947,397,EX_arg__L_e,co-consumed,0.06920866969908211
2920,947,397,EX_ca2_e,co-consumed,0.001217852818750344
2921,947,397,EX_cit_e,co-consumed,0.001234267179719784
2922,947,397,EX_cl_e,co-consumed,0.001217852822333104
2923,947,397,EX_co_e,co-consumed,9.345755130370001e-05
2924,947,397,EX_cobalt2_e,co-consumed,2.339774867916e-05
2925,947,397,EX_cu2_e,co-consumed,0.000165890038135252
2926,947,397,EX_fe2_e,co-consumed,0.0016230509548978839
2927,947,397,EX_fe3_e,co-consumed,0.25486127206504283
2928,947,397,EX_glyc_e,co-consumed,0.18638663939230632
2929,947,397,EX_glygln_e,co-consumed,0.2435887689092726
2930,947,397,EX_h2s_e,received,0.036494787671598944
2931,947,397,EX_h_e,co-consumed,3.999999947550514
2932,947,397,EX_indole_e,co-consumed,0.01329998742891936
2933,947,397,EX_k_e,co-consumed,0.045670767579315284
2934,947,397,EX_leu__L_e,provided,1.712640020151455e-06
2935,947,397,EX_lys__L_e,co-consumed,0.0802919326984846
2936,947,397,EX_mg2_e,co-consumed,0.002029754698458512
2937,947,397,EX_mn2_e,co-consumed,0.000161678443373004
2938,947,397,EX_nh4_e,co-consumed,0.4893943352087682
2939,947,397,EX_o2_e,co-consumed,4.0000000079260385
2940,947,397,EX_orn_e,provided,0.05172166304865404
2941,947,397,EX_pi_e,co-consumed,0.22556046007853384
2942,947,397,EX_ppap_e,received,1.163680097696468e-06
2943,947,397,EX_pyovd_kt_e,co-consumed,0.08168261366841971
2944,947,397,EX_so4_e,co-consumed,0.001015003960146008
2945,947,397,EX_stfrnA_e,co-consumed,0.08568619093024499
2946,947,397,EX_stfrnB_e,co-consumed,0.08566524854270875
2947,947,397,EX_zn2_e,co-consumed,7.9786322995936e-05
2948,947,790,EX_acald_e,provided,2.93522760138418
2949,947,790,EX_arg__L_e,co-consumed,0.0643513465484833
2950,947,790,EX_ca2_e,co-consumed,0.0011323795243763201
2951,947,790,EX_cl_e,co-consumed,0.001132379475451076
2952,947,790,EX_co_e,co-consumed,8.6963135624944e-05
2953,947,790,EX_cobalt2_e,co-consumed,2.175560948702e-05
2954,947,790,EX_cu2_e,co-consumed,0.000154264017236172
2955,947,790,EX_etoh_e,co-consumed,1.3486580099658077e-06
2956,947,790,EX_fe2_e,co-consumed,0.001508712915426732
2957,947,790,EX_fe3_e,co-consumed,0.25474934365794655
2958,947,790,EX_glyc_e,co-consumed,5.115498198920001e-06
2959,947,790,EX_glygln_e,co-consumed,0.29324987953109855
2960,947,790,EX_h2s_e,co-consumed,0.036494787671598944
2961,947,790,EX_h_e,co-consumed,3.9999999510067523
2962,947,790,EX_indole_e,co-consumed,0.012366520040754805
2963,947,790,EX_k_e,co-consumed,0.042465426826002066
2964,947,790,EX_leu__L_e,provided,1.712640020151455e-06
2965,947,790,EX_lys__L_e,co-consumed,0.07465664481291695
2966,947,790,EX_mg2_e,co-consumed,0.0018872991181296081
2967,947,790,EX_mn2_e,co-consumed,0.000150331261555316
2968,947,790,EX_nh4_e,received,0.8581781074640575
2969,947,790,EX_o2_e,co-consumed,4.0000000079260385
2970,947,790,EX_orn_e,provided,0.04809132745711527
2971,947,790,EX_pi_e,co-consumed,0.20959968283663044
2972,947,790,EX_pyovd_kt_e,co-consumed,0.08168969220271365
2973,947,790,EX_so4_e,co-consumed,0.000943764545232616
2974,947,790,EX_stfrnA_e,co-consumed,0.0856930507974858
2975,947,790,EX_stfrnB_e,co-consumed,0.0856674522874954
2976,947,790,EX_zn2_e,co-consumed,7.418662835074e-05
2977,947,997,EX_acald_e,provided,0.6015655253815413
2978,947,997,EX_arg__L_e,co-consumed,0.05929959856276623
2979,947,997,EX_ca2_e,co-consumed,0.0010434847208092
2980,947,997,EX_cl_e,co-consumed,0.00104348472257708
2981,947,997,EX_cobalt2_e,co-consumed,2.0047737191336e-05
2982,947,997,EX_cu2_e,co-consumed,0.000142138456686592
2983,947,997,EX_etoh_e,co-consumed,1.5971720553081045e-06
2984,947,997,EX_fe2_e,co-consumed,0.001390731870040848
2985,947,997,EX_fe3_e,co-consumed,0.09940322317984002
2986,947,997,EX_gly_asn__L_e,co-consumed,0.04832607565121119
2987,947,997,EX_glyc_e,co-consumed,0.027880222580512305
2988,947,997,EX_glygln_e,co-consumed,0.17273684583107904
2989,947,997,EX_h2s_e,co-consumed,0.036494787671598944
2990,947,997,EX_h_e,co-consumed,3.999999955173125
2991,947,997,EX_indole_e,co-consumed,0.011395739851250869
2992,947,997,EX_k_e,co-consumed,0.03913177965589056
2993,947,997,EX_leu__L_e,provided,1.712640020151455e-06
2994,947,997,EX_lys__L_e,co-consumed,0.0687959983179711
2995,947,997,EX_mg2_e,co-consumed,0.001739141201779196
2996,947,997,EX_mn2_e,co-consumed,0.000138529863992152
2997,947,997,EX_nh4_e,received,0.8581781074640575
2998,947,997,EX_o2_e,co-consumed,4.0000000079260385
2999,947,997,EX_orn_e,provided,0.04431628766154045
3000,947,997,EX_pyovd_kt_e,co-consumed,0.08172432925127425
3001,947,997,EX_so4_e,co-consumed,0.000869810833913784
3002,947,997,EX_zn2_e,co-consumed,6.8362783822464e-05
3003,947,1114,EX_arg__L_e,co-consumed,0.0046357303882063276
3004,947,1114,EX_asp__L_e,co-consumed,0.011399098370460896
3005,947,1114,EX_ca2_e,co-consumed,8.157368052924399e-05
3006,947,1114,EX_cl_e,co-consumed,8.1573673573936e-05
3007,947,1114,EX_cobalt2_e,co-consumed,1.5672176856355215e-06
3008,947,1114,EX_cu2_e,co-consumed,1.0660673623368001e-05
3009,947,1114,EX_fe2_e,co-consumed,0.000105202132142988
3010,947,1114,EX_fe3_e,co-consumed,0.2526625386113989
3011,947,1114,EX_gly_asn__L_e,co-consumed,0.003777855372185156
3012,947,1114,EX_glyc_e,co-consumed,1.7232041453052638
3013,947,1114,EX_glygln_e,co-consumed,0.042553588203818285
3014,947,1114,EX_h2s_e,co-consumed,0.0038483196513773637
3015,947,1114,EX_h_e,received,0.00112623464957868
3016,947,1114,EX_k_e,co-consumed,0.003059099217122536
3017,947,1114,EX_leu__L_e,provided,1.712640020151455e-06
3018,947,1114,EX_lys__L_e,co-consumed,0.005534792074785936
3019,947,1114,EX_mg2_e,co-consumed,0.000135956138154524
3020,947,1114,EX_mn2_e,co-consumed,1.082947420774e-05
3021,947,1114,EX_nh4_e,received,0.04547024196706147
3022,947,1114,EX_o2_e,co-consumed,3.8457435539662432
3023,947,1114,EX_orn_e,provided,0.003464318233193924
3024,947,1114,EX_pyovd_kt_e,co-consumed,0.08153202518695611
3025,947,1114,EX_so4_e,co-consumed,6.7900542683388e-05
3026,947,1114,EX_stfrnA_e,co-consumed,0.08551769571185876
3027,947,1114,EX_stfrnB_e,co-consumed,0.0854905751777392
3028,947,1114,EX_zn2_e,co-consumed,5.344212308016e-06
3029,947,1362,EX_arg__L_e,co-consumed,0.07014177111137566
3030,947,1362,EX_asp__L_e,co-consumed,3.1584524819393966e-06
3031,947,1362,EX_ca2_e,co-consumed,0.00123427219400334
3032,947,1362,EX_cl_e,co-consumed,0.0012342722029121001
3033,947,1362,EX_co_e,received,3.962312104651579e-06
3034,947,1362,EX_cobalt2_e,co-consumed,2.3713174407356e-05
3035,947,1362,EX_cu2_e,co-consumed,0.000168126606253288
3036,947,1362,EX_etoh_e,received,2.282753711595222e-06
3037,947,1362,EX_fe2_e,co-consumed,0.0016975131417780078
3038,947,1362,EX_fe3_e,co-consumed,0.10109349937422764
3039,947,1362,EX_for_e,provided,0.000476017549232664
3040,947,1362,EX_fru_e,co-consumed,0.1927436662743324
3041,947,1362,EX_gly_asn__L_e,co-consumed,0.05716190124390364
3042,947,1362,EX_glyc_e,co-consumed,1.7232041453052638
3043,947,1362,EX_h2s_e,received,0.036494787671598944
3044,947,1362,EX_h_e,co-consumed,3.999999965538384
3045,947,1362,EX_indole_e,received,0.013479294341799253
3046,947,1362,EX_k_e,co-consumed,0.04628651150126695
3047,947,1362,EX_leu__L_e,provided,1.712640020151455e-06
3048,947,1362,EX_mg2_e,co-consumed,0.0020571203234276882
3049,947,1362,EX_mn2_e,co-consumed,0.000163858229789876
3050,947,1362,EX_nh4_e,co-consumed,0.01835854082437485
3051,947,1362,EX_o2_e,co-consumed,4.0000000073171
3052,947,1362,EX_pi_e,co-consumed,0.22859835619422186
3053,947,1362,EX_pyovd_kt_e,co-consumed,0.08172432925127425
3054,947,1362,EX_s_e,co-consumed,0.021905712410731422
3055,947,1362,EX_so4_e,co-consumed,0.00102869325506434
3056,947,1362,EX_tol_e,received,2.3713754472292003e-05
3057,947,1362,EX_zn2_e,co-consumed,8.0862020779088e-05
3058,947,428,EX_acald_e,provided,3.8316336657903487
3059,947,428,EX_arg__L_e,co-consumed,0.07014177111137566
3060,947,428,EX_ca2_e,co-consumed,0.00123427219400334
3061,947,428,EX_cl_e,co-consumed,0.0012342722029121001
3062,947,428,EX_co_e,received,0.000168305542711704
3063,947,428,EX_cobalt2_e,co-consumed,2.3713174407356e-05
3064,947,428,EX_cu2_e,co-consumed,0.000168126606253288
3065,947,428,EX_etoh_e,co-consumed,3.9999901691965394
3066,947,428,EX_fe2_e,co-consumed,0.0016975131417780078
3067,947,428,EX_fe3_e,co-consumed,0.25500640961074594
3068,947,428,EX_gly_asn__L_e,co-consumed,0.05716190124390364
3069,947,428,EX_glyc_e,co-consumed,1.6099709835040856
3070,947,428,EX_glygln_e,co-consumed,0.39876471997726015
3071,947,428,EX_glymet_e,received,1.1208886109040494e-06
3072,947,428,EX_h2s_e,co-consumed,0.036494787671598944
3073,947,428,EX_h_e,co-consumed,3.999999975345196
3074,947,428,EX_indole_e,co-consumed,0.013479294341799253
3075,947,428,EX_k_e,co-consumed,0.04628651150126695
3076,947,428,EX_lys__L_e,co-consumed,0.08137446490217075
3077,947,428,EX_mg2_e,co-consumed,0.0020571203234276882
3078,947,428,EX_mn2_e,co-consumed,0.000163858229789876
3079,947,428,EX_nh4_e,co-consumed,0.5711387962245577
3080,947,428,EX_o2_e,co-consumed,4.0000000079260385
3081,947,428,EX_pi_e,co-consumed,0.22859835619422186
3082,947,428,EX_pyovd_kt_e,co-consumed,0.08172432925127425
3083,947,428,EX_s_e,co-consumed,0.021905712410731422
3084,947,428,EX_so4_e,co-consumed,0.00102869325506434
3085,947,428,EX_stfrnA_e,co-consumed,0.08572703856581225
3086,947,428,EX_stfrnB_e,co-consumed,0.08570291328544478
3087,947,428,EX_zn2_e,co-consumed,8.0862020779088e-05
3088,947,796,EX_acald_e,provided,0.002836909054187548
3089,947,796,EX_arg__L_e,co-consumed,0.06294170452915404
3090,947,796,EX_asp__L_e,co-consumed,2.2083547877845074e-06
3091,947,796,EX_ca2_e,co-consumed,0.001107574281398108
3092,947,796,EX_cl_e,co-consumed,0.0011075742753872161
3093,947,796,EX_co_e,co-consumed,8.5100383024136e-05
3094,947,796,EX_cobalt2_e,co-consumed,2.1279044663959997e-05
3095,947,796,EX_cu2_e,co-consumed,0.000150868424905576
3096,947,796,EX_etoh_e,co-consumed,0.1831971585221885
3097,947,796,EX_fe2_e,co-consumed,0.0014762008737501159
3098,947,796,EX_fe3_e,co-consumed,0.2544726661743336
3099,947,796,EX_gly_asn__L_e,co-consumed,0.051294202073340886
3100,947,796,EX_glyc_e,co-consumed,1.7232041453052638
3101,947,796,EX_glygln_e,co-consumed,0.39876471997726015
3102,947,796,EX_h2s_e,received,0.036494787671598944
3103,947,796,EX_h_e,co-consumed,3.9999999187499555
3104,947,796,EX_indole_e,co-consumed,0.012095646042858097
3105,947,796,EX_k_e,co-consumed,0.041535205650924285
3106,947,796,EX_lys__L_e,co-consumed,0.07302137681343995
3107,947,796,EX_mg2_e,co-consumed,0.001845957120454128
3108,947,796,EX_mn2_e,co-consumed,0.000147038197718252
3109,947,796,EX_nh4_e,co-consumed,5.81020049542e-06
3110,947,796,EX_o2_e,co-consumed,4.000000007062814
3111,947,796,EX_orn_e,provided,0.047038335753491874
3112,947,796,EX_pi_e,co-consumed,0.20513428815441953
3113,947,796,EX_pyovd_kt_e,co-consumed,0.08161142134172414
3114,947,796,EX_so4_e,co-consumed,0.00102869325506434
3115,947,796,EX_stfrnA_e,co-consumed,0.08560896902501572
3116,947,796,EX_stfrnB_e,co-consumed,0.08559065192532496
3117,947,796,EX_zn2_e,co-consumed,7.256154230407201e-05
3118,947,1350,EX_acald_e,provided,1.917460305183066
3119,947,1350,EX_ala__D_e,provided,0.003294716352343764
3120,947,1350,EX_arg__L_e,co-consumed,0.04480527367546154
3121,947,1350,EX_ca2_e,co-consumed,0.000388408448178276
3122,947,1350,EX_cit_e,co-consumed,0.00038843042398383203
3123,947,1350,EX_cl_e,co-consumed,0.000388413463840176
3124,947,1350,EX_cobalt2_e,co-consumed,7.46231436586e-06
3125,947,1350,EX_cu2_e,co-consumed,5.290780885396e-05
3126,947,1350,EX_fe3_e,co-consumed,0.2539856748570928
3127,947,1350,EX_gly_asn__L_e,co-consumed,0.01798827822953449
3128,947,1350,EX_glyc_e,received,1.5954828384321473
3129,947,1350,EX_glygln_e,co-consumed,0.1284790199539067
3130,947,1350,EX_h2s_e,co-consumed,0.018360240954817714
3131,947,1350,EX_h_e,co-consumed,0.17888914915507573
3132,947,1350,EX_k_e,co-consumed,0.01456591528015751
3133,947,1350,EX_lys__L_e,co-consumed,0.02635395491518484
3134,947,1350,EX_mg2_e,co-consumed,0.000647355765087112
3135,947,1350,EX_mn2_e,co-consumed,5.1564593668596e-05
3136,947,1350,EX_nh4_e,received,0.10453527812462682
3137,947,1350,EX_o2_e,co-consumed,4.000000001268809
3138,947,1350,EX_pi_e,co-consumed,0.11485945952391907
3139,947,1350,EX_pyovd_kt_e,co-consumed,0.08164225635842604
3140,947,1350,EX_so4_e,co-consumed,0.000323716092813068
3141,947,1350,EX_stfrnA_e,co-consumed,0.08564058922336161
3142,947,1350,EX_stfrnB_e,co-consumed,0.08561906502578104
3143,947,1350,EX_zn2_e,co-consumed,2.5446491987588002e-05
3144,947,262,EX_acald_e,provided,2.3331030225877964
3145,947,262,EX_arg__L_e,co-consumed,0.07014177111137566
3146,947,262,EX_asp__L_e,co-consumed,0.3083016036155272
3147,947,262,EX_ca2_e,co-consumed,0.00123427219400334
3148,947,262,EX_cl_e,co-consumed,0.0012342722029121001
3149,947,262,EX_cobalt2_e,co-consumed,2.3713174407356e-05
3150,947,262,EX_cu2_e,co-consumed,0.000168126606253288
3151,947,262,EX_etoh_e,received,3.999999445026909
3152,947,262,EX_fe2_e,co-consumed,0.0016975131417780078
3153,947,262,EX_fe3_e,co-consumed,0.09825562569376221
3154,947,262,EX_fru_e,co-consumed,0.1927436662743324
3155,947,262,EX_gly_asn__L_e,co-consumed,0.05716190124390364
3156,947,262,EX_glyc_e,received,0.03544539127576483
3157,947,262,EX_h2o_e,provided,3.9999997466492805
3158,947,262,EX_h2s_e,co-consumed,0.036494787671598944
3159,947,262,EX_h_e,co-consumed,3.9999999358706617
3160,947,262,EX_indole_e,co-consumed,0.013479294341799253
3161,947,262,EX_k_e,co-consumed,0.04628651150126695
3162,947,262,EX_lys__L_e,co-consumed,0.08137446490217075
3163,947,262,EX_mg2_e,co-consumed,0.0020571203234276882
3164,947,262,EX_mn2_e,co-consumed,0.000163858229789876
3165,947,262,EX_nh4_e,co-consumed,0.8581781074640575
3166,947,262,EX_o2_e,co-consumed,4.000000005716123
3167,947,262,EX_pi_e,co-consumed,0.22859835619422186
3168,947,262,EX_pyovd_kt_e,co-consumed,0.08172432925127425
3169,947,262,EX_so4_e,co-consumed,0.00102869325506434
3170,947,262,EX_zn2_e,co-consumed,8.0862020779088e-05
3171,947,978,EX_acald_e,provided,3.8316336657903487
3172,947,978,EX_arg__L_e,co-consumed,0.03493271998263871
3173,947,978,EX_ca2_e,co-consumed,0.000614705407725804
3174,947,978,EX_cl_e,co-consumed,0.000614705397849888
3175,947,978,EX_co_e,received,0.000168305542711704
3176,947,978,EX_cobalt2_e,co-consumed,1.1809901884912e-05
3177,947,978,EX_cu2_e,co-consumed,8.373220436403201e-05
3178,947,978,EX_fe2_e,co-consumed,0.0007928112618444481
3179,947,978,EX_fe3_e,co-consumed,0.25421123036778265
3180,947,978,EX_glyc2p_e,co-consumed,1.0643967071158908e-06
3181,947,978,EX_glyc_e,co-consumed,0.24764740041469416
3182,947,978,EX_glygln_e,co-consumed,0.16531970933720153
3183,947,978,EX_h2o_e,provided,3.999999718465075
3184,947,978,EX_h2s_e,co-consumed,0.029059921706837077
3185,947,978,EX_h_e,co-consumed,3.999999719834292
3186,947,978,EX_k_e,co-consumed,0.02305210178621846
3187,947,978,EX_lys__L_e,co-consumed,0.04170792875179372
3188,947,978,EX_mg2_e,co-consumed,0.00102450898582638
3189,947,978,EX_mn2_e,co-consumed,8.1606422024748e-05
3190,947,978,EX_nh4_e,co-consumed,0.15221570128204553
3191,947,978,EX_o2_e,co-consumed,3.999999987126816
3192,947,978,EX_orn_e,provided,0.02610624975975622
3193,947,978,EX_pi_e,co-consumed,0.16582010592256907
3194,947,978,EX_pyovd_kt_e,co-consumed,0.08172432925127425
3195,947,978,EX_so4_e,co-consumed,0.000512315308719196
3196,947,978,EX_stfrnA_e,co-consumed,0.08572703856581225
3197,947,978,EX_stfrnB_e,co-consumed,0.08570291328544478
3198,947,978,EX_zn2_e,co-consumed,4.0266750851668e-05
3199,947,1338,EX_arg__L_e,co-consumed,0.07014177111137566
3200,947,1338,EX_ca2_e,co-consumed,0.00123427219400334
3201,947,1338,EX_cl_e,co-consumed,0.0012342722029121001
3202,947,1338,EX_co_e,co-consumed,0.000168305542711704
3203,947,1338,EX_cobalt2_e,co-consumed,2.3713174407356e-05
3204,947,1338,EX_cu2_e,co-consumed,0.000168126606253288
3205,947,1338,EX_etoh_e,received,0.00032043276375097603
3206,947,1338,EX_fe2_e,co-consumed,0.0016975131417780078
3207,947,1338,EX_fe3_e,co-consumed,0.10098779478597139
3208,947,1338,EX_fru_e,co-consumed,0.1927436662743324
3209,947,1338,EX_gly_asn__L_e,co-consumed,0.05716190124390364
3210,947,1338,EX_glyc_e,co-consumed,1.7232041453052638
3211,947,1338,EX_h2s_e,co-consumed,0.036494787671598944
3212,947,1338,EX_h_e,co-consumed,3.99999984176356
3213,947,1338,EX_indole_e,co-consumed,0.013479294341799253
3214,947,1338,EX_k_e,co-consumed,0.04628651150126695
3215,947,1338,EX_lys__L_e,co-consumed,0.08137446490217075
3216,947,1338,EX_mg2_e,co-consumed,0.0020571203234276882
3217,947,1338,EX_mn2_e,co-consumed,0.000163858229789876
3218,947,1338,EX_nh4_e,received,0.8581781074640575
3219,947,1338,EX_o2_e,co-consumed,4.0000000079260385
3220,947,1338,EX_orn_e,provided,0.10839807062895389
3221,947,1338,EX_pi_e,co-consumed,0.22859835619422186
3222,947,1338,EX_pyovd_kt_e,co-consumed,0.08172432925127425
3223,947,1338,EX_s_e,received,0.021905712410731422
3224,947,1338,EX_so4_e,co-consumed,0.00102869325506434
3225,947,1338,EX_zn2_e,co-consumed,8.0862020779088e-05
3226,947,1357,EX_acald_e,provided,1.35859842204089
3227,947,1357,EX_arg__L_e,co-consumed,0.07014177111137566
3228,947,1357,EX_ca2_e,co-consumed,0.00123427219400334
3229,947,1357,EX_cl_e,co-consumed,0.0012342722029121001
3230,947,1357,EX_co_e,received,0.000168305542711704
3231,947,1357,EX_cobalt2_e,co-consumed,2.3713174407356e-05
3232,947,1357,EX_cu2_e,co-consumed,0.000168126606253288
3233,947,1357,EX_etoh_e,co-consumed,1.2935053489466327e-06
3234,947,1357,EX_fe2_e,co-consumed,0.0016975131417780078
3235,947,1357,EX_fe3_e,co-consumed,0.09943419479300797
3236,947,1357,EX_for_e,provided,0.000476017549232664
3237,947,1357,EX_glyc_e,co-consumed,0.2992554826238624
3238,947,1357,EX_glygln_e,co-consumed,0.17397824572201334
3239,947,1357,EX_h2s_e,co-consumed,0.036494787671598944
3240,947,1357,EX_h_e,co-consumed,3.999999973844059
3241,947,1357,EX_indole_e,co-consumed,0.013479294341799253
3242,947,1357,EX_k_e,co-consumed,0.04628651150126695
3243,947,1357,EX_leu__L_e,provided,1.712640020151455e-06
3244,947,1357,EX_lys__L_e,co-consumed,0.08137446490217075
3245,947,1357,EX_mg2_e,co-consumed,0.0020571203234276882
3246,947,1357,EX_mn2_e,co-consumed,0.000163858229789876
3247,947,1357,EX_nh4_e,received,0.8581781074640575
3248,947,1357,EX_o2_e,co-consumed,4.0000000079260385
3249,947,1357,EX_orn_e,provided,0.05537209138249047
3250,947,1357,EX_pi_e,co-consumed,0.22859835619422186
3251,947,1357,EX_pyovd_kt_e,co-consumed,0.08172432925127425
3252,947,1357,EX_so4_e,co-consumed,0.00102869325506434
3253,947,1357,EX_zn2_e,co-consumed,8.0862020779088e-05
3254,947,2751,EX_fe3_e,co-consumed,0.25214261553782036
3255,947,2751,EX_glyc_e,co-consumed,1.7232041453052638
3256,947,2751,EX_h2s_e,co-consumed,0.036494787671598944
3257,947,2751,EX_h_e,received,4.0000000026957245
3258,947,2751,EX_nh4_e,co-consumed,0.7901715688895377
3259,947,2751,EX_o2_e,co-consumed,3.999999925117265
3260,947,2751,EX_pyovd_kt_e,co-consumed,0.08140781945174283
3261,947,2751,EX_stfrnA_e,co-consumed,0.0853751819941325
3262,947,2751,EX_stfrnB_e,co-consumed,0.08535991256867606
3263,947,709,EX_acald_e,provided,3.8316336657903487
3264,947,709,EX_arg__L_e,received,0.07014177111137566
3265,947,709,EX_asp__L_e,co-consumed,0.3083016036155272
3266,947,709,EX_co2_e,provided,1.2400521224646877
3267,947,709,EX_co_e,received,0.000168305542711704
3268,947,709,EX_etoh_e,received,0.6805789844413482
3269,947,709,EX_fe2_e,co-consumed,0.001004880035867944
3270,947,709,EX_fe3_e,co-consumed,0.25283877006317557
3271,947,709,EX_glyc_e,received,1.7232041453052638
3272,947,709,EX_h2s_e,co-consumed,0.036008770359333114
3273,947,709,EX_h_e,co-consumed,3.9999997443327784
3274,947,709,EX_nh4_e,co-consumed,1.2529140989344e-05
3275,947,709,EX_o2_e,co-consumed,3.9999999885236144
3276,947,709,EX_orn_e,provided,0.21517634081519846
3277,947,709,EX_pi_e,received,1.2724910709637248e-06
3278,947,709,EX_pyovd_kt_e,co-consumed,0.08162271012892948
3279,947,709,EX_stfrnA_e,co-consumed,0.08561876966794828
3280,947,709,EX_stfrnB_e,co-consumed,0.08559728795379533
3281,947,1080,EX_acald_e,provided,3.8316336657903487
3282,947,1080,EX_arg__L_e,co-consumed,0.07014177111137566
3283,947,1080,EX_asp__L_e,co-consumed,0.0017179471956249041
3284,947,1080,EX_ca2_e,co-consumed,0.00123427219400334
3285,947,1080,EX_cl_e,co-consumed,0.0012342722029121001
3286,947,1080,EX_co_e,received,0.000168305542711704
3287,947,1080,EX_cobalt2_e,co-consumed,2.3713174407356e-05
3288,947,1080,EX_cu2_e,co-consumed,0.000168126606253288
3289,947,1080,EX_etoh_e,received,3.9999992243765536
3290,947,1080,EX_fe2_e,co-consumed,0.0016975131417780078
3291,947,1080,EX_fe3_e,co-consumed,0.25500640961074594
3292,947,1080,EX_gly_asn__L_e,co-consumed,0.05716190124390364
3293,947,1080,EX_glyc_e,received,1.7232041453052638
3294,947,1080,EX_glygln_e,co-consumed,0.39876471997726015
3295,947,1080,EX_h2s_e,co-consumed,0.036494787671598944
3296,947,1080,EX_h_e,co-consumed,3.99999994148562
3297,947,1080,EX_indole_e,co-consumed,0.013479294341799253
3298,947,1080,EX_k_e,co-consumed,0.04628651150126695
3299,947,1080,EX_leu__L_e,provided,1.712640020151455e-06
3300,947,1080,EX_mg2_e,co-consumed,0.0020571203234276882
3301,947,1080,EX_mn2_e,co-consumed,0.000163858229789876
3302,947,1080,EX_nh4_e,received,0.8581781074640575
3303,947,1080,EX_o2_e,co-consumed,4.0000000079260385
3304,947,1080,EX_pi_e,co-consumed,0.22859835619422186
3305,947,1080,EX_pyovd_kt_e,co-consumed,0.08162460805035757
3306,947,1080,EX_so4_e,co-consumed,0.00102869325506434
3307,947,1080,EX_stfrnA_e,co-consumed,0.08562607366209049
3308,947,1080,EX_stfrnB_e,co-consumed,0.08560076402816279
3309,947,1080,EX_zn2_e,co-consumed,8.0862020779088e-05
3310,947,1234,EX_arg__L_e,co-consumed,0.07014177111137566
3311,947,1234,EX_ca2_e,co-consumed,0.00123427219400334
3312,947,1234,EX_cit_e,co-consumed,0.001234267179719784
3313,947,1234,EX_cl_e,co-consumed,0.0012342722029121001
3314,947,1234,EX_co_e,received,0.000168305542711704
3315,947,1234,EX_cobalt2_e,co-consumed,2.3713174407356e-05
3316,947,1234,EX_cu2_e,co-consumed,0.000168126606253288
3317,947,1234,EX_etoh_e,received,6.33149306074e-06
3318,947,1234,EX_fe2_e,co-consumed,0.0016975131417780078
3319,947,1234,EX_fe3_e,co-consumed,0.1012688559048006
3320,947,1234,EX_gly_asn__L_e,co-consumed,0.05716190124390364
3321,947,1234,EX_glyc_e,co-consumed,1.5041397989079013
3322,947,1234,EX_glygln_e,co-consumed,0.39876471997726015
3323,947,1234,EX_h2o_e,provided,0.657708615030396
3324,947,1234,EX_h2s_e,co-consumed,0.036494787671598944
3325,947,1234,EX_h_e,co-consumed,4.000000000366147
3326,947,1234,EX_indole_e,co-consumed,0.013479294341799253
3327,947,1234,EX_k_e,co-consumed,0.04628651150126695
3328,947,1234,EX_lys__L_e,co-consumed,0.08137446490217075
3329,947,1234,EX_mg2_e,co-consumed,0.0020571203234276882
3330,947,1234,EX_mn2_e,co-consumed,0.000163858229789876
3331,947,1234,EX_nh4_e,co-consumed,0.8581781074640575
3332,947,1234,EX_o2_e,co-consumed,4.0000000079260385
3333,947,1234,EX_orn_e,provided,0.13155441536141965
3334,947,1234,EX_pi_e,co-consumed,0.22859835619422186
3335,947,1234,EX_pyovd_kt_e,co-consumed,0.08172432925127425
3336,947,1234,EX_so4_e,co-consumed,0.00102869325506434
3337,947,1234,EX_zn2_e,co-consumed,8.0862020779088e-05
3338,947,459,EX_arg__L_e,co-consumed,0.07014177111137566
3339,947,459,EX_ca2_e,co-consumed,0.00123427219400334
3340,947,459,EX_cl_e,co-consumed,0.0012342722029121001
3341,947,459,EX_co_e,co-consumed,1.7996924166142676e-06
3342,947,459,EX_cobalt2_e,co-consumed,2.3713174407356e-05
3343,947,459,EX_cu2_e,co-consumed,0.000168126606253288
3344,947,459,EX_etoh_e,co-consumed,3.525817915228069
3345,947,459,EX_fe2_e,co-consumed,0.0016975131417780078
3346,947,459,EX_fe3_e,co-consumed,0.09975758485025954
3347,947,459,EX_gly_asn__L_e,co-consumed,0.05716190124390364
3348,947,459,EX_glyc_e,co-consumed,0.5603564379780037
3349,947,459,EX_glygln_e,co-consumed,0.39876471997726015
3350,947,459,EX_h2s_e,co-consumed,0.036494787671598944
3351,947,459,EX_h_e,co-consumed,4.000000002546111
3352,947,459,EX_indole_e,co-consumed,0.013479294341799253
3353,947,459,EX_k_e,co-consumed,0.04628651150126695
3354,947,459,EX_lys__L_e,co-consumed,0.05673698394769787
3355,947,459,EX_mg2_e,co-consumed,0.0020571203234276882
3356,947,459,EX_mn2_e,co-consumed,0.000163858229789876
3357,947,459,EX_nh4_e,co-consumed,0.39438734493157057
3358,947,459,EX_o2_e,co-consumed,4.0000000079260385
3359,947,459,EX_orn_e,provided,1.308345766382397e-06
3360,947,459,EX_pi_e,co-consumed,0.22859835619422186
3361,947,459,EX_pyovd_kt_e,co-consumed,0.08172432925127425
3362,947,459,EX_so4_e,co-consumed,0.00102869325506434
3363,947,459,EX_zn2_e,co-consumed,8.0862020779088e-05
3364,947,939,EX_acald_e,provided,3.8316336657903487
3365,947,939,EX_arg__L_e,co-consumed,0.07014177111137566
3366,947,939,EX_asp__L_e,co-consumed,0.3083016036155272
3367,947,939,EX_ca2_e,co-consumed,0.00123427219400334
3368,947,939,EX_cit_e,co-consumed,0.001234267179719784
3369,947,939,EX_cl_e,co-consumed,0.0012342722029121001
3370,947,939,EX_co2_e,provided,1.2400521224646877
3371,947,939,EX_co_e,received,0.000168305542711704
3372,947,939,EX_cobalt2_e,co-consumed,2.3713174407356e-05
3373,947,939,EX_cu2_e,co-consumed,0.000168126606253288
3374,947,939,EX_etoh_e,co-consumed,3.9999986151031823
3375,947,939,EX_fe2_e,co-consumed,0.0016975131417780078
3376,947,939,EX_fe3_e,co-consumed,0.25500640961074594
3377,947,939,EX_gly_asn__L_e,co-consumed,0.05716190124390364
3378,947,939,EX_glyc_e,received,0.024997015534810717
3379,947,939,EX_glygln_e,co-consumed,0.39876471997726015
3380,947,939,EX_h2s_e,co-consumed,0.036494787671598944
3381,947,939,EX_h_e,co-consumed,3.9999999748859985
3382,947,939,EX_indole_e,co-consumed,0.013479294341799253
3383,947,939,EX_k_e,co-consumed,0.04628651150126695
3384,947,939,EX_mg2_e,co-consumed,0.0020571203234276882
3385,947,939,EX_mn2_e,co-consumed,0.000163858229789876
3386,947,939,EX_nh4_e,received,0.8581781074640575
3387,947,939,EX_o2_e,co-consumed,4.0000000079260385
3388,947,939,EX_pi_e,co-consumed,0.21639201496887295
3389,947,939,EX_pyovd_kt_e,co-consumed,0.08172432925127425
3390,947,939,EX_so4_e,co-consumed,0.00102869325506434
3391,947,939,EX_stfrnA_e,co-consumed,0.08572703856581225
3392,947,939,EX_stfrnB_e,co-consumed,0.08570291328544478
3393,947,939,EX_zn2_e,co-consumed,8.0862020779088e-05
3394,947,1101,EX_acald_e,provided,1.7386622935093572
3395,947,1101,EX_arg__L_e,co-consumed,0.07014177111137566
3396,947,1101,EX_ca2_e,co-consumed,0.00123427219400334
3397,947,1101,EX_cl_e,co-consumed,0.0012342722029121001
3398,947,1101,EX_cobalt2_e,co-consumed,2.3713174407356e-05
3399,947,1101,EX_cu2_e,co-consumed,0.000168126606253288
3400,947,1101,EX_etoh_e,co-consumed,1.6528803451039475e-06
3401,947,1101,EX_fe2_e,co-consumed,0.001662285257221172
3402,947,1101,EX_fe3_e,co-consumed,0.09965199913962736
3403,947,1101,EX_gly_asn__L_e,co-consumed,0.05716190124390364
3404,947,1101,EX_glyc2p_e,co-consumed,1.4717885945011311e-06
3405,947,1101,EX_glyc_e,co-consumed,0.8585038357276302
3406,947,1101,EX_glygln_e,co-consumed,0.2959978128613629
3407,947,1101,EX_h2s_e,co-consumed,0.036494787671598944
3408,947,1101,EX_h_e,co-consumed,3.9999999758898386
3409,947,1101,EX_indole_e,co-consumed,0.013479294341799253
3410,947,1101,EX_k_e,co-consumed,0.04628651150126695
3411,947,1101,EX_leu__L_e,provided,1.712640020151455e-06
3412,947,1101,EX_lys__L_e,co-consumed,0.08137446490217075
3413,947,1101,EX_mg2_e,co-consumed,0.0020571203234276882
3414,947,1101,EX_mn2_e,co-consumed,0.000163858229789876
3415,947,1101,EX_nh4_e,co-consumed,0.1584479661111053
3416,947,1101,EX_o2_e,co-consumed,4.0000000079260385
3417,947,1101,EX_orn_e,provided,0.05296448255771899
3418,947,1101,EX_pi_e,co-consumed,0.22859835619422186
3419,947,1101,EX_pyovd_kt_e,co-consumed,0.08172432925127425
3420,947,1101,EX_so4_e,co-consumed,0.00102869325506434
3421,947,1101,EX_zn2_e,co-consumed,8.0862020779088e-05
3422,947,895,EX_acald_e,provided,3.8316336657903487
3423,947,895,EX_arg__L_e,co-consumed,0.04662316792854972
3424,947,895,EX_ca2_e,co-consumed,0.000820419769612432
3425,947,895,EX_cit_e,co-consumed,0.001234267179719784
3426,947,895,EX_cl_e,co-consumed,0.000820419769612432
3427,947,895,EX_co_e,received,0.000168305542711704
3428,947,895,EX_cobalt2_e,co-consumed,1.5762147350859998e-05
3429,947,895,EX_cu2_e,co-consumed,0.00011175362471762
3430,947,895,EX_etoh_e,received,3.816404787615397
3431,947,895,EX_fe2_e,received,0.0016975131417780078
3432,947,895,EX_fe3_e,co-consumed,0.25500640961074594
3433,947,895,EX_fe3pyovd_kt_e,provided,0.08172432968051763
3434,947,895,EX_gly_asn__L_e,co-consumed,0.03799544068859324
3435,947,895,EX_glygln_e,co-consumed,0.39876471997726015
3436,947,895,EX_h2s_e,co-consumed,0.036494787671598944
3437,947,895,EX_h_e,received,4.0000000026957245
3438,947,895,EX_indole_e,co-consumed,0.008959674706269403
3439,947,895,EX_istfrnA_e,provided,0.08572703856581235
3440,947,895,EX_istfrnB_e,provided,0.08570291328714041
3441,947,895,EX_k_e,co-consumed,0.03076660827857057
3442,947,895,EX_lys__L_e,co-consumed,0.05408952397600663
3443,947,895,EX_mg2_e,co-consumed,0.001367366289552788
3444,947,895,EX_mn2_e,co-consumed,0.00010891643819446402
3445,947,895,EX_nh4_e,received,0.8581781074640575
3446,947,895,EX_o2_e,co-consumed,3.9999999806049624
3447,947,895,EX_orn_e,provided,0.0348428136409918
3448,947,895,EX_pi_e,co-consumed,0.15194507879906127
3449,947,895,EX_pyovd_kt_e,received,0.08172432925127425
3450,947,895,EX_so4_e,co-consumed,0.0006837934442837
3451,947,895,EX_stfrnA_e,received,0.08572703856581225
3452,947,895,EX_stfrnB_e,received,0.08570291328544478
3453,947,895,EX_zn2_e,co-consumed,5.374892246644001e-05
3454,947,1174,EX_acald_e,provided,1.3753633387686748e-06
3455,947,1174,EX_arg__L_e,co-consumed,0.05605769184233719
3456,947,1174,EX_ca2_e,co-consumed,0.000986437759824856
3457,947,1174,EX_cl_e,co-consumed,0.00098643776142874
3458,947,1174,EX_cobalt2_e,co-consumed,1.895173409846e-05
3459,947,1174,EX_cu2_e,co-consumed,0.00013436779475808
3460,947,1174,EX_etoh_e,co-consumed,1.4944651258840753
3461,947,1174,EX_fe2_e,co-consumed,0.0016975131417780078
3462,947,1174,EX_fe3_e,co-consumed,0.252709713225035
3463,947,1174,EX_gly_asn__L_e,co-consumed,0.04568414125757652
3464,947,1174,EX_glyc_e,co-consumed,0.36072456643691775
3465,947,1174,EX_glygln_e,co-consumed,0.32396667529562967
3466,947,1174,EX_h2s_e,co-consumed,0.02916697578508537
3467,947,1174,EX_h_e,co-consumed,4.000000001053228
3468,947,1174,EX_k_e,co-consumed,0.0369924583388076
3469,947,1174,EX_lys__L_e,co-consumed,0.06503486075269914
3470,947,1174,EX_mg2_e,co-consumed,0.001644062933833644
3471,947,1174,EX_mn2_e,co-consumed,0.00013095648262036002
3472,947,1174,EX_nh4_e,co-consumed,0.3070393874160899
3473,947,1174,EX_o2_e,co-consumed,4.000000007375812
3474,947,1174,EX_pi_e,co-consumed,0.18053216455657164
3475,947,1174,EX_pyovd_kt_e,co-consumed,0.08157835839235565
3476,947,1174,EX_s_e,co-consumed,0.017508463517654196
3477,947,1174,EX_so4_e,co-consumed,0.000822122439672656
3478,947,1174,EX_stfrnA_e,co-consumed,0.0855760688585592
3479,947,1174,EX_stfrnB_e,co-consumed,0.08555523452901823
3480,947,1174,EX_zn2_e,co-consumed,6.4625413275748e-05
3481,947,638,EX_arg__L_e,co-consumed,0.07014177111137566
3482,947,638,EX_ca2_e,co-consumed,0.00123427219400334
3483,947,638,EX_cl_e,co-consumed,0.0012342722029121001
3484,947,638,EX_cobalt2_e,co-consumed,2.3713174407356e-05
3485,947,638,EX_cu2_e,co-consumed,0.000168126606253288
3486,947,638,EX_etoh_e,received,6.3958109527e-06
3487,947,638,EX_fe2_e,co-consumed,0.0016975131417780078
3488,947,638,EX_fe3_e,co-consumed,0.25500640961074594
3489,947,638,EX_glygln_e,co-consumed,0.39876471997726015
3490,947,638,EX_h2s_e,received,0.036494787671598944
3491,947,638,EX_h_e,co-consumed,3.9999999377074
3492,947,638,EX_k_e,co-consumed,0.04628651150126695
3493,947,638,EX_lys__L_e,co-consumed,0.08137446490217075
3494,947,638,EX_mg2_e,co-consumed,0.0020571203234276882
3495,947,638,EX_mn2_e,co-consumed,0.000163858229789876
3496,947,638,EX_nh4_e,co-consumed,0.5506591393670807
3497,947,638,EX_o2_e,co-consumed,4.0000000003571925
3498,947,638,EX_pi_e,co-consumed,0.22859835619422186
3499,947,638,EX_pyovd_kt_e,co-consumed,0.08172432925127425
3500,947,638,EX_so4_e,co-consumed,0.00102869325506434
3501,947,638,EX_stfrnA_e,co-consumed,0.08572703856581225
3502,947,638,EX_stfrnB_e,co-consumed,0.08570291328544478
3503,947,638,EX_zn2_e,co-consumed,8.0862020779088e-05
3504,947,1252,EX_acald_e,provided,3.8316336657903487
3505,947,1252,EX_arg__L_e,co-consumed,0.04958276460367674
3506,947,1252,EX_ca2_e,co-consumed,0.000872499182630916
3507,947,1252,EX_cit_e,co-consumed,0.001234267179719784
3508,947,1252,EX_cl_e,co-consumed,0.0008724991859140641
3509,947,1252,EX_cobalt2_e,co-consumed,1.6762632508992e-05
3510,947,1252,EX_cu2_e,co-consumed,0.00011884763121716
3511,947,1252,EX_etoh_e,received,3.8533133133823108
3512,947,1252,EX_fe3_e,co-consumed,0.10010262645074329
3513,947,1252,EX_gly_asn__L_e,co-consumed,0.040407353390169966
3514,947,1252,EX_glyc_e,co-consumed,2.5718014938363035e-06
3515,947,1252,EX_glygln_e,co-consumed,0.39876471997726015
3516,947,1252,EX_h2s_e,co-consumed,0.025799261722311503
3517,947,1252,EX_h_e,co-consumed,3.999999977009301
3518,947,1252,EX_indole_e,co-consumed,0.009528431344488265
3519,947,1252,EX_k_e,co-consumed,0.03271964129784373
3520,947,1252,EX_lys__L_e,co-consumed,0.05752308177107786
3521,947,1252,EX_mg2_e,co-consumed,0.001454165301560156
3522,947,1252,EX_mn2_e,co-consumed,0.00011583034153456801
3523,947,1252,EX_nh4_e,received,0.8581781074640575
3524,947,1252,EX_o2_e,co-consumed,4.000000006593655
3525,947,1252,EX_orn_e,provided,0.03705476110979352
3526,947,1252,EX_pi_e,co-consumed,0.16625355329077693
3527,947,1252,EX_pnto__R_e,received,0.000136028586327572
3528,947,1252,EX_pyovd_kt_e,co-consumed,0.08172432925127425
3529,947,1252,EX_s_e,co-consumed,0.015484261505013861
3530,947,1252,EX_so4_e,co-consumed,0.0007271911647131201
3531,947,1252,EX_tol_e,co-consumed,1.676254974152e-05
3532,947,1252,EX_zn2_e,co-consumed,5.7160849428843996e-05
3533,997,1208,EX_acald_e,co-consumed,0.031528264551958556
3534,997,1208,EX_arg__L_e,co-consumed,0.010515392853133068
3535,997,1208,EX_ca2_e,co-consumed,0.000185037459311756
3536,997,1208,EX_cl_e,co-consumed,0.00018503746083356002
3537,997,1208,EX_cobalt2_e,co-consumed,3.554994415211502e-06
3538,997,1208,EX_cu2_e,co-consumed,2.5204910403848e-05
3539,997,1208,EX_fe2_e,co-consumed,0.00023873883590635602
3540,997,1208,EX_fe3_e,co-consumed,0.09940322317984002
3541,997,1208,EX_glyald_e,provided,9.487526180424001e-06
3542,997,1208,EX_glyc_e,received,0.027880222580512305
3543,997,1208,EX_glygln_e,co-consumed,0.05348671039292357
3544,997,1208,EX_gthrd_e,co-consumed,1.16268181321189e-06
3545,997,1208,EX_h2o_e,provided,0.44188172090410993
3546,997,1208,EX_h2s_e,co-consumed,0.00547056092920584
3547,997,1208,EX_h_e,received,3.024212848729982
3548,997,1208,EX_ile__L_e,co-consumed,0.011053439265323308
3549,997,1208,EX_k_e,co-consumed,0.006939100248883789
3550,997,1208,EX_lys__L_e,co-consumed,0.012199306937354772
3551,997,1208,EX_mg2_e,co-consumed,0.000308395771808992
3552,997,1208,EX_mn2_e,co-consumed,2.4565011409108002e-05
3553,997,1208,EX_o2_e,co-consumed,3.9999999827833617
3554,997,1208,EX_orn_e,received,0.04431628766154045
3555,997,1208,EX_pyovd_kt_e,co-consumed,0.08157885504853672
3556,997,1208,EX_ser__L_e,co-consumed,0.09015960816453393
3557,997,1208,EX_so4_e,co-consumed,0.00015421954251966
3558,997,1208,EX_tyr__L_e,co-consumed,0.004910088625336588
3559,997,1208,EX_zn2_e,co-consumed,1.2122530955867999e-05
3560,997,1334,EX_arg__L_e,co-consumed,0.038608070545978
3561,997,1334,EX_bz_e,co-consumed,1.3059379269832e-05
3562,997,1334,EX_ca2_e,co-consumed,0.0006793794336395401
3563,997,1334,EX_cl_e,co-consumed,0.00067937942944234
3564,997,1334,EX_cobalt2_e,co-consumed,1.305243863054e-05
3565,997,1334,EX_cu2_e,co-consumed,9.254178989055201e-05
3566,997,1334,EX_fe2_e,co-consumed,0.00087650510841338
3567,997,1334,EX_fe3_e,co-consumed,0.09940322317984002
3568,997,1334,EX_glu__L_e,provided,1.4547662932545256e-06
3569,997,1334,EX_gly_asn__L_e,co-consumed,0.03146355398006519
3570,997,1334,EX_glyald_e,provided,9.487526180424001e-06
3571,997,1334,EX_glyc_e,received,0.027880222580512305
3572,997,1334,EX_glyclt_e,provided,0.000134119252619812
3573,997,1334,EX_gthrd_e,co-consumed,1.4356304749597735e-06
3574,997,1334,EX_h2o_e,provided,3.999999949116735
3575,997,1334,EX_h2s_e,co-consumed,0.020089283009825425
3576,997,1334,EX_h_e,co-consumed,1.0810525813379293
3577,997,1334,EX_ile__L_e,co-consumed,0.04058313148740553
3578,997,1334,EX_k_e,co-consumed,0.025477446536117086
3579,997,1334,EX_leu__L_e,co-consumed,0.06021490463799532
3580,997,1334,EX_lys__L_e,received,0.0687959983179711
3581,997,1334,EX_mg2_e,co-consumed,0.0011322990512711
3582,997,1334,EX_mn2_e,co-consumed,9.019235093705599e-05
3583,997,1334,EX_o2_e,co-consumed,3.9999999947191163
3584,997,1334,EX_orn_e,co-consumed,0.02841741718383033
3585,997,1334,EX_pyovd_kt_e,co-consumed,0.08174269204197179
3586,997,1334,EX_ser__L_e,co-consumed,0.09015960816453393
3587,997,1334,EX_so4_e,co-consumed,0.000566218747882516
3588,997,1334,EX_tyr__L_e,co-consumed,0.01802789882693641
3589,997,1334,EX_zn2_e,co-consumed,4.4508815730152e-05
3590,997,397,EX_arg__L_e,co-consumed,0.05929959856276623
3591,997,397,EX_bz_e,co-consumed,2.0096298488695998e-05
3592,997,397,EX_ca2_e,co-consumed,0.0010434847208092
3593,997,397,EX_cl_e,co-consumed,0.00104348472257708
3594,997,397,EX_cobalt2_e,co-consumed,2.0047737191336e-05
3595,997,397,EX_cu2_e,co-consumed,0.000142138456686592
3596,997,397,EX_fe2_e,co-consumed,0.001390731870040848
3597,997,397,EX_fe3_e,co-consumed,0.09940322317984002
3598,997,397,EX_glyc_e,co-consumed,0.027880222580512305
3599,997,397,EX_glygln_e,co-consumed,0.17273684583107904
3600,997,397,EX_gua_e,co-consumed,0.0487618761801338
3601,997,397,EX_h2s_e,received,0.04932917039706491
3602,997,397,EX_h_e,co-consumed,3.999999947550514
3603,997,397,EX_ile__L_e,co-consumed,0.05824451862096163
3604,997,397,EX_indole_e,co-consumed,0.011395739851250869
3605,997,397,EX_k_e,co-consumed,0.03913177965589056
3606,997,397,EX_leu__L_e,co-consumed,0.09032106403279362
3607,997,397,EX_lys__L_e,co-consumed,0.0687959983179711
3608,997,397,EX_mg2_e,co-consumed,0.001739141201779196
3609,997,397,EX_mn2_e,co-consumed,0.000138529863992152
3610,997,397,EX_nh4_e,provided,0.4893943352087682
3611,997,397,EX_o2_e,co-consumed,4.0000000080151406
3612,997,397,EX_orn_e,co-consumed,0.04431628766154045
3613,997,397,EX_pheme_e,co-consumed,4.4700229887944004e-05
3614,997,397,EX_pyovd_kt_e,co-consumed,0.08168261366841971
3615,997,397,EX_so4_e,co-consumed,0.000869810833913784
3616,997,397,EX_tyr__L_e,co-consumed,0.02764506582847024
3617,997,397,EX_zn2_e,co-consumed,6.8362783822464e-05
3618,997,790,EX_acald_e,co-consumed,0.6015655253815413
3619,997,790,EX_arg__L_e,co-consumed,0.05929959856276623
3620,997,790,EX_bz_e,co-consumed,2.0096298488695998e-05
3621,997,790,EX_ca2_e,co-consumed,0.0010434847208092
3622,997,790,EX_cl_e,co-consumed,0.00104348472257708
3623,997,790,EX_cobalt2_e,co-consumed,2.0047737191336e-05
3624,997,790,EX_cu2_e,co-consumed,0.000142138456686592
3625,997,790,EX_etoh_e,co-consumed,1.3486580099658077e-06
3626,997,790,EX_fe2_e,co-consumed,0.001390731870040848
3627,997,790,EX_fe3_e,co-consumed,0.09940322317984002
3628,997,790,EX_glu__L_e,provided,1.4547662932545256e-06
3629,997,790,EX_glyc_e,co-consumed,5.115498198920001e-06
3630,997,790,EX_glygln_e,co-consumed,0.17273684583107904
3631,997,790,EX_gua_e,co-consumed,1.4960626605072258e-06
3632,997,790,EX_h2s_e,co-consumed,0.04932917039706491
3633,997,790,EX_h_e,co-consumed,3.9999999510067523
3634,997,790,EX_ile__L_e,co-consumed,0.05824451862096163
3635,997,790,EX_indole_e,co-consumed,0.011395739851250869
3636,997,790,EX_k_e,co-consumed,0.03913177965589056
3637,997,790,EX_leu__L_e,co-consumed,0.09032106403279362
3638,997,790,EX_lys__L_e,co-consumed,0.0687959983179711
3639,997,790,EX_mg2_e,co-consumed,0.001739141201779196
3640,997,790,EX_mn2_e,co-consumed,0.000138529863992152
3641,997,790,EX_o2_e,co-consumed,4.000000008075555
3642,997,790,EX_orn_e,co-consumed,0.04431628766154045
3643,997,790,EX_pheme_e,co-consumed,4.4700229887944004e-05
3644,997,790,EX_pyovd_kt_e,co-consumed,0.08168969220271365
3645,997,790,EX_so4_e,co-consumed,0.000869810833913784
3646,997,790,EX_tyr__L_e,received,0.02764506582847024
3647,997,790,EX_zn2_e,co-consumed,6.8362783822464e-05
3648,997,947,EX_acald_e,received,0.6015655253815413
3649,997,947,EX_arg__L_e,co-consumed,0.05929959856276623
3650,997,947,EX_ca2_e,co-consumed,0.0010434847208092
3651,997,947,EX_cl_e,co-consumed,0.00104348472257708
3652,997,947,EX_cobalt2_e,co-consumed,2.0047737191336e-05
3653,997,947,EX_cu2_e,co-consumed,0.000142138456686592
3654,997,947,EX_etoh_e,co-consumed,1.5971720553081045e-06
3655,997,947,EX_fe2_e,co-consumed,0.001390731870040848
3656,997,947,EX_fe3_e,co-consumed,0.09940322317984002
3657,997,947,EX_gly_asn__L_e,co-consumed,0.04832607565121119
3658,997,947,EX_glyc_e,co-consumed,0.027880222580512305
3659,997,947,EX_glygln_e,co-consumed,0.17273684583107904
3660,997,947,EX_h2s_e,co-consumed,0.036494787671598944
3661,997,947,EX_h_e,co-consumed,3.999999955173125
3662,997,947,EX_indole_e,co-consumed,0.011395739851250869
3663,997,947,EX_k_e,co-consumed,0.03913177965589056
3664,997,947,EX_leu__L_e,received,1.712640020151455e-06
3665,997,947,EX_lys__L_e,co-consumed,0.0687959983179711
3666,997,947,EX_mg2_e,co-consumed,0.001739141201779196
3667,997,947,EX_mn2_e,co-consumed,0.000138529863992152
3668,997,947,EX_nh4_e,provided,0.8581781074640575
3669,997,947,EX_o2_e,co-consumed,4.0000000079260385
3670,997,947,EX_orn_e,received,0.04431628766154045
3671,997,947,EX_pyovd_kt_e,co-consumed,0.08172432925127425
3672,997,947,EX_so4_e,co-consumed,0.000869810833913784
3673,997,947,EX_zn2_e,co-consumed,6.8362783822464e-05
3674,997,1114,EX_arg__L_e,co-consumed,0.0046357303882063276
3675,997,1114,EX_bz_e,co-consumed,1.5686153384505792e-06
3676,997,1114,EX_ca2_e,co-consumed,8.157368052924399e-05
3677,997,1114,EX_cl_e,co-consumed,8.1573673573936e-05
3678,997,1114,EX_cobalt2_e,co-consumed,1.5672176856355215e-06
3679,997,1114,EX_cu2_e,co-consumed,1.0660673623368001e-05
3680,997,1114,EX_fe2_e,co-consumed,0.000105202132142988
3681,997,1114,EX_fe3_e,co-consumed,0.09940322317984002
3682,997,1114,EX_gly_asn__L_e,co-consumed,0.003777855372185156
3683,997,1114,EX_glyc_e,co-consumed,0.027880222580512305
3684,997,1114,EX_glygln_e,co-consumed,0.042553588203818285
3685,997,1114,EX_h2s_e,co-consumed,0.0038483196513773637
3686,997,1114,EX_h_e,received,0.00112623464957868
3687,997,1114,EX_ile__L_e,co-consumed,0.004872935060638228
3688,997,1114,EX_k_e,co-consumed,0.003059099217122536
3689,997,1114,EX_leu__L_e,co-consumed,0.007230005544080364
3690,997,1114,EX_lys__L_e,co-consumed,0.005534792074785936
3691,997,1114,EX_man1p_e,co-consumed,0.021971806925223606
3692,997,1114,EX_mg2_e,co-consumed,0.000135956138154524
3693,997,1114,EX_mn2_e,co-consumed,1.082947420774e-05
3694,997,1114,EX_o2_e,co-consumed,3.8457435539662432
3695,997,1114,EX_orn_e,co-consumed,0.003464318233193924
3696,997,1114,EX_pyovd_kt_e,co-consumed,0.08153202518695611
3697,997,1114,EX_so4_e,co-consumed,6.7900542683388e-05
3698,997,1114,EX_thm_e,co-consumed,3.4862392137499753e-06
3699,997,1114,EX_tyr__L_e,co-consumed,0.002161134730962664
3700,997,1114,EX_zn2_e,co-consumed,5.344212308016e-06
3701,997,1362,EX_acald_e,received,0.6015655253815413
3702,997,1362,EX_arg__L_e,co-consumed,0.05929959856276623
3703,997,1362,EX_asp__D_e,co-consumed,2.604851848398433
3704,997,1362,EX_bz_e,received,2.0096298488695998e-05
3705,997,1362,EX_ca2_e,co-consumed,0.0010434847208092
3706,997,1362,EX_cl_e,co-consumed,0.00104348472257708
3707,997,1362,EX_cobalt2_e,co-consumed,2.0047737191336e-05
3708,997,1362,EX_cu2_e,co-consumed,0.000142138456686592
3709,997,1362,EX_etoh_e,received,1.5971720553081045e-06
3710,997,1362,EX_fe2_e,co-consumed,0.001390731870040848
3711,997,1362,EX_fe3_e,co-consumed,0.09940322317984002
3712,997,1362,EX_gly_asn__L_e,co-consumed,0.04832607565121119
3713,997,1362,EX_glyc_e,co-consumed,0.027880222580512305
3714,997,1362,EX_gthrd_e,co-consumed,1.4356304749597735e-06
3715,997,1362,EX_gua_e,co-consumed,0.0487618761801338
3716,997,1362,EX_h2s_e,received,0.04932917039706491
3717,997,1362,EX_h_e,co-consumed,3.999999955173125
3718,997,1362,EX_indole_e,received,0.011395739851250869
3719,997,1362,EX_k_e,co-consumed,0.03913177965589056
3720,997,1362,EX_leu__L_e,co-consumed,0.09032106403279362
3721,997,1362,EX_man1p_e,received,0.19326428623149647
3722,997,1362,EX_mg2_e,co-consumed,0.001739141201779196
3723,997,1362,EX_mn2_e,co-consumed,0.000138529863992152
3724,997,1362,EX_nh4_e,provided,0.01835854082437485
3725,997,1362,EX_o2_e,co-consumed,4.0000000073171
3726,997,1362,EX_pheme_e,co-consumed,4.4700229887944004e-05
3727,997,1362,EX_pyovd_kt_e,co-consumed,0.09708401242788707
3728,997,1362,EX_so4_e,co-consumed,0.000869810833913784
3729,997,1362,EX_zn2_e,co-consumed,6.8362783822464e-05
3730,997,428,EX_acald_e,co-consumed,0.6015655253815413
3731,997,428,EX_arg__L_e,co-consumed,0.05929959856276623
3732,997,428,EX_bz_e,co-consumed,2.0096298488695998e-05
3733,997,428,EX_ca2_e,co-consumed,0.0010434847208092
3734,997,428,EX_cl_e,co-consumed,0.00104348472257708
3735,997,428,EX_cobalt2_e,co-consumed,2.0047737191336e-05
3736,997,428,EX_cu2_e,co-consumed,0.000142138456686592
3737,997,428,EX_etoh_e,co-consumed,1.5971720553081045e-06
3738,997,428,EX_fe2_e,co-consumed,0.001390731870040848
3739,997,428,EX_fe3_e,co-consumed,0.09940322317984002
3740,997,428,EX_gly_asn__L_e,co-consumed,0.04832607565121119
3741,997,428,EX_glyc_e,co-consumed,0.027880222580512305
3742,997,428,EX_glygln_e,co-consumed,0.17273684583107904
3743,997,428,EX_gthrd_e,co-consumed,1.4356304749597735e-06
3744,997,428,EX_h2s_e,co-consumed,0.04303388535733
3745,997,428,EX_h_e,co-consumed,3.999999955173125
3746,997,428,EX_ile__L_e,co-consumed,0.05824451862096163
3747,997,428,EX_indole_e,co-consumed,0.011395739851250869
3748,997,428,EX_k_e,co-consumed,0.03913177965589056
3749,997,428,EX_lys__L_e,co-consumed,0.0687959983179711
3750,997,428,EX_mg2_e,co-consumed,0.001739141201779196
3751,997,428,EX_mn2_e,co-consumed,0.000138529863992152
3752,997,428,EX_nac_e,co-consumed,0.000456556498351432
3753,997,428,EX_nh4_e,provided,0.5711387962245577
3754,997,428,EX_o2_e,co-consumed,4.000000008075317
3755,997,428,EX_pheme_e,co-consumed,4.4700229887944004e-05
3756,997,428,EX_pyovd_kt_e,co-consumed,0.08186765301658698
3757,997,428,EX_ser__L_e,co-consumed,0.09015960816453393
3758,997,428,EX_so4_e,co-consumed,0.000869810833913784
3759,997,428,EX_tyr__L_e,co-consumed,0.02764506582847024
3760,997,428,EX_ura_e,provided,0.09249307473258073
3761,997,428,EX_zn2_e,co-consumed,6.8362783822464e-05
3762,997,796,EX_acald_e,co-consumed,0.002836909054187548
3763,997,796,EX_arg__L_e,co-consumed,0.05929959856276623
3764,997,796,EX_ca2_e,co-consumed,0.0010434847208092
3765,997,796,EX_cl_e,co-consumed,0.00104348472257708
3766,997,796,EX_cobalt2_e,co-consumed,2.0047737191336e-05
3767,997,796,EX_cu2_e,co-consumed,0.000142138456686592
3768,997,796,EX_etoh_e,co-consumed,1.5971720553081045e-06
3769,997,796,EX_fe2_e,co-consumed,0.001390731870040848
3770,997,796,EX_fe3_e,co-consumed,0.09940322317984002
3771,997,796,EX_gly_asn__L_e,co-consumed,0.04832607565121119
3772,997,796,EX_glyc_e,co-consumed,0.027880222580512305
3773,997,796,EX_glygln_e,co-consumed,0.17273684583107904
3774,997,796,EX_h2s_e,received,0.04932917039706491
3775,997,796,EX_h_e,co-consumed,3.9999999187499555
3776,997,796,EX_ile__L_e,co-consumed,0.05824451862096163
3777,997,796,EX_indole_e,co-consumed,0.011395739851250869
3778,997,796,EX_k_e,co-consumed,0.03913177965589056
3779,997,796,EX_lys__L_e,co-consumed,0.0687959983179711
3780,997,796,EX_mg2_e,co-consumed,0.001739141201779196
3781,997,796,EX_mn2_e,co-consumed,0.000138529863992152
3782,997,796,EX_nh4_e,provided,5.81020049542e-06
3783,997,796,EX_o2_e,co-consumed,4.000000007062814
3784,997,796,EX_orn_e,co-consumed,0.04431628766154045
3785,997,796,EX_pheme_e,co-consumed,4.4700229887944004e-05
3786,997,796,EX_pyovd_kt_e,co-consumed,0.08161142134172414
3787,997,796,EX_so4_e,co-consumed,0.000869810833913784
3788,997,796,EX_ura_e,provided,0.07038945814940765
3789,997,796,EX_zn2_e,co-consumed,6.8362783822464e-05
3790,997,1350,EX_acald_e,co-consumed,0.6015655253815413
3791,997,1350,EX_arg__L_e,co-consumed,0.04480527367546154
3792,997,1350,EX_ca2_e,co-consumed,0.000388408448178276
3793,997,1350,EX_cl_e,co-consumed,0.000388413463840176
3794,997,1350,EX_cobalt2_e,co-consumed,7.46231436586e-06
3795,997,1350,EX_cu2_e,co-consumed,5.290780885396e-05
3796,997,1350,EX_fe3_e,co-consumed,0.09940322317984002
3797,997,1350,EX_gly_asn__L_e,co-consumed,0.01798827822953449
3798,997,1350,EX_glyald_e,provided,9.487526180424001e-06
3799,997,1350,EX_glyc_e,received,0.027880222580512305
3800,997,1350,EX_glygln_e,co-consumed,0.1284790199539067
3801,997,1350,EX_gua_e,received,0.00195256487725718
3802,997,1350,EX_h2s_e,co-consumed,0.018360240954817714
3803,997,1350,EX_h_e,co-consumed,0.17888914915507573
3804,997,1350,EX_ile__L_e,co-consumed,0.016327387249486534
3805,997,1350,EX_k_e,co-consumed,0.01456591528015751
3806,997,1350,EX_lys__L_e,co-consumed,0.02635395491518484
3807,997,1350,EX_mg2_e,co-consumed,0.000647355765087112
3808,997,1350,EX_mn2_e,co-consumed,5.1564593668596e-05
3809,997,1350,EX_o2_e,co-consumed,4.000000001268809
3810,997,1350,EX_orn_e,received,0.006236717596360448
3811,997,1350,EX_pyovd_kt_e,co-consumed,0.08164225635842604
3812,997,1350,EX_ser__L_e,co-consumed,0.09015960816453393
3813,997,1350,EX_so4_e,co-consumed,0.000323716092813068
3814,997,1350,EX_thm_e,co-consumed,1.6419537479584e-05
3815,997,1350,EX_tyr__L_e,co-consumed,0.010290447363563479
3816,997,1350,EX_ura_e,provided,0.0019525092422970841
3817,997,1350,EX_zn2_e,co-consumed,2.5446491987588002e-05
3818,997,262,EX_acald_e,co-consumed,0.6015655253815413
3819,997,262,EX_arg__L_e,co-consumed,0.05929959856276623
3820,997,262,EX_bz_e,co-consumed,2.0096298488695998e-05
3821,997,262,EX_ca2_e,co-consumed,0.0010434847208092
3822,997,262,EX_cgly_e,provided,1.45917122985018e-06
3823,997,262,EX_cl_e,co-consumed,0.00104348472257708
3824,997,262,EX_cobalt2_e,co-consumed,2.0047737191336e-05
3825,997,262,EX_cu2_e,co-consumed,0.000142138456686592
3826,997,262,EX_etoh_e,received,1.5971720553081045e-06
3827,997,262,EX_fe2_e,co-consumed,0.001390731870040848
3828,997,262,EX_fe3_e,co-consumed,0.09825562569376221
3829,997,262,EX_glu__L_e,provided,1.4547662932545256e-06
3830,997,262,EX_gly_asn__L_e,co-consumed,0.04832607565121119
3831,997,262,EX_glyald_e,provided,9.487526180424001e-06
3832,997,262,EX_glyc_e,received,0.027880222580512305
3833,997,262,EX_gthrd_e,received,1.4356304749597735e-06
3834,997,262,EX_gua_e,co-consumed,0.0487618761801338
3835,997,262,EX_h2o_e,provided,3.9999997466492805
3836,997,262,EX_h2s_e,co-consumed,0.04932917039706491
3837,997,262,EX_h_e,co-consumed,3.9999999358706617
3838,997,262,EX_ile__L_e,co-consumed,0.05824451862096163
3839,997,262,EX_indole_e,co-consumed,0.011395739851250869
3840,997,262,EX_k_e,co-consumed,0.03913177965589056
3841,997,262,EX_lys__L_e,co-consumed,0.0687959983179711
3842,997,262,EX_mg2_e,co-consumed,0.001739141201779196
3843,997,262,EX_mn2_e,co-consumed,0.000138529863992152
3844,997,262,EX_nh4_e,provided,1.0906162008932012
3845,997,262,EX_o2_e,co-consumed,4.000000005716123
3846,997,262,EX_orn_e,received,0.04431628766154045
3847,997,262,EX_pyovd_kt_e,co-consumed,0.09783777430282699
3848,997,262,EX_ser__L_e,co-consumed,0.09015960816453393
3849,997,262,EX_so4_e,co-consumed,0.000869810833913784
3850,997,262,EX_tyr__L_e,co-consumed,0.02764506582847024
3851,997,262,EX_ura_e,provided,0.15589050628441417
3852,997,262,EX_zn2_e,co-consumed,6.8362783822464e-05
3853,997,978,EX_acald_e,co-consumed,0.6015655253815413
3854,997,978,EX_arg__L_e,co-consumed,0.03493271998263871
3855,997,978,EX_asp__D_e,co-consumed,0.02947288471119753
3856,997,978,EX_bz_e,co-consumed,1.178109358972e-05
3857,997,978,EX_ca2_e,co-consumed,0.000614705407725804
3858,997,978,EX_cgly_e,provided,1.45917122985018e-06
3859,997,978,EX_cl_e,co-consumed,0.000614705397849888
3860,997,978,EX_cobalt2_e,co-consumed,1.1809901884912e-05
3861,997,978,EX_cu2_e,co-consumed,8.373220436403201e-05
3862,997,978,EX_fe2_e,co-consumed,0.0007928112618444481
3863,997,978,EX_fe3_e,co-consumed,0.09940322317984002
3864,997,978,EX_glu__L_e,provided,1.4547662932545256e-06
3865,997,978,EX_glyc_e,co-consumed,0.027880222580512305
3866,997,978,EX_glygln_e,co-consumed,0.16531970933720153
3867,997,978,EX_gthrd_e,received,1.4356304749597735e-06
3868,997,978,EX_h2o_e,provided,3.999999718465075
3869,997,978,EX_h2s_e,co-consumed,0.029059921706837077
3870,997,978,EX_h_e,co-consumed,3.999999719834292
3871,997,978,EX_ile__L_e,co-consumed,0.03672040273140531
3872,997,978,EX_k_e,co-consumed,0.02305210178621846
3873,997,978,EX_lys__L_e,co-consumed,0.04170792875179372
3874,997,978,EX_mg2_e,co-consumed,0.00102450898582638
3875,997,978,EX_mn2_e,co-consumed,8.1606422024748e-05
3876,997,978,EX_nh4_e,provided,0.15221570128204553
3877,997,978,EX_o2_e,co-consumed,3.999999987126816
3878,997,978,EX_orn_e,co-consumed,0.02610624975975622
3879,997,978,EX_pyovd_kt_e,co-consumed,0.08177217094967777
3880,997,978,EX_ser__L_e,co-consumed,0.09015960816453393
3881,997,978,EX_so4_e,co-consumed,0.000512315308719196
3882,997,978,EX_thm_e,co-consumed,2.6335884137236003e-05
3883,997,978,EX_zn2_e,co-consumed,4.0266750851668e-05
3884,997,1338,EX_acald_e,received,0.6015655253815413
3885,997,1338,EX_arg__L_e,co-consumed,0.05929959856276623
3886,997,1338,EX_bz_e,co-consumed,2.0096298488695998e-05
3887,997,1338,EX_ca2_e,co-consumed,0.0010434847208092
3888,997,1338,EX_cl_e,co-consumed,0.00104348472257708
3889,997,1338,EX_cobalt2_e,co-consumed,2.0047737191336e-05
3890,997,1338,EX_cu2_e,co-consumed,0.000142138456686592
3891,997,1338,EX_etoh_e,received,1.5971720553081045e-06
3892,997,1338,EX_fe2_e,co-consumed,0.001390731870040848
3893,997,1338,EX_fe3_e,co-consumed,0.09940322317984002
3894,997,1338,EX_gly_asn__L_e,co-consumed,0.04832607565121119
3895,997,1338,EX_glyc_e,co-consumed,0.027880222580512305
3896,997,1338,EX_gthrd_e,co-consumed,1.4356304749597735e-06
3897,997,1338,EX_gua_e,co-consumed,0.0487618761801338
3898,997,1338,EX_h2s_e,co-consumed,0.04932917039706491
3899,997,1338,EX_h_e,co-consumed,3.99999984176356
3900,997,1338,EX_ile__L_e,co-consumed,0.05824451862096163
3901,997,1338,EX_indole_e,co-consumed,0.011395739851250869
3902,997,1338,EX_k_e,co-consumed,0.03913177965589056
3903,997,1338,EX_lys__L_e,co-consumed,0.0687959983179711
3904,997,1338,EX_mg2_e,co-consumed,0.001739141201779196
3905,997,1338,EX_mn2_e,co-consumed,0.000138529863992152
3906,997,1338,EX_o2_e,co-consumed,4.000000008075873
3907,997,1338,EX_orn_e,co-consumed,0.04431628766154045
3908,997,1338,EX_pheme_e,co-consumed,4.4700229887944004e-05
3909,997,1338,EX_pyovd_kt_e,co-consumed,0.09715883992988676
3910,997,1338,EX_ser__L_e,co-consumed,0.09015960816453393
3911,997,1338,EX_so4_e,co-consumed,0.000869810833913784
3912,997,1338,EX_tyr__L_e,co-consumed,0.02764506582847024
3913,997,1338,EX_zn2_e,co-consumed,6.8362783822464e-05
3914,997,1357,EX_acald_e,co-consumed,0.6015655253815413
3915,997,1357,EX_arg__L_e,co-consumed,0.05929959856276623
3916,997,1357,EX_bz_e,co-consumed,2.0096298488695998e-05
3917,997,1357,EX_ca2_e,co-consumed,0.0010434847208092
3918,997,1357,EX_cl_e,co-consumed,0.00104348472257708
3919,997,1357,EX_cobalt2_e,co-consumed,2.0047737191336e-05
3920,997,1357,EX_cu2_e,co-consumed,0.000142138456686592
3921,997,1357,EX_etoh_e,co-consumed,1.2935053489466327e-06
3922,997,1357,EX_fe2_e,co-consumed,0.001390731870040848
3923,997,1357,EX_fe3_e,co-consumed,0.09940322317984002
3924,997,1357,EX_glyc_e,co-consumed,0.027880222580512305
3925,997,1357,EX_glygln_e,co-consumed,0.17273684583107904
3926,997,1357,EX_h2s_e,co-consumed,0.04932917039706491
3927,997,1357,EX_h_e,co-consumed,3.999999955173125
3928,997,1357,EX_ile__L_e,co-consumed,0.05824451862096163
3929,997,1357,EX_indole_e,co-consumed,0.011395739851250869
3930,997,1357,EX_k_e,co-consumed,0.03913177965589056
3931,997,1357,EX_leu__L_e,co-consumed,0.09032106403279362
3932,997,1357,EX_lys__L_e,co-consumed,0.0687959983179711
3933,997,1357,EX_mg2_e,co-consumed,0.001739141201779196
3934,997,1357,EX_mn2_e,co-consumed,0.000138529863992152
3935,997,1357,EX_o2_e,co-consumed,4.000000008075873
3936,997,1357,EX_orn_e,co-consumed,0.04431628766154045
3937,997,1357,EX_pheme_e,co-consumed,4.4700229887944004e-05
3938,997,1357,EX_pyovd_kt_e,co-consumed,0.09747692068785542
3939,997,1357,EX_so4_e,co-consumed,0.000869810833913784
3940,997,1357,EX_tyr__L_e,co-consumed,0.02764506582847024
3941,997,1357,EX_zn2_e,co-consumed,6.8362783822464e-05
3942,997,2751,EX_fe3_e,co-consumed,0.09940322317984002
3943,997,2751,EX_glyc_e,co-consumed,0.027880222580512305
3944,997,2751,EX_gthrd_e,co-consumed,1.4356304749597735e-06
3945,997,2751,EX_h2s_e,co-consumed,0.04932917039706491
3946,997,2751,EX_h_e,received,3.999999955173125
3947,997,2751,EX_nh4_e,provided,0.7901715688895377
3948,997,2751,EX_o2_e,co-consumed,3.999999925117265
3949,997,2751,EX_pyovd_kt_e,co-consumed,0.08140781945174283
3950,997,709,EX_acald_e,co-consumed,0.6015655253815413
3951,997,709,EX_arg__L_e,received,0.05929959856276623
3952,997,709,EX_asp__D_e,received,2.917353481357961
3953,997,709,EX_co2_e,provided,3.9999992468984384
3954,997,709,EX_etoh_e,received,1.5971720553081045e-06
3955,997,709,EX_fe2_e,co-consumed,0.001004880035867944
3956,997,709,EX_fe3_e,co-consumed,0.09940322317984002
3957,997,709,EX_glyald_e,provided,9.487526180424001e-06
3958,997,709,EX_glyc_e,received,0.027880222580512305
3959,997,709,EX_h2s_e,co-consumed,0.036008770359333114
3960,997,709,EX_h_e,co-consumed,3.9999997443327784
3961,997,709,EX_nac_e,received,0.000456556498351432
3962,997,709,EX_nh4_e,provided,1.2529140989344e-05
3963,997,709,EX_o2_e,co-consumed,3.9999999885236144
3964,997,709,EX_orn_e,co-consumed,0.04431628766154045
3965,997,709,EX_pheme_e,received,4.4700229887944004e-05
3966,997,709,EX_pyovd_kt_e,co-consumed,0.08162271012892948
3967,997,709,EX_ser__L_e,co-consumed,0.09015960816453393
3968,997,1080,EX_acald_e,co-consumed,0.6015655253815413
3969,997,1080,EX_arg__L_e,co-consumed,0.05929959856276623
3970,997,1080,EX_asp__D_e,co-consumed,2.917353481357961
3971,997,1080,EX_bz_e,co-consumed,2.0096298488695998e-05
3972,997,1080,EX_ca2_e,co-consumed,0.0010434847208092
3973,997,1080,EX_cl_e,co-consumed,0.00104348472257708
3974,997,1080,EX_cobalt2_e,co-consumed,2.0047737191336e-05
3975,997,1080,EX_cu2_e,co-consumed,0.000142138456686592
3976,997,1080,EX_etoh_e,received,1.5971720553081045e-06
3977,997,1080,EX_fe2_e,co-consumed,0.001390731870040848
3978,997,1080,EX_fe3_e,co-consumed,0.09940322317984002
3979,997,1080,EX_gly_asn__L_e,co-consumed,0.04832607565121119
3980,997,1080,EX_glyald_e,provided,9.487526180424001e-06
3981,997,1080,EX_glyc_e,received,0.027880222580512305
3982,997,1080,EX_glygln_e,co-consumed,0.17273684583107904
3983,997,1080,EX_h2s_e,co-consumed,0.04932917039706491
3984,997,1080,EX_h_e,co-consumed,3.99999994148562
3985,997,1080,EX_ile__L_e,co-consumed,0.05824451862096163
3986,997,1080,EX_indole_e,co-consumed,0.011395739851250869
3987,997,1080,EX_k_e,co-consumed,0.03913177965589056
3988,997,1080,EX_leu__L_e,co-consumed,0.09032106403279362
3989,997,1080,EX_mg2_e,co-consumed,0.001739141201779196
3990,997,1080,EX_mn2_e,co-consumed,0.000138529863992152
3991,997,1080,EX_o2_e,co-consumed,4.000000008075873
3992,997,1080,EX_pheme_e,co-consumed,4.4700229887944004e-05
3993,997,1080,EX_pyovd_kt_e,co-consumed,0.08162460805035757
3994,997,1080,EX_ser__L_e,co-consumed,0.09015960816453393
3995,997,1080,EX_so4_e,co-consumed,0.000869810833913784
3996,997,1080,EX_thm_e,co-consumed,4.4672280316016e-05
3997,997,1080,EX_tyr__L_e,co-consumed,0.02764506582847024
3998,997,1080,EX_zn2_e,co-consumed,6.8362783822464e-05
3999,997,1234,EX_acald_e,received,0.6015655253815413
4000,997,1234,EX_arg__L_e,co-consumed,0.05929959856276623
4001,997,1234,EX_bz_e,co-consumed,2.0096298488695998e-05
4002,997,1234,EX_ca2_e,co-consumed,0.0010434847208092
4003,997,1234,EX_cl_e,co-consumed,0.00104348472257708
4004,997,1234,EX_cobalt2_e,co-consumed,2.0047737191336e-05
4005,997,1234,EX_cu2_e,co-consumed,0.000142138456686592
4006,997,1234,EX_etoh_e,received,1.5971720553081045e-06
4007,997,1234,EX_fe2_e,co-consumed,0.001390731870040848
4008,997,1234,EX_fe3_e,co-consumed,0.09940322317984002
4009,997,1234,EX_gly_asn__L_e,co-consumed,0.04832607565121119
4010,997,1234,EX_glyc_e,co-consumed,0.027880222580512305
4011,997,1234,EX_glygln_e,co-consumed,0.17273684583107904
4012,997,1234,EX_gthrd_e,co-consumed,1.4065100262110147e-06
4013,997,1234,EX_h2o_e,provided,0.657708615030396
4014,997,1234,EX_h2s_e,co-consumed,0.04932917039706491
4015,997,1234,EX_h_e,co-consumed,3.999999955173125
4016,997,1234,EX_ile__L_e,co-consumed,0.05824451862096163
4017,997,1234,EX_indole_e,co-consumed,0.011395739851250869
4018,997,1234,EX_k_e,co-consumed,0.03913177965589056
4019,997,1234,EX_leu__L_e,received,0.09032106403279362
4020,997,1234,EX_lys__L_e,co-consumed,0.0687959983179711
4021,997,1234,EX_mg2_e,co-consumed,0.001739141201779196
4022,997,1234,EX_mn2_e,co-consumed,0.000138529863992152
4023,997,1234,EX_nh4_e,provided,1.0906162008932012
4024,997,1234,EX_o2_e,co-consumed,4.000000008075873
4025,997,1234,EX_orn_e,co-consumed,0.04431628766154045
4026,997,1234,EX_pheme_e,co-consumed,4.4700229887944004e-05
4027,997,1234,EX_pyovd_kt_e,co-consumed,0.0966212167263657
4028,997,1234,EX_so4_e,co-consumed,0.000869810833913784
4029,997,1234,EX_tyr__L_e,co-consumed,0.02764506582847024
4030,997,1234,EX_zn2_e,co-consumed,6.8362783822464e-05
4031,997,459,EX_acald_e,received,0.6015655253815413
4032,997,459,EX_arg__L_e,co-consumed,0.05929959856276623
4033,997,459,EX_bz_e,co-consumed,2.0096298488695998e-05
4034,997,459,EX_ca2_e,co-consumed,0.0010434847208092
4035,997,459,EX_cl_e,co-consumed,0.00104348472257708
4036,997,459,EX_cobalt2_e,co-consumed,2.0047737191336e-05
4037,997,459,EX_cu2_e,co-consumed,0.000142138456686592
4038,997,459,EX_etoh_e,co-consumed,1.5971720553081045e-06
4039,997,459,EX_fe2_e,co-consumed,0.001390731870040848
4040,997,459,EX_fe3_e,co-consumed,0.09940322317984002
4041,997,459,EX_gly_asn__L_e,co-consumed,0.04832607565121119
4042,997,459,EX_glyc_e,co-consumed,0.027880222580512305
4043,997,459,EX_glygln_e,co-consumed,0.17273684583107904
4044,997,459,EX_gua_e,received,0.029323899499775583
4045,997,459,EX_h2s_e,co-consumed,0.04932917039706491
4046,997,459,EX_h_e,co-consumed,3.999999955173125
4047,997,459,EX_ile__L_e,co-consumed,0.05824451862096163
4048,997,459,EX_indole_e,co-consumed,0.011395739851250869
4049,997,459,EX_k_e,co-consumed,0.03913177965589056
4050,997,459,EX_lys__L_e,co-consumed,0.05673698394769787
4051,997,459,EX_mg2_e,co-consumed,0.001739141201779196
4052,997,459,EX_mn2_e,co-consumed,0.000138529863992152
4053,997,459,EX_nh4_e,provided,0.39438734493157057
4054,997,459,EX_o2_e,co-consumed,4.000000008075873
4055,997,459,EX_orn_e,co-consumed,1.308345766382397e-06
4056,997,459,EX_pheme_e,co-consumed,4.4700229887944004e-05
4057,997,459,EX_pyovd_kt_e,co-consumed,0.09777116056894272
4058,997,459,EX_so4_e,co-consumed,0.000869810833913784
4059,997,459,EX_tyr__L_e,co-consumed,0.02764506582847024
4060,997,459,EX_ura_e,provided,0.08415546426400097
4061,997,459,EX_zn2_e,co-consumed,6.8362783822464e-05
4062,997,939,EX_acald_e,co-consumed,0.6015655253815413
4063,997,939,EX_arg__L_e,co-consumed,0.05929959856276623
4064,997,939,EX_bz_e,co-consumed,2.0096298488695998e-05
4065,997,939,EX_ca2_e,co-consumed,0.0010434847208092
4066,997,939,EX_cl_e,co-consumed,0.00104348472257708
4067,997,939,EX_co2_e,provided,3.9999931267347986
4068,997,939,EX_cobalt2_e,co-consumed,2.0047737191336e-05
4069,997,939,EX_cu2_e,co-consumed,0.000142138456686592
4070,997,939,EX_etoh_e,co-consumed,1.5971720553081045e-06
4071,997,939,EX_fe2_e,co-consumed,0.001390731870040848
4072,997,939,EX_fe3_e,co-consumed,0.09940322317984002
4073,997,939,EX_glu__L_e,provided,1.4547662932545256e-06
4074,997,939,EX_gly_asn__L_e,co-consumed,0.04832607565121119
4075,997,939,EX_glyc_e,received,0.024997015534810717
4076,997,939,EX_glygln_e,co-consumed,0.17273684583107904
4077,997,939,EX_gua_e,received,0.0487618761801338
4078,997,939,EX_h2s_e,co-consumed,0.04932917039706491
4079,997,939,EX_h_e,co-consumed,3.999999955173125
4080,997,939,EX_ile__L_e,co-consumed,0.05824451862096163
4081,997,939,EX_indole_e,co-consumed,0.011395739851250869
4082,997,939,EX_k_e,co-consumed,0.03913177965589056
4083,997,939,EX_mg2_e,co-consumed,0.001739141201779196
4084,997,939,EX_mn2_e,co-consumed,0.000138529863992152
4085,997,939,EX_o2_e,co-consumed,4.000000008075873
4086,997,939,EX_pheme_e,co-consumed,4.4700229887944004e-05
4087,997,939,EX_pyovd_kt_e,co-consumed,0.08179167806008131
4088,997,939,EX_so4_e,co-consumed,0.000869810833913784
4089,997,939,EX_thm_e,co-consumed,4.4672280316016e-05
4090,997,939,EX_tyr__L_e,co-consumed,0.02764506582847024
4091,997,939,EX_ura_e,provided,0.10993626824722248
4092,997,939,EX_zn2_e,co-consumed,6.8362783822464e-05
4093,997,1101,EX_acald_e,co-consumed,0.6015655253815413
4094,997,1101,EX_arg__L_e,co-consumed,0.05929959856276623
4095,997,1101,EX_bz_e,co-consumed,2.0096298488695998e-05
4096,997,1101,EX_ca2_e,co-consumed,0.0010434847208092
4097,997,1101,EX_cl_e,co-consumed,0.00104348472257708
4098,997,1101,EX_cobalt2_e,co-consumed,2.0047737191336e-05
4099,997,1101,EX_cu2_e,co-consumed,0.000142138456686592
4100,997,1101,EX_etoh_e,co-consumed,1.5971720553081045e-06
4101,997,1101,EX_fe2_e,co-consumed,0.001390731870040848
4102,997,1101,EX_fe3_e,co-consumed,0.09940322317984002
4103,997,1101,EX_gly_asn__L_e,co-consumed,0.04832607565121119
4104,997,1101,EX_glyc_e,co-consumed,0.027880222580512305
4105,997,1101,EX_glygln_e,co-consumed,0.17273684583107904
4106,997,1101,EX_gua_e,co-consumed,0.013918972514455676
4107,997,1101,EX_h2s_e,co-consumed,0.03687654426009199
4108,997,1101,EX_h_e,co-consumed,3.999999955173125
4109,997,1101,EX_ile__L_e,co-consumed,0.05824451862096163
4110,997,1101,EX_indole_e,co-consumed,0.011395739851250869
4111,997,1101,EX_k_e,co-consumed,0.03913177965589056
4112,997,1101,EX_leu__L_e,co-consumed,0.09032106403279362
4113,997,1101,EX_lys__L_e,co-consumed,0.0687959983179711
4114,997,1101,EX_mg2_e,co-consumed,0.001739141201779196
4115,997,1101,EX_mn2_e,co-consumed,0.000138529863992152
4116,997,1101,EX_nh4_e,provided,0.1584479661111053
4117,997,1101,EX_o2_e,co-consumed,4.000000008075873
4118,997,1101,EX_orn_e,co-consumed,0.04431628766154045
4119,997,1101,EX_pheme_e,co-consumed,4.4700229887944004e-05
4120,997,1101,EX_pyovd_kt_e,co-consumed,0.09778118568073929
4121,997,1101,EX_so4_e,co-consumed,0.000869810833913784
4122,997,1101,EX_thm_e,received,4.4672280316016e-05
4123,997,1101,EX_tyr__L_e,co-consumed,0.02764506582847024
4124,997,1101,EX_ura_e,provided,0.07925822142510183
4125,997,1101,EX_zn2_e,co-consumed,6.8362783822464e-05
4126,997,895,EX_acald_e,co-consumed,0.6015655253815413
4127,997,895,EX_arg__L_e,co-consumed,0.04662316792854972
4128,997,895,EX_asp__D_e,received,2.917353481357961
4129,997,895,EX_ca2_e,co-consumed,0.000820419769612432
4130,997,895,EX_cl_e,co-consumed,0.000820419769612432
4131,997,895,EX_cobalt2_e,co-consumed,1.5762147350859998e-05
4132,997,895,EX_cu2_e,co-consumed,0.00011175362471762
4133,997,895,EX_etoh_e,received,1.5971720553081045e-06
4134,997,895,EX_fe2_e,received,0.001390731870040848
4135,997,895,EX_fe3_e,co-consumed,0.09940322317984002
4136,997,895,EX_fe3pyovd_kt_e,provided,0.09783777086182913
4137,997,895,EX_glu__L_e,provided,1.4547662932545256e-06
4138,997,895,EX_gly_asn__L_e,co-consumed,0.03799544068859324
4139,997,895,EX_glygln_e,co-consumed,0.17273684583107904
4140,997,895,EX_h2s_e,co-consumed,0.03881892788041594
4141,997,895,EX_h_e,received,3.999999955173125
4142,997,895,EX_indole_e,co-consumed,0.008959674706269403
4143,997,895,EX_k_e,co-consumed,0.03076660827857057
4144,997,895,EX_lys__L_e,co-consumed,0.05408952397600663
4145,997,895,EX_mg2_e,co-consumed,0.001367366289552788
4146,997,895,EX_mn2_e,co-consumed,0.00010891643819446402
4147,997,895,EX_o2_e,co-consumed,3.9999999806049624
4148,997,895,EX_ocdcea_e,provided,0.05609093570575454
4149,997,895,EX_orn_e,co-consumed,0.0348428136409918
4150,997,895,EX_pyovd_kt_e,received,0.09783777430282699
4151,997,895,EX_so4_e,co-consumed,0.0006837934442837
4152,997,895,EX_zn2_e,co-consumed,5.374892246644001e-05
4153,997,1174,EX_acald_e,co-consumed,1.3753633387686748e-06
4154,997,1174,EX_arg__L_e,co-consumed,0.05605769184233719
4155,997,1174,EX_ca2_e,co-consumed,0.000986437759824856
4156,997,1174,EX_cl_e,co-consumed,0.00098643776142874
4157,997,1174,EX_cobalt2_e,co-consumed,1.895173409846e-05
4158,997,1174,EX_cu2_e,co-consumed,0.00013436779475808
4159,997,1174,EX_etoh_e,co-consumed,1.5971720553081045e-06
4160,997,1174,EX_fe2_e,co-consumed,0.001390731870040848
4161,997,1174,EX_fe3_e,co-consumed,0.09940322317984002
4162,997,1174,EX_gly_asn__L_e,co-consumed,0.04568414125757652
4163,997,1174,EX_glyc_e,co-consumed,0.027880222580512305
4164,997,1174,EX_glygln_e,co-consumed,0.17273684583107904
4165,997,1174,EX_h2s_e,co-consumed,0.02916697578508537
4166,997,1174,EX_h_e,co-consumed,3.999999955173125
4167,997,1174,EX_ile__L_e,co-consumed,0.055060282718296175
4168,997,1174,EX_k_e,co-consumed,0.0369924583388076
4169,997,1174,EX_lys__L_e,co-consumed,0.06503486075269914
4170,997,1174,EX_mg2_e,co-consumed,0.001644062933833644
4171,997,1174,EX_mn2_e,co-consumed,0.00013095648262036002
4172,997,1174,EX_nh4_e,provided,0.3070393874160899
4173,997,1174,EX_o2_e,co-consumed,4.000000007375812
4174,997,1174,EX_orn_e,received,0.04431628766154045
4175,997,1174,EX_pheme_e,co-consumed,4.2253617028032e-05
4176,997,1174,EX_pyovd_kt_e,co-consumed,0.08157835839235565
4177,997,1174,EX_ser__L_e,co-consumed,0.09015960816453393
4178,997,1174,EX_so4_e,co-consumed,0.000822122439672656
4179,997,1174,EX_ura_e,provided,0.06269127962800343
4180,997,1174,EX_zn2_e,co-consumed,6.4625413275748e-05
4181,997,638,EX_acald_e,received,0.6015655253815413
4182,997,638,EX_arg__L_e,co-consumed,0.05929959856276623
4183,997,638,EX_ca2_e,co-consumed,0.0010434847208092
4184,997,638,EX_cl_e,co-consumed,0.00104348472257708
4185,997,638,EX_cobalt2_e,co-consumed,2.0047737191336e-05
4186,997,638,EX_cu2_e,co-consumed,0.000142138456686592
4187,997,638,EX_etoh_e,received,1.5971720553081045e-06
4188,997,638,EX_fe2_e,co-consumed,0.001390731870040848
4189,997,638,EX_fe3_e,co-consumed,0.09940322317984002
4190,997,638,EX_glygln_e,co-consumed,0.17273684583107904
4191,997,638,EX_gua_e,received,0.011413676712646004
4192,997,638,EX_h2s_e,received,0.04932917039706491
4193,997,638,EX_h_e,co-consumed,3.9999999377074
4194,997,638,EX_ile__L_e,co-consumed,0.05824451862096163
4195,997,638,EX_inost_e,received,0.000112930720782636
4196,997,638,EX_k_e,co-consumed,0.03913177965589056
4197,997,638,EX_lys__L_e,co-consumed,0.0687959983179711
4198,997,638,EX_mg2_e,co-consumed,0.001739141201779196
4199,997,638,EX_mn2_e,co-consumed,0.000138529863992152
4200,997,638,EX_nh4_e,provided,0.5506591393670807
4201,997,638,EX_o2_e,co-consumed,4.0000000003571925
4202,997,638,EX_orn_e,received,0.03645562108615275
4203,997,638,EX_pyovd_kt_e,co-consumed,0.08183482317024428
4204,997,638,EX_ser__L_e,co-consumed,0.09015960816453393
4205,997,638,EX_so4_e,co-consumed,0.000869810833913784
4206,997,638,EX_thm_e,co-consumed,4.4672280316016e-05
4207,997,638,EX_tyr__L_e,co-consumed,0.02764506582847024
4208,997,638,EX_zn2_e,co-consumed,6.8362783822464e-05
4209,997,1252,EX_acald_e,co-consumed,0.6015655253815413
4210,997,1252,EX_arg__L_e,co-consumed,0.04958276460367674
4211,997,1252,EX_asp__D_e,co-consumed,0.2977012157644438
4212,997,1252,EX_ca2_e,co-consumed,0.000872499182630916
4213,997,1252,EX_cl_e,co-consumed,0.0008724991859140641
4214,997,1252,EX_cobalt2_e,co-consumed,1.6762632508992e-05
4215,997,1252,EX_cu2_e,co-consumed,0.00011884763121716
4216,997,1252,EX_etoh_e,received,1.5971720553081045e-06
4217,997,1252,EX_fe3_e,co-consumed,0.09940322317984002
4218,997,1252,EX_glu__L_e,provided,1.4547662932545256e-06
4219,997,1252,EX_gly_asn__L_e,co-consumed,0.040407353390169966
4220,997,1252,EX_glyc_e,co-consumed,2.5718014938363035e-06
4221,997,1252,EX_glygln_e,co-consumed,0.17273684583107904
4222,997,1252,EX_gthrd_e,co-consumed,1.4356304749597735e-06
4223,997,1252,EX_h2s_e,co-consumed,0.025799261722311503
4224,997,1252,EX_h_e,co-consumed,3.999999955173125
4225,997,1252,EX_ile__L_e,co-consumed,0.04870053056460484
4226,997,1252,EX_indole_e,co-consumed,0.009528431344488265
4227,997,1252,EX_k_e,co-consumed,0.03271964129784373
4228,997,1252,EX_lys__L_e,co-consumed,0.05752308177107786
4229,997,1252,EX_mg2_e,co-consumed,0.001454165301560156
4230,997,1252,EX_mn2_e,co-consumed,0.00011583034153456801
4231,997,1252,EX_o2_e,co-consumed,4.000000006593655
4232,997,1252,EX_orn_e,co-consumed,0.03705476110979352
4233,997,1252,EX_pheme_e,co-consumed,3.7374474097828e-05
4234,997,1252,EX_pyovd_kt_e,co-consumed,0.09763087271135708
4235,997,1252,EX_so4_e,co-consumed,0.0007271911647131201
4236,997,1252,EX_tyr__L_e,co-consumed,0.02315249065739494
4237,997,1252,EX_zn2_e,co-consumed,5.7160849428843996e-05
4238,1114,1208,EX_acmana_e,co-consumed,0.002288107144824404
4239,1114,1208,EX_arg__L_e,co-consumed,0.0046357303882063276
4240,1114,1208,EX_ca2_e,co-consumed,8.157368052924399e-05
4241,1114,1208,EX_cl_e,co-consumed,8.1573673573936e-05
4242,1114,1208,EX_cobalt2_e,co-consumed,1.5672176856355215e-06
4243,1114,1208,EX_cu2_e,co-consumed,1.0660673623368001e-05
4244,1114,1208,EX_fe2_e,co-consumed,0.000105202132142988
4245,1114,1208,EX_fe3_e,co-consumed,0.2526625386113989
4246,1114,1208,EX_glyald_e,provided,3.581259818767941
4247,1114,1208,EX_glyc_e,received,3.591211762186692
4248,1114,1208,EX_glygln_e,co-consumed,0.042553588203818285
4249,1114,1208,EX_h2o_e,provided,0.44188172090410993
4250,1114,1208,EX_h2s_e,co-consumed,0.0038483196513773637
4251,1114,1208,EX_ile__L_e,co-consumed,0.004872935060638228
4252,1114,1208,EX_k_e,co-consumed,0.003059099217122536
4253,1114,1208,EX_lys__L_e,co-consumed,0.005534792074785936
4254,1114,1208,EX_malt_e,co-consumed,0.015817809174526198
4255,1114,1208,EX_mg2_e,co-consumed,0.000135956138154524
4256,1114,1208,EX_mn2_e,co-consumed,1.082947420774e-05
4257,1114,1208,EX_o2_e,co-consumed,3.8457435539662432
4258,1114,1208,EX_orn_e,received,0.003464318233193924
4259,1114,1208,EX_pyovd_kt_e,co-consumed,0.08153202518695611
4260,1114,1208,EX_so4_e,co-consumed,6.7900542683388e-05
4261,1114,1208,EX_stfrnA_e,co-consumed,0.08551769571185876
4262,1114,1208,EX_stfrnB_e,co-consumed,0.0854905751777392
4263,1114,1208,EX_tyr__L_e,co-consumed,0.002161134730962664
4264,1114,1208,EX_zn2_e,co-consumed,5.344212308016e-06
4265,1114,1334,EX_abt__L_e,received,3.9999748800159747
4266,1114,1334,EX_arab__L_e,provided,3.9999748855493564
4267,1114,1334,EX_arg__L_e,co-consumed,0.0046357303882063276
4268,1114,1334,EX_bz_e,co-consumed,1.5686153384505792e-06
4269,1114,1334,EX_ca2_e,co-consumed,8.157368052924399e-05
4270,1114,1334,EX_cl_e,co-consumed,8.1573673573936e-05
4271,1114,1334,EX_cobalt2_e,co-consumed,1.5672176856355215e-06
4272,1114,1334,EX_cu2_e,co-consumed,1.0660673623368001e-05
4273,1114,1334,EX_fe2_e,co-consumed,0.000105202132142988
4274,1114,1334,EX_fe3_e,co-consumed,0.2526625386113989
4275,1114,1334,EX_gly_asn__L_e,co-consumed,0.003777855372185156
4276,1114,1334,EX_glyald_e,provided,3.581259818767941
4277,1114,1334,EX_glyc_e,received,3.591211762186692
4278,1114,1334,EX_h2o_e,provided,3.999999949116735
4279,1114,1334,EX_h2s_e,co-consumed,0.0038483196513773637
4280,1114,1334,EX_h_e,provided,0.00112623464957868
4281,1114,1334,EX_ile__L_e,co-consumed,0.004872935060638228
4282,1114,1334,EX_k_e,co-consumed,0.003059099217122536
4283,1114,1334,EX_leu__L_e,co-consumed,0.007230005544080364
4284,1114,1334,EX_lys__L_e,received,0.005534792074785936
4285,1114,1334,EX_malt_e,co-consumed,0.15360650768892167
4286,1114,1334,EX_mg2_e,co-consumed,0.000135956138154524
4287,1114,1334,EX_mn2_e,co-consumed,1.082947420774e-05
4288,1114,1334,EX_o2_e,co-consumed,3.8457435539662432
4289,1114,1334,EX_orn_e,co-consumed,0.003464318233193924
4290,1114,1334,EX_pyovd_kt_e,co-consumed,0.08153202518695611
4291,1114,1334,EX_so4_e,co-consumed,6.7900542683388e-05
4292,1114,1334,EX_stfrnA_e,co-consumed,0.08551769571185876
4293,1114,1334,EX_stfrnB_e,co-consumed,0.0854905751777392
4294,1114,1334,EX_tyr__L_e,co-consumed,0.002161134730962664
4295,1114,1334,EX_zn2_e,co-consumed,5.344212308016e-06
4296,1114,397,EX_arg__L_e,co-consumed,0.0046357303882063276
4297,1114,397,EX_bz_e,co-consumed,1.5686153384505792e-06
4298,1114,397,EX_ca2_e,co-consumed,8.157368052924399e-05
4299,1114,397,EX_cl_e,co-consumed,8.1573673573936e-05
4300,1114,397,EX_cobalt2_e,co-consumed,1.5672176856355215e-06
4301,1114,397,EX_cu2_e,co-consumed,1.0660673623368001e-05
4302,1114,397,EX_fe2_e,co-consumed,0.000105202132142988
4303,1114,397,EX_fe3_e,co-consumed,0.2526625386113989
4304,1114,397,EX_glyc_e,co-consumed,0.18638663939230632
4305,1114,397,EX_glygln_e,co-consumed,0.042553588203818285
4306,1114,397,EX_h2s_e,received,0.0038483196513773637
4307,1114,397,EX_h_e,provided,0.00112623464957868
4308,1114,397,EX_ile__L_e,co-consumed,0.004872935060638228
4309,1114,397,EX_k_e,co-consumed,0.003059099217122536
4310,1114,397,EX_leu__L_e,co-consumed,0.007230005544080364
4311,1114,397,EX_lys__L_e,co-consumed,0.005534792074785936
4312,1114,397,EX_malt_e,co-consumed,0.08970263165913173
4313,1114,397,EX_mg2_e,co-consumed,0.000135956138154524
4314,1114,397,EX_mn2_e,co-consumed,1.082947420774e-05
4315,1114,397,EX_nh4_e,provided,0.04547024196706147
4316,1114,397,EX_o2_e,co-consumed,3.8457435539662432
4317,1114,397,EX_orn_e,co-consumed,0.003464318233193924
4318,1114,397,EX_pyovd_kt_e,co-consumed,0.08153202518695611
4319,1114,397,EX_so4_e,co-consumed,6.7900542683388e-05
4320,1114,397,EX_stfrnA_e,co-consumed,0.08551769571185876
4321,1114,397,EX_stfrnB_e,co-consumed,0.0854905751777392
4322,1114,397,EX_tyr__L_e,co-consumed,0.002161134730962664
4323,1114,397,EX_val__L_e,co-consumed,0.006669552610136128
4324,1114,397,EX_zn2_e,co-consumed,5.344212308016e-06
4325,1114,790,EX_arg__L_e,co-consumed,0.0046357303882063276
4326,1114,790,EX_bz_e,co-consumed,1.5686153384505792e-06
4327,1114,790,EX_ca2_e,co-consumed,8.157368052924399e-05
4328,1114,790,EX_cl_e,co-consumed,8.1573673573936e-05
4329,1114,790,EX_cobalt2_e,co-consumed,1.5672176856355215e-06
4330,1114,790,EX_cu2_e,co-consumed,1.0660673623368001e-05
4331,1114,790,EX_fe2_e,co-consumed,0.000105202132142988
4332,1114,790,EX_fe3_e,co-consumed,0.2526625386113989
4333,1114,790,EX_glyc_e,co-consumed,5.115498198920001e-06
4334,1114,790,EX_glygln_e,co-consumed,0.042553588203818285
4335,1114,790,EX_h2s_e,co-consumed,0.0038483196513773637
4336,1114,790,EX_h_e,provided,0.00112623464957868
4337,1114,790,EX_ile__L_e,co-consumed,0.004872935060638228
4338,1114,790,EX_k_e,co-consumed,0.003059099217122536
4339,1114,790,EX_leu__L_e,co-consumed,0.007230005544080364
4340,1114,790,EX_lys__L_e,co-consumed,0.005534792074785936
4341,1114,790,EX_malt_e,co-consumed,0.07662155144452865
4342,1114,790,EX_mg2_e,co-consumed,0.000135956138154524
4343,1114,790,EX_mn2_e,co-consumed,1.082947420774e-05
4344,1114,790,EX_o2_e,co-consumed,3.8457435539662432
4345,1114,790,EX_orn_e,co-consumed,0.003464318233193924
4346,1114,790,EX_pyovd_kt_e,co-consumed,0.08153202518695611
4347,1114,790,EX_so4_e,co-consumed,6.7900542683388e-05
4348,1114,790,EX_stfrnA_e,co-consumed,0.08551769571185876
4349,1114,790,EX_stfrnB_e,co-consumed,0.0854905751777392
4350,1114,790,EX_thr__L_e,co-consumed,0.003975755864866173
4351,1114,790,EX_tyr__L_e,received,0.002161134730962664
4352,1114,790,EX_zn2_e,co-consumed,5.344212308016e-06
4353,1114,947,EX_arg__L_e,co-consumed,0.0046357303882063276
4354,1114,947,EX_asp__L_e,co-consumed,0.011399098370460896
4355,1114,947,EX_ca2_e,co-consumed,8.157368052924399e-05
4356,1114,947,EX_cl_e,co-consumed,8.1573673573936e-05
4357,1114,947,EX_cobalt2_e,co-consumed,1.5672176856355215e-06
4358,1114,947,EX_cu2_e,co-consumed,1.0660673623368001e-05
4359,1114,947,EX_fe2_e,co-consumed,0.000105202132142988
4360,1114,947,EX_fe3_e,co-consumed,0.2526625386113989
4361,1114,947,EX_gly_asn__L_e,co-consumed,0.003777855372185156
4362,1114,947,EX_glyc_e,co-consumed,1.7232041453052638
4363,1114,947,EX_glygln_e,co-consumed,0.042553588203818285
4364,1114,947,EX_h2s_e,co-consumed,0.0038483196513773637
4365,1114,947,EX_h_e,provided,0.00112623464957868
4366,1114,947,EX_k_e,co-consumed,0.003059099217122536
4367,1114,947,EX_leu__L_e,received,1.712640020151455e-06
4368,1114,947,EX_lys__L_e,co-consumed,0.005534792074785936
4369,1114,947,EX_mg2_e,co-consumed,0.000135956138154524
4370,1114,947,EX_mn2_e,co-consumed,1.082947420774e-05
4371,1114,947,EX_nh4_e,provided,0.04547024196706147
4372,1114,947,EX_o2_e,co-consumed,3.8457435539662432
4373,1114,947,EX_orn_e,received,0.003464318233193924
4374,1114,947,EX_pyovd_kt_e,co-consumed,0.08153202518695611
4375,1114,947,EX_so4_e,co-consumed,6.7900542683388e-05
4376,1114,947,EX_stfrnA_e,co-consumed,0.08551769571185876
4377,1114,947,EX_stfrnB_e,co-consumed,0.0854905751777392
4378,1114,947,EX_zn2_e,co-consumed,5.344212308016e-06
4379,1114,997,EX_arg__L_e,co-consumed,0.0046357303882063276
4380,1114,997,EX_bz_e,co-consumed,1.5686153384505792e-06
4381,1114,997,EX_ca2_e,co-consumed,8.157368052924399e-05
4382,1114,997,EX_cl_e,co-consumed,8.1573673573936e-05
4383,1114,997,EX_cobalt2_e,co-consumed,1.5672176856355215e-06
4384,1114,997,EX_cu2_e,co-consumed,1.0660673623368001e-05
4385,1114,997,EX_fe2_e,co-consumed,0.000105202132142988
4386,1114,997,EX_fe3_e,co-consumed,0.09940322317984002
4387,1114,997,EX_gly_asn__L_e,co-consumed,0.003777855372185156
4388,1114,997,EX_glyc_e,co-consumed,0.027880222580512305
4389,1114,997,EX_glygln_e,co-consumed,0.042553588203818285
4390,1114,997,EX_h2s_e,co-consumed,0.0038483196513773637
4391,1114,997,EX_h_e,provided,0.00112623464957868
4392,1114,997,EX_ile__L_e,co-consumed,0.004872935060638228
4393,1114,997,EX_k_e,co-consumed,0.003059099217122536
4394,1114,997,EX_leu__L_e,co-consumed,0.007230005544080364
4395,1114,997,EX_lys__L_e,co-consumed,0.005534792074785936
4396,1114,997,EX_man1p_e,co-consumed,0.021971806925223606
4397,1114,997,EX_mg2_e,co-consumed,0.000135956138154524
4398,1114,997,EX_mn2_e,co-consumed,1.082947420774e-05
4399,1114,997,EX_o2_e,co-consumed,3.8457435539662432
4400,1114,997,EX_orn_e,co-consumed,0.003464318233193924
4401,1114,997,EX_pyovd_kt_e,co-consumed,0.08153202518695611
4402,1114,997,EX_so4_e,co-consumed,6.7900542683388e-05
4403,1114,997,EX_thm_e,co-consumed,3.4862392137499753e-06
4404,1114,997,EX_tyr__L_e,co-consumed,0.002161134730962664
4405,1114,997,EX_zn2_e,co-consumed,5.344212308016e-06
4406,1114,1362,EX_acmana_e,co-consumed,0.002288107144824404
4407,1114,1362,EX_arg__L_e,co-consumed,0.0046357303882063276
4408,1114,1362,EX_asp__L_e,co-consumed,3.1584524819393966e-06
4409,1114,1362,EX_bz_e,received,1.5686153384505792e-06
4410,1114,1362,EX_ca2_e,co-consumed,8.157368052924399e-05
4411,1114,1362,EX_cl_e,co-consumed,8.1573673573936e-05
4412,1114,1362,EX_cobalt2_e,co-consumed,1.5672176856355215e-06
4413,1114,1362,EX_cu2_e,co-consumed,1.0660673623368001e-05
4414,1114,1362,EX_fe2_e,co-consumed,0.000105202132142988
4415,1114,1362,EX_fe3_e,co-consumed,0.10109349937422764
4416,1114,1362,EX_gly_asn__L_e,co-consumed,0.003777855372185156
4417,1114,1362,EX_glyc_e,co-consumed,3.591211762186692
4418,1114,1362,EX_h2s_e,received,0.0038483196513773637
4419,1114,1362,EX_h_e,provided,0.00112623464957868
4420,1114,1362,EX_k_e,co-consumed,0.003059099217122536
4421,1114,1362,EX_leu__L_e,co-consumed,0.007230005544080364
4422,1114,1362,EX_man1p_e,received,0.021971806925223606
4423,1114,1362,EX_mg2_e,co-consumed,0.000135956138154524
4424,1114,1362,EX_mn2_e,co-consumed,1.082947420774e-05
4425,1114,1362,EX_nh4_e,provided,0.01835854082437485
4426,1114,1362,EX_o2_e,co-consumed,3.8457435539662432
4427,1114,1362,EX_pyovd_kt_e,co-consumed,0.08153202518695611
4428,1114,1362,EX_so4_e,co-consumed,6.7900542683388e-05
4429,1114,1362,EX_zn2_e,co-consumed,5.344212308016e-06
4430,1114,428,EX_arg__L_e,co-consumed,0.0046357303882063276
4431,1114,428,EX_bz_e,co-consumed,1.5686153384505792e-06
4432,1114,428,EX_ca2_e,co-consumed,8.157368052924399e-05
4433,1114,428,EX_cl_e,co-consumed,8.1573673573936e-05
4434,1114,428,EX_cobalt2_e,co-consumed,1.5672176856355215e-06
4435,1114,428,EX_cu2_e,co-consumed,1.0660673623368001e-05
4436,1114,428,EX_fe2_e,co-consumed,0.000105202132142988
4437,1114,428,EX_fe3_e,co-consumed,0.2526625386113989
4438,1114,428,EX_gly_asn__L_e,co-consumed,0.003777855372185156
4439,1114,428,EX_glyc_e,co-consumed,1.6099709835040856
4440,1114,428,EX_glygln_e,co-consumed,0.042553588203818285
4441,1114,428,EX_h2s_e,co-consumed,0.0038483196513773637
4442,1114,428,EX_h_e,provided,0.00112623464957868
4443,1114,428,EX_ile__L_e,co-consumed,0.004872935060638228
4444,1114,428,EX_k_e,co-consumed,0.003059099217122536
4445,1114,428,EX_lys__L_e,co-consumed,0.005534792074785936
4446,1114,428,EX_malt_e,co-consumed,0.10750490007631758
4447,1114,428,EX_mg2_e,co-consumed,0.000135956138154524
4448,1114,428,EX_mn2_e,co-consumed,1.082947420774e-05
4449,1114,428,EX_nh4_e,provided,0.04547024196706147
4450,1114,428,EX_o2_e,co-consumed,3.8457435539662432
4451,1114,428,EX_pyovd_kt_e,co-consumed,0.08153202518695611
4452,1114,428,EX_so4_e,co-consumed,6.7900542683388e-05
4453,1114,428,EX_stfrnA_e,co-consumed,0.08551769571185876
4454,1114,428,EX_stfrnB_e,co-consumed,0.0854905751777392
4455,1114,428,EX_tyr__L_e,co-consumed,0.002161134730962664
4456,1114,428,EX_zn2_e,co-consumed,5.344212308016e-06
4457,1114,796,EX_arg__L_e,co-consumed,0.0046357303882063276
4458,1114,796,EX_asp__L_e,co-consumed,2.2083547877845074e-06
4459,1114,796,EX_ca2_e,co-consumed,8.157368052924399e-05
4460,1114,796,EX_cl_e,co-consumed,8.1573673573936e-05
4461,1114,796,EX_cobalt2_e,co-consumed,1.5672176856355215e-06
4462,1114,796,EX_cu2_e,co-consumed,1.0660673623368001e-05
4463,1114,796,EX_fe2_e,co-consumed,0.000105202132142988
4464,1114,796,EX_fe3_e,co-consumed,0.2526625386113989
4465,1114,796,EX_gal_e,provided,0.14999059669918316
4466,1114,796,EX_gly_asn__L_e,co-consumed,0.003777855372185156
4467,1114,796,EX_glyc_e,co-consumed,3.591211762186692
4468,1114,796,EX_glygln_e,co-consumed,0.042553588203818285
4469,1114,796,EX_h2s_e,received,0.0038483196513773637
4470,1114,796,EX_h_e,provided,0.00112623464957868
4471,1114,796,EX_ile__L_e,co-consumed,0.004872935060638228
4472,1114,796,EX_k_e,co-consumed,0.003059099217122536
4473,1114,796,EX_lys__L_e,co-consumed,0.005534792074785936
4474,1114,796,EX_mg2_e,co-consumed,0.000135956138154524
4475,1114,796,EX_mn2_e,co-consumed,1.082947420774e-05
4476,1114,796,EX_nh4_e,provided,5.81020049542e-06
4477,1114,796,EX_o2_e,co-consumed,3.8457435539662432
4478,1114,796,EX_orn_e,co-consumed,0.003464318233193924
4479,1114,796,EX_pyovd_kt_e,co-consumed,0.08153202518695611
4480,1114,796,EX_so4_e,co-consumed,6.7900542683388e-05
4481,1114,796,EX_stfrnA_e,co-consumed,0.08551769571185876
4482,1114,796,EX_stfrnB_e,co-consumed,0.0854905751777392
4483,1114,796,EX_zn2_e,co-consumed,5.344212308016e-06
4484,1114,1350,EX_abt__L_e,received,1.280103500788581e-06
4485,1114,1350,EX_acmana_e,co-consumed,0.002288107144824404
4486,1114,1350,EX_arab__L_e,provided,2.4793875828812124e-06
4487,1114,1350,EX_arg__L_e,co-consumed,0.0046357303882063276
4488,1114,1350,EX_ca2_e,co-consumed,8.157368052924399e-05
4489,1114,1350,EX_cl_e,co-consumed,8.1573673573936e-05
4490,1114,1350,EX_cobalt2_e,co-consumed,1.5672176856355215e-06
4491,1114,1350,EX_cu2_e,co-consumed,1.0660673623368001e-05
4492,1114,1350,EX_fe3_e,co-consumed,0.2526625386113989
4493,1114,1350,EX_gal_e,provided,0.015297723096571323
4494,1114,1350,EX_gly_asn__L_e,co-consumed,0.003777855372185156
4495,1114,1350,EX_glyald_e,provided,1.6631856234273665
4496,1114,1350,EX_glyc_e,received,1.5954828384321473
4497,1114,1350,EX_glygln_e,co-consumed,0.042553588203818285
4498,1114,1350,EX_h2s_e,co-consumed,0.0038483196513773637
4499,1114,1350,EX_h_e,provided,0.00112623464957868
4500,1114,1350,EX_ile__L_e,co-consumed,0.004872935060638228
4501,1114,1350,EX_k_e,co-consumed,0.003059099217122536
4502,1114,1350,EX_lys__L_e,co-consumed,0.005534792074785936
4503,1114,1350,EX_malt_e,co-consumed,0.024316272548759867
4504,1114,1350,EX_mg2_e,co-consumed,0.000135956138154524
4505,1114,1350,EX_mn2_e,co-consumed,1.082947420774e-05
4506,1114,1350,EX_o2_e,co-consumed,3.8457435539662432
4507,1114,1350,EX_orn_e,received,0.003464318233193924
4508,1114,1350,EX_pyovd_kt_e,co-consumed,0.08153202518695611
4509,1114,1350,EX_so4_e,co-consumed,6.7900542683388e-05
4510,1114,1350,EX_stfrnA_e,co-consumed,0.08551769571185876
4511,1114,1350,EX_stfrnB_e,co-consumed,0.0854905751777392
4512,1114,1350,EX_thm_e,co-consumed,3.4862392137499753e-06
4513,1114,1350,EX_thr__L_e,co-consumed,0.003975755864866173
4514,1114,1350,EX_tyr__L_e,co-consumed,0.002161134730962664
4515,1114,1350,EX_zn2_e,co-consumed,5.344212308016e-06
4516,1114,262,EX_arg__L_e,co-consumed,0.0046357303882063276
4517,1114,262,EX_asp__L_e,co-consumed,0.011399098370460896
4518,1114,262,EX_bz_e,co-consumed,1.5686153384505792e-06
4519,1114,262,EX_ca2_e,co-consumed,8.157368052924399e-05
4520,1114,262,EX_cl_e,co-consumed,8.1573673573936e-05
4521,1114,262,EX_cobalt2_e,co-consumed,1.5672176856355215e-06
4522,1114,262,EX_cu2_e,co-consumed,1.0660673623368001e-05
4523,1114,262,EX_fe2_e,co-consumed,0.000105202132142988
4524,1114,262,EX_fe3_e,co-consumed,0.09825562569376221
4525,1114,262,EX_gly_asn__L_e,co-consumed,0.003777855372185156
4526,1114,262,EX_glyald_e,provided,0.03544535160748722
4527,1114,262,EX_glyc_e,received,0.03544539127576483
4528,1114,262,EX_h2o_e,provided,3.9999997466492805
4529,1114,262,EX_h2s_e,co-consumed,0.0038483196513773637
4530,1114,262,EX_h_e,provided,0.00112623464957868
4531,1114,262,EX_ile__L_e,co-consumed,0.004872935060638228
4532,1114,262,EX_k_e,co-consumed,0.003059099217122536
4533,1114,262,EX_lys__L_e,co-consumed,0.005534792074785936
4534,1114,262,EX_mg2_e,co-consumed,0.000135956138154524
4535,1114,262,EX_mn2_e,co-consumed,1.082947420774e-05
4536,1114,262,EX_nh4_e,provided,0.04547024196706147
4537,1114,262,EX_o2_e,co-consumed,3.8457435539662432
4538,1114,262,EX_orn_e,received,0.003464318233193924
4539,1114,262,EX_pyovd_kt_e,co-consumed,0.08153202518695611
4540,1114,262,EX_so4_e,co-consumed,6.7900542683388e-05
4541,1114,262,EX_tyr__L_e,co-consumed,0.002161134730962664
4542,1114,262,EX_zn2_e,co-consumed,5.344212308016e-06
4543,1114,978,EX_arg__L_e,co-consumed,0.0046357303882063276
4544,1114,978,EX_bz_e,co-consumed,1.5686153384505792e-06
4545,1114,978,EX_ca2_e,co-consumed,8.157368052924399e-05
4546,1114,978,EX_cl_e,co-consumed,8.1573673573936e-05
4547,1114,978,EX_cobalt2_e,co-consumed,1.5672176856355215e-06
4548,1114,978,EX_cu2_e,co-consumed,1.0660673623368001e-05
4549,1114,978,EX_fe2_e,co-consumed,0.000105202132142988
4550,1114,978,EX_fe3_e,co-consumed,0.2526625386113989
4551,1114,978,EX_gal_e,provided,0.1149330845625809
4552,1114,978,EX_glyc_e,co-consumed,0.24764740041469416
4553,1114,978,EX_glygln_e,co-consumed,0.042553588203818285
4554,1114,978,EX_h2o_e,provided,3.999999718465075
4555,1114,978,EX_h2s_e,co-consumed,0.0038483196513773637
4556,1114,978,EX_h_e,provided,0.00112623464957868
4557,1114,978,EX_ile__L_e,co-consumed,0.004872935060638228
4558,1114,978,EX_k_e,co-consumed,0.003059099217122536
4559,1114,978,EX_lys__L_e,co-consumed,0.005534792074785936
4560,1114,978,EX_mg2_e,co-consumed,0.000135956138154524
4561,1114,978,EX_mn2_e,co-consumed,1.082947420774e-05
4562,1114,978,EX_nh4_e,provided,0.04547024196706147
4563,1114,978,EX_o2_e,co-consumed,3.8457435539662432
4564,1114,978,EX_orn_e,co-consumed,0.003464318233193924
4565,1114,978,EX_pyovd_kt_e,co-consumed,0.08153202518695611
4566,1114,978,EX_so4_e,co-consumed,6.7900542683388e-05
4567,1114,978,EX_stfrnA_e,co-consumed,0.08551769571185876
4568,1114,978,EX_stfrnB_e,co-consumed,0.0854905751777392
4569,1114,978,EX_thm_e,co-consumed,3.4862392137499753e-06
4570,1114,978,EX_thr__L_e,co-consumed,0.003975755864866173
4571,1114,978,EX_zn2_e,co-consumed,5.344212308016e-06
4572,1114,1338,EX_arg__L_e,co-consumed,0.0046357303882063276
4573,1114,1338,EX_bz_e,co-consumed,1.5686153384505792e-06
4574,1114,1338,EX_ca2_e,co-consumed,8.157368052924399e-05
4575,1114,1338,EX_cl_e,co-consumed,8.1573673573936e-05
4576,1114,1338,EX_cobalt2_e,co-consumed,1.5672176856355215e-06
4577,1114,1338,EX_cu2_e,co-consumed,1.0660673623368001e-05
4578,1114,1338,EX_fe2_e,co-consumed,0.000105202132142988
4579,1114,1338,EX_fe3_e,co-consumed,0.10098779478597139
4580,1114,1338,EX_gly_asn__L_e,co-consumed,0.003777855372185156
4581,1114,1338,EX_glyc_e,co-consumed,3.591211762186692
4582,1114,1338,EX_h2s_e,co-consumed,0.0038483196513773637
4583,1114,1338,EX_h_e,provided,0.00112623464957868
4584,1114,1338,EX_ile__L_e,co-consumed,0.004872935060638228
4585,1114,1338,EX_k_e,co-consumed,0.003059099217122536
4586,1114,1338,EX_lys__L_e,co-consumed,0.005534792074785936
4587,1114,1338,EX_mg2_e,co-consumed,0.000135956138154524
4588,1114,1338,EX_mn2_e,co-consumed,1.082947420774e-05
4589,1114,1338,EX_o2_e,co-consumed,3.8457435539662432
4590,1114,1338,EX_orn_e,co-consumed,0.003464318233193924
4591,1114,1338,EX_pyovd_kt_e,co-consumed,0.08153202518695611
4592,1114,1338,EX_so4_e,co-consumed,6.7900542683388e-05
4593,1114,1338,EX_tyr__L_e,co-consumed,0.002161134730962664
4594,1114,1338,EX_zn2_e,co-consumed,5.344212308016e-06
4595,1114,1357,EX_arg__L_e,co-consumed,0.0046357303882063276
4596,1114,1357,EX_bz_e,co-consumed,1.5686153384505792e-06
4597,1114,1357,EX_ca2_e,co-consumed,8.157368052924399e-05
4598,1114,1357,EX_cl_e,co-consumed,8.1573673573936e-05
4599,1114,1357,EX_cobalt2_e,co-consumed,1.5672176856355215e-06
4600,1114,1357,EX_cu2_e,co-consumed,1.0660673623368001e-05
4601,1114,1357,EX_fe2_e,co-consumed,0.000105202132142988
4602,1114,1357,EX_fe3_e,co-consumed,0.09943419479300797
4603,1114,1357,EX_glyc_e,co-consumed,0.2992554826238624
4604,1114,1357,EX_glygln_e,co-consumed,0.042553588203818285
4605,1114,1357,EX_h2s_e,co-consumed,0.0038483196513773637
4606,1114,1357,EX_h_e,provided,0.00112623464957868
4607,1114,1357,EX_ile__L_e,co-consumed,0.004872935060638228
4608,1114,1357,EX_k_e,co-consumed,0.003059099217122536
4609,1114,1357,EX_leu__L_e,co-consumed,0.007230005544080364
4610,1114,1357,EX_lys__L_e,co-consumed,0.005534792074785936
4611,1114,1357,EX_mg2_e,co-consumed,0.000135956138154524
4612,1114,1357,EX_mn2_e,co-consumed,1.082947420774e-05
4613,1114,1357,EX_o2_e,co-consumed,3.8457435539662432
4614,1114,1357,EX_orn_e,co-consumed,0.003464318233193924
4615,1114,1357,EX_pyovd_kt_e,co-consumed,0.08153202518695611
4616,1114,1357,EX_so4_e,co-consumed,6.7900542683388e-05
4617,1114,1357,EX_tyr__L_e,co-consumed,0.002161134730962664
4618,1114,1357,EX_zn2_e,co-consumed,5.344212308016e-06
4619,1114,2751,EX_fe3_e,co-consumed,0.25214261553782036
4620,1114,2751,EX_glyc_e,co-consumed,3.591211762186692
4621,1114,2751,EX_h2s_e,co-consumed,0.0038483196513773637
4622,1114,2751,EX_malt_e,co-consumed,0.4857752656748497
4623,1114,2751,EX_nh4_e,provided,0.04547024196706147
4624,1114,2751,EX_o2_e,co-consumed,3.8457435539662432
4625,1114,2751,EX_pyovd_kt_e,co-consumed,0.08140781945174283
4626,1114,2751,EX_stfrnA_e,co-consumed,0.0853751819941325
4627,1114,2751,EX_stfrnB_e,co-consumed,0.08535991256867606
4628,1114,709,EX_arg__L_e,received,0.0046357303882063276
4629,1114,709,EX_asp__L_e,co-consumed,0.011399098370460896
4630,1114,709,EX_co2_e,provided,0.05916848607292281
4631,1114,709,EX_fe2_e,co-consumed,0.000105202132142988
4632,1114,709,EX_fe3_e,co-consumed,0.2526625386113989
4633,1114,709,EX_glyald_e,provided,2.958353664369491
4634,1114,709,EX_glyc_e,received,2.8451238230849185
4635,1114,709,EX_h2s_e,co-consumed,0.0038483196513773637
4636,1114,709,EX_h_e,provided,0.00112623464957868
4637,1114,709,EX_nh4_e,provided,1.2529140989344e-05
4638,1114,709,EX_o2_e,co-consumed,3.8457435539662432
4639,1114,709,EX_orn_e,co-consumed,0.003464318233193924
4640,1114,709,EX_pyovd_kt_e,co-consumed,0.08153202518695611
4641,1114,709,EX_stfrnA_e,co-consumed,0.08551769571185876
4642,1114,709,EX_stfrnB_e,co-consumed,0.0854905751777392
4643,1114,1080,EX_arg__L_e,co-consumed,0.0046357303882063276
4644,1114,1080,EX_asp__L_e,co-consumed,0.0017179471956249041
4645,1114,1080,EX_bz_e,co-consumed,1.5686153384505792e-06
4646,1114,1080,EX_ca2_e,co-consumed,8.157368052924399e-05
4647,1114,1080,EX_cl_e,co-consumed,8.1573673573936e-05
4648,1114,1080,EX_cobalt2_e,co-consumed,1.5672176856355215e-06
4649,1114,1080,EX_cu2_e,co-consumed,1.0660673623368001e-05
4650,1114,1080,EX_fe2_e,co-consumed,0.000105202132142988
4651,1114,1080,EX_fe3_e,co-consumed,0.2526625386113989
4652,1114,1080,EX_gal_e,provided,1.5145189212228467
4653,1114,1080,EX_gly_asn__L_e,co-consumed,0.003777855372185156
4654,1114,1080,EX_glyald_e,provided,3.581259818767941
4655,1114,1080,EX_glyc_e,received,3.591211762186692
4656,1114,1080,EX_glygln_e,co-consumed,0.042553588203818285
4657,1114,1080,EX_h2s_e,co-consumed,0.0038483196513773637
4658,1114,1080,EX_h_e,provided,0.00112623464957868
4659,1114,1080,EX_ile__L_e,co-consumed,0.004872935060638228
4660,1114,1080,EX_k_e,co-consumed,0.003059099217122536
4661,1114,1080,EX_leu__L_e,co-consumed,0.007230005544080364
4662,1114,1080,EX_malt_e,co-consumed,0.12643169613036048
4663,1114,1080,EX_mg2_e,co-consumed,0.000135956138154524
4664,1114,1080,EX_mn2_e,co-consumed,1.082947420774e-05
4665,1114,1080,EX_o2_e,co-consumed,3.8457435539662432
4666,1114,1080,EX_pyovd_kt_e,co-consumed,0.08153202518695611
4667,1114,1080,EX_so4_e,co-consumed,6.7900542683388e-05
4668,1114,1080,EX_stfrnA_e,co-consumed,0.08551769571185876
4669,1114,1080,EX_stfrnB_e,co-consumed,0.0854905751777392
4670,1114,1080,EX_thm_e,co-consumed,3.4862392137499753e-06
4671,1114,1080,EX_tyr__L_e,co-consumed,0.002161134730962664
4672,1114,1080,EX_val__L_e,co-consumed,0.006669552610136128
4673,1114,1080,EX_zn2_e,co-consumed,5.344212308016e-06
4674,1114,1234,EX_arg__L_e,co-consumed,0.0046357303882063276
4675,1114,1234,EX_bz_e,co-consumed,1.5686153384505792e-06
4676,1114,1234,EX_ca2_e,co-consumed,8.157368052924399e-05
4677,1114,1234,EX_cl_e,co-consumed,8.1573673573936e-05
4678,1114,1234,EX_cobalt2_e,co-consumed,1.5672176856355215e-06
4679,1114,1234,EX_cu2_e,co-consumed,1.0660673623368001e-05
4680,1114,1234,EX_fe2_e,co-consumed,0.000105202132142988
4681,1114,1234,EX_fe3_e,co-consumed,0.1012688559048006
4682,1114,1234,EX_gly_asn__L_e,co-consumed,0.003777855372185156
4683,1114,1234,EX_glyc_e,co-consumed,1.5041397989079013
4684,1114,1234,EX_glygln_e,co-consumed,0.042553588203818285
4685,1114,1234,EX_h2o_e,provided,0.657708615030396
4686,1114,1234,EX_h2s_e,co-consumed,0.0038483196513773637
4687,1114,1234,EX_h_e,provided,0.00112623464957868
4688,1114,1234,EX_ile__L_e,co-consumed,0.004872935060638228
4689,1114,1234,EX_k_e,co-consumed,0.003059099217122536
4690,1114,1234,EX_leu__L_e,received,0.007230005544080364
4691,1114,1234,EX_lys__L_e,co-consumed,0.005534792074785936
4692,1114,1234,EX_malt_e,co-consumed,1.0293745998050619
4693,1114,1234,EX_mg2_e,co-consumed,0.000135956138154524
4694,1114,1234,EX_mn2_e,co-consumed,1.082947420774e-05
4695,1114,1234,EX_nh4_e,provided,0.04547024196706147
4696,1114,1234,EX_o2_e,co-consumed,3.8457435539662432
4697,1114,1234,EX_orn_e,co-consumed,0.003464318233193924
4698,1114,1234,EX_pyovd_kt_e,co-consumed,0.08153202518695611
4699,1114,1234,EX_so4_e,co-consumed,6.7900542683388e-05
4700,1114,1234,EX_tyr__L_e,co-consumed,0.002161134730962664
4701,1114,1234,EX_zn2_e,co-consumed,5.344212308016e-06
4702,1114,459,EX_arg__L_e,co-consumed,0.0046357303882063276
4703,1114,459,EX_bz_e,co-consumed,1.5686153384505792e-06
4704,1114,459,EX_ca2_e,co-consumed,8.157368052924399e-05
4705,1114,459,EX_cl_e,co-consumed,8.1573673573936e-05
4706,1114,459,EX_cobalt2_e,co-consumed,1.5672176856355215e-06
4707,1114,459,EX_cu2_e,co-consumed,1.0660673623368001e-05
4708,1114,459,EX_fe2_e,co-consumed,0.000105202132142988
4709,1114,459,EX_fe3_e,co-consumed,0.09975758485025954
4710,1114,459,EX_gly_asn__L_e,co-consumed,0.003777855372185156
4711,1114,459,EX_glyc_e,co-consumed,0.5603564379780037
4712,1114,459,EX_glygln_e,co-consumed,0.042553588203818285
4713,1114,459,EX_h2s_e,co-consumed,0.0038483196513773637
4714,1114,459,EX_h_e,provided,0.00112623464957868
4715,1114,459,EX_ile__L_e,co-consumed,0.004872935060638228
4716,1114,459,EX_k_e,co-consumed,0.003059099217122536
4717,1114,459,EX_lys__L_e,co-consumed,0.005534792074785936
4718,1114,459,EX_mg2_e,co-consumed,0.000135956138154524
4719,1114,459,EX_mn2_e,co-consumed,1.082947420774e-05
4720,1114,459,EX_nh4_e,provided,0.04547024196706147
4721,1114,459,EX_o2_e,co-consumed,3.8457435539662432
4722,1114,459,EX_orn_e,co-consumed,1.308345766382397e-06
4723,1114,459,EX_pyovd_kt_e,co-consumed,0.08153202518695611
4724,1114,459,EX_so4_e,co-consumed,6.7900542683388e-05
4725,1114,459,EX_tyr__L_e,co-consumed,0.002161134730962664
4726,1114,459,EX_zn2_e,co-consumed,5.344212308016e-06
4727,1114,939,EX_arg__L_e,co-consumed,0.0046357303882063276
4728,1114,939,EX_asp__L_e,co-consumed,0.011399098370460896
4729,1114,939,EX_bz_e,co-consumed,1.5686153384505792e-06
4730,1114,939,EX_ca2_e,co-consumed,8.157368052924399e-05
4731,1114,939,EX_cl_e,co-consumed,8.1573673573936e-05
4732,1114,939,EX_co2_e,provided,0.05916848607292281
4733,1114,939,EX_cobalt2_e,co-consumed,1.5672176856355215e-06
4734,1114,939,EX_cu2_e,co-consumed,1.0660673623368001e-05
4735,1114,939,EX_fe2_e,co-consumed,0.000105202132142988
4736,1114,939,EX_fe3_e,co-consumed,0.2526625386113989
4737,1114,939,EX_gly_asn__L_e,co-consumed,0.003777855372185156
4738,1114,939,EX_glyc_e,received,0.024997015534810717
4739,1114,939,EX_glygln_e,co-consumed,0.042553588203818285
4740,1114,939,EX_h2s_e,co-consumed,0.0038483196513773637
4741,1114,939,EX_h_e,provided,0.00112623464957868
4742,1114,939,EX_ile__L_e,co-consumed,0.004872935060638228
4743,1114,939,EX_k_e,co-consumed,0.003059099217122536
4744,1114,939,EX_malt_e,co-consumed,0.22072956165251448
4745,1114,939,EX_mg2_e,co-consumed,0.000135956138154524
4746,1114,939,EX_mn2_e,co-consumed,1.082947420774e-05
4747,1114,939,EX_o2_e,co-consumed,3.8457435539662432
4748,1114,939,EX_pyovd_kt_e,co-consumed,0.08153202518695611
4749,1114,939,EX_so4_e,co-consumed,6.7900542683388e-05
4750,1114,939,EX_stfrnA_e,co-consumed,0.08551769571185876
4751,1114,939,EX_stfrnB_e,co-consumed,0.0854905751777392
4752,1114,939,EX_thm_e,co-consumed,3.4862392137499753e-06
4753,1114,939,EX_tyr__L_e,co-consumed,0.002161134730962664
4754,1114,939,EX_val__L_e,co-consumed,0.006669552610136128
4755,1114,939,EX_zn2_e,co-consumed,5.344212308016e-06
4756,1114,1101,EX_arg__L_e,co-consumed,0.0046357303882063276
4757,1114,1101,EX_bz_e,co-consumed,1.5686153384505792e-06
4758,1114,1101,EX_ca2_e,co-consumed,8.157368052924399e-05
4759,1114,1101,EX_cl_e,co-consumed,8.1573673573936e-05
4760,1114,1101,EX_cobalt2_e,co-consumed,1.5672176856355215e-06
4761,1114,1101,EX_cu2_e,co-consumed,1.0660673623368001e-05
4762,1114,1101,EX_fe2_e,co-consumed,0.000105202132142988
4763,1114,1101,EX_fe3_e,co-consumed,0.09965199913962736
4764,1114,1101,EX_gly_asn__L_e,co-consumed,0.003777855372185156
4765,1114,1101,EX_glyc_e,co-consumed,0.8585038357276302
4766,1114,1101,EX_glygln_e,co-consumed,0.042553588203818285
4767,1114,1101,EX_h2s_e,co-consumed,0.0038483196513773637
4768,1114,1101,EX_h_e,provided,0.00112623464957868
4769,1114,1101,EX_ile__L_e,co-consumed,0.004872935060638228
4770,1114,1101,EX_k_e,co-consumed,0.003059099217122536
4771,1114,1101,EX_leu__L_e,co-consumed,0.007230005544080364
4772,1114,1101,EX_lys__L_e,co-consumed,0.005534792074785936
4773,1114,1101,EX_mg2_e,co-consumed,0.000135956138154524
4774,1114,1101,EX_mn2_e,co-consumed,1.082947420774e-05
4775,1114,1101,EX_nh4_e,provided,0.04547024196706147
4776,1114,1101,EX_o2_e,co-consumed,3.8457435539662432
4777,1114,1101,EX_orn_e,co-consumed,0.003464318233193924
4778,1114,1101,EX_pyovd_kt_e,co-consumed,0.08153202518695611
4779,1114,1101,EX_so4_e,co-consumed,6.7900542683388e-05
4780,1114,1101,EX_thm_e,received,3.4862392137499753e-06
4781,1114,1101,EX_tyr__L_e,co-consumed,0.002161134730962664
4782,1114,1101,EX_zn2_e,co-consumed,5.344212308016e-06
4783,1114,895,EX_arg__L_e,co-consumed,0.0046357303882063276
4784,1114,895,EX_ca2_e,co-consumed,8.157368052924399e-05
4785,1114,895,EX_cl_e,co-consumed,8.1573673573936e-05
4786,1114,895,EX_cobalt2_e,co-consumed,1.5672176856355215e-06
4787,1114,895,EX_cu2_e,co-consumed,1.0660673623368001e-05
4788,1114,895,EX_fe2_e,received,0.000105202132142988
4789,1114,895,EX_fe3_e,co-consumed,0.2526625386113989
4790,1114,895,EX_fe3pyovd_kt_e,provided,0.08153203799203952
4791,1114,895,EX_gal_e,provided,0.12811500274592835
4792,1114,895,EX_gly_asn__L_e,co-consumed,0.003777855372185156
4793,1114,895,EX_glygln_e,co-consumed,0.042553588203818285
4794,1114,895,EX_h2s_e,co-consumed,0.0038483196513773637
4795,1114,895,EX_istfrnA_e,provided,0.08551769571185883
4796,1114,895,EX_istfrnB_e,provided,0.08549057517517614
4797,1114,895,EX_k_e,co-consumed,0.003059099217122536
4798,1114,895,EX_lys__L_e,co-consumed,0.005534792074785936
4799,1114,895,EX_mg2_e,co-consumed,0.000135956138154524
4800,1114,895,EX_mn2_e,co-consumed,1.082947420774e-05
4801,1114,895,EX_o2_e,co-consumed,3.8457435539662432
4802,1114,895,EX_orn_e,co-consumed,0.003464318233193924
4803,1114,895,EX_pyovd_kt_e,received,0.08153202518695611
4804,1114,895,EX_so4_e,co-consumed,6.7900542683388e-05
4805,1114,895,EX_stfrnA_e,received,0.08551769571185876
4806,1114,895,EX_stfrnB_e,received,0.0854905751777392
4807,1114,895,EX_zn2_e,co-consumed,5.344212308016e-06
4808,1114,1174,EX_arg__L_e,co-consumed,0.0046357303882063276
4809,1114,1174,EX_ca2_e,co-consumed,8.157368052924399e-05
4810,1114,1174,EX_cl_e,co-consumed,8.1573673573936e-05
4811,1114,1174,EX_cobalt2_e,co-consumed,1.5672176856355215e-06
4812,1114,1174,EX_cu2_e,co-consumed,1.0660673623368001e-05
4813,1114,1174,EX_fe2_e,co-consumed,0.000105202132142988
4814,1114,1174,EX_fe3_e,co-consumed,0.2526625386113989
4815,1114,1174,EX_gly_asn__L_e,co-consumed,0.003777855372185156
4816,1114,1174,EX_glyc_e,co-consumed,0.36072456643691775
4817,1114,1174,EX_glygln_e,co-consumed,0.042553588203818285
4818,1114,1174,EX_h2s_e,co-consumed,0.0038483196513773637
4819,1114,1174,EX_h_e,provided,0.00112623464957868
4820,1114,1174,EX_ile__L_e,co-consumed,0.004872935060638228
4821,1114,1174,EX_k_e,co-consumed,0.003059099217122536
4822,1114,1174,EX_lys__L_e,co-consumed,0.005534792074785936
4823,1114,1174,EX_malt_e,co-consumed,0.0701186252482854
4824,1114,1174,EX_mg2_e,co-consumed,0.000135956138154524
4825,1114,1174,EX_mn2_e,co-consumed,1.082947420774e-05
4826,1114,1174,EX_nh4_e,provided,0.04547024196706147
4827,1114,1174,EX_o2_e,co-consumed,3.8457435539662432
4828,1114,1174,EX_orn_e,received,0.003464318233193924
4829,1114,1174,EX_pyovd_kt_e,co-consumed,0.08153202518695611
4830,1114,1174,EX_so4_e,co-consumed,6.7900542683388e-05
4831,1114,1174,EX_stfrnA_e,co-consumed,0.08551769571185876
4832,1114,1174,EX_stfrnB_e,co-consumed,0.0854905751777392
4833,1114,1174,EX_zn2_e,co-consumed,5.344212308016e-06
4834,1114,638,EX_acmana_e,co-consumed,0.002288107144824404
4835,1114,638,EX_arg__L_e,co-consumed,0.0046357303882063276
4836,1114,638,EX_ca2_e,co-consumed,8.157368052924399e-05
4837,1114,638,EX_cl_e,co-consumed,8.1573673573936e-05
4838,1114,638,EX_cobalt2_e,co-consumed,1.5672176856355215e-06
4839,1114,638,EX_cu2_e,co-consumed,1.0660673623368001e-05
4840,1114,638,EX_fe2_e,co-consumed,0.000105202132142988
4841,1114,638,EX_fe3_e,co-consumed,0.2526625386113989
4842,1114,638,EX_glygln_e,co-consumed,0.042553588203818285
4843,1114,638,EX_h2s_e,received,0.0038483196513773637
4844,1114,638,EX_h_e,provided,0.00112623464957868
4845,1114,638,EX_ile__L_e,co-consumed,0.004872935060638228
4846,1114,638,EX_k_e,co-consumed,0.003059099217122536
4847,1114,638,EX_lys__L_e,co-consumed,0.005534792074785936
4848,1114,638,EX_malt_e,co-consumed,1.0293745998050619
4849,1114,638,EX_mg2_e,co-consumed,0.000135956138154524
4850,1114,638,EX_mn2_e,co-consumed,1.082947420774e-05
4851,1114,638,EX_nh4_e,provided,0.04547024196706147
4852,1114,638,EX_o2_e,co-consumed,3.8457435539662432
4853,1114,638,EX_orn_e,received,0.003464318233193924
4854,1114,638,EX_pyovd_kt_e,co-consumed,0.08153202518695611
4855,1114,638,EX_so4_e,co-consumed,6.7900542683388e-05
4856,1114,638,EX_stfrnA_e,co-consumed,0.08551769571185876
4857,1114,638,EX_stfrnB_e,co-consumed,0.0854905751777392
4858,1114,638,EX_thm_e,co-consumed,3.4862392137499753e-06
4859,1114,638,EX_tyr__L_e,co-consumed,0.002161134730962664
4860,1114,638,EX_zn2_e,co-consumed,5.344212308016e-06
4861,1114,1252,EX_arg__L_e,co-consumed,0.0046357303882063276
4862,1114,1252,EX_ca2_e,co-consumed,8.157368052924399e-05
4863,1114,1252,EX_cl_e,co-consumed,8.1573673573936e-05
4864,1114,1252,EX_cobalt2_e,co-consumed,1.5672176856355215e-06
4865,1114,1252,EX_cu2_e,co-consumed,1.0660673623368001e-05
4866,1114,1252,EX_fe3_e,co-consumed,0.10010262645074329
4867,1114,1252,EX_gal_e,provided,0.12956592926336005
4868,1114,1252,EX_gly_asn__L_e,co-consumed,0.003777855372185156
4869,1114,1252,EX_glyc_e,co-consumed,2.5718014938363035e-06
4870,1114,1252,EX_glygln_e,co-consumed,0.042553588203818285
4871,1114,1252,EX_h2s_e,co-consumed,0.0038483196513773637
4872,1114,1252,EX_h_e,provided,0.00112623464957868
4873,1114,1252,EX_ile__L_e,co-consumed,0.004872935060638228
4874,1114,1252,EX_k_e,co-consumed,0.003059099217122536
4875,1114,1252,EX_lys__L_e,co-consumed,0.005534792074785936
4876,1114,1252,EX_mg2_e,co-consumed,0.000135956138154524
4877,1114,1252,EX_mn2_e,co-consumed,1.082947420774e-05
4878,1114,1252,EX_o2_e,co-consumed,3.8457435539662432
4879,1114,1252,EX_orn_e,co-consumed,0.003464318233193924
4880,1114,1252,EX_pyovd_kt_e,co-consumed,0.08153202518695611
4881,1114,1252,EX_so4_e,co-consumed,6.7900542683388e-05
4882,1114,1252,EX_tyr__L_e,co-consumed,0.002161134730962664
4883,1114,1252,EX_zn2_e,co-consumed,5.344212308016e-06
4884,1362,1208,EX_4abut_e,co-consumed,2.3684739172160185
4885,1362,1208,EX_acald_e,provided,0.031528264551958556
4886,1362,1208,EX_acmana_e,co-consumed,0.0051901134277150965
4887,1362,1208,EX_arg__L_e,co-consumed,0.010515392853133068
4888,1362,1208,EX_ca2_e,co-consumed,0.000185037459311756
4889,1362,1208,EX_cl_e,co-consumed,0.00018503746083356002
4890,1362,1208,EX_cobalt2_e,co-consumed,3.554994415211502e-06
4891,1362,1208,EX_cu2_e,co-consumed,2.5204910403848e-05
4892,1362,1208,EX_fe2_e,co-consumed,0.00023873883590635602
4893,1362,1208,EX_fe3_e,co-consumed,0.10109349937422764
4894,1362,1208,EX_glyald_e,provided,3.999706389032524
4895,1362,1208,EX_glyc_e,received,3.9997063553221848
4896,1362,1208,EX_gthrd_e,co-consumed,1.16268181321189e-06
4897,1362,1208,EX_h2o_e,provided,0.44188172090410993
4898,1362,1208,EX_h2s_e,provided,0.00547056092920584
4899,1362,1208,EX_h_e,received,3.024212848729982
4900,1362,1208,EX_k_e,co-consumed,0.006939100248883789
4901,1362,1208,EX_mg2_e,co-consumed,0.000308395771808992
4902,1362,1208,EX_mn2_e,co-consumed,2.4565011409108002e-05
4903,1362,1208,EX_nh4_e,received,0.01835854082437485
4904,1362,1208,EX_o2_e,co-consumed,3.9999999827833617
4905,1362,1208,EX_pi_e,co-consumed,0.04983466476348048
4906,1362,1208,EX_pyovd_kt_e,co-consumed,0.08157885504853672
4907,1362,1208,EX_so4_e,co-consumed,0.00015421954251966
4908,1362,1208,EX_zn2_e,co-consumed,1.2122530955867999e-05
4909,1362,1334,EX_4abut_e,co-consumed,3.999994459012928
4910,1362,1334,EX_arg__L_e,co-consumed,0.038608070545978
4911,1362,1334,EX_bz_e,provided,1.3059379269832e-05
4912,1362,1334,EX_ca2_e,co-consumed,0.0006793794336395401
4913,1362,1334,EX_cl_e,co-consumed,0.00067937942944234
4914,1362,1334,EX_cobalt2_e,co-consumed,1.305243863054e-05
4915,1362,1334,EX_cu2_e,co-consumed,9.254178989055201e-05
4916,1362,1334,EX_fe2_e,co-consumed,0.00087650510841338
4917,1362,1334,EX_fe3_e,co-consumed,0.10109349937422764
4918,1362,1334,EX_glu__L_e,provided,3.999996139122461
4919,1362,1334,EX_gly_asn__L_e,co-consumed,0.03146355398006519
4920,1362,1334,EX_glyald_e,provided,3.999706389032524
4921,1362,1334,EX_glyc_e,received,3.9997063553221848
4922,1362,1334,EX_gthrd_e,co-consumed,1.696468469366609e-06
4923,1362,1334,EX_h2o_e,provided,3.999999949116735
4924,1362,1334,EX_h2s_e,provided,0.020089283009825425
4925,1362,1334,EX_h_e,co-consumed,1.0810525813379293
4926,1362,1334,EX_k_e,co-consumed,0.025477446536117086
4927,1362,1334,EX_leu__L_e,co-consumed,0.06021490463799532
4928,1362,1334,EX_mg2_e,co-consumed,0.0011322990512711
4929,1362,1334,EX_mn2_e,co-consumed,9.019235093705599e-05
4930,1362,1334,EX_nh4_e,received,0.01835854082437485
4931,1362,1334,EX_no2_e,co-consumed,1.011687584279431e-06
4932,1362,1334,EX_o2_e,co-consumed,3.9999999947191163
4933,1362,1334,EX_pi_e,co-consumed,0.1832505419051775
4934,1362,1334,EX_pyovd_kt_e,co-consumed,0.08174269204197179
4935,1362,1334,EX_so4_e,co-consumed,0.000566218747882516
4936,1362,1334,EX_zn2_e,co-consumed,4.4508815730152e-05
4937,1362,397,EX_arg__L_e,co-consumed,0.06920866969908211
4938,1362,397,EX_bz_e,provided,2.3404863776383998e-05
4939,1362,397,EX_ca2_e,co-consumed,0.001217852818750344
4940,1362,397,EX_cl_e,co-consumed,0.001217852822333104
4941,1362,397,EX_co_e,provided,3.962312104651579e-06
4942,1362,397,EX_cobalt2_e,co-consumed,2.339774867916e-05
4943,1362,397,EX_cu2_e,co-consumed,0.000165890038135252
4944,1362,397,EX_fe2_e,co-consumed,0.0016230509548978839
4945,1362,397,EX_fe3_e,co-consumed,0.10109349937422764
4946,1362,397,EX_glyc_e,co-consumed,0.18638663939230632
4947,1362,397,EX_gua_e,co-consumed,0.056909822510723636
4948,1362,397,EX_h_e,co-consumed,3.999999947550514
4949,1362,397,EX_indole_e,provided,0.01329998742891936
4950,1362,397,EX_k_e,co-consumed,0.045670767579315284
4951,1362,397,EX_leu__L_e,co-consumed,0.10541401146566946
4952,1362,397,EX_mg2_e,co-consumed,0.002029754698458512
4953,1362,397,EX_mn2_e,co-consumed,0.000161678443373004
4954,1362,397,EX_nh4_e,co-consumed,0.01835854082437485
4955,1362,397,EX_o2_e,co-consumed,4.0000000073171
4956,1362,397,EX_pheme_e,co-consumed,5.217097049218e-05
4957,1362,397,EX_pi_e,co-consumed,0.22556046007853384
4958,1362,397,EX_pyovd_kt_e,co-consumed,0.08168261366841971
4959,1362,397,EX_so4_e,co-consumed,0.001015003960146008
4960,1362,397,EX_zn2_e,co-consumed,7.9786322995936e-05
4961,1362,790,EX_4abut_e,co-consumed,0.03122044674849617
4962,1362,790,EX_acald_e,provided,2.93522760138418
4963,1362,790,EX_arg__L_e,co-consumed,0.0643513465484833
4964,1362,790,EX_bz_e,provided,2.1815775779456e-05
4965,1362,790,EX_ca2_e,co-consumed,0.0011323795243763201
4966,1362,790,EX_cl_e,co-consumed,0.001132379475451076
4967,1362,790,EX_co_e,provided,3.962312104651579e-06
4968,1362,790,EX_cobalt2_e,co-consumed,2.175560948702e-05
4969,1362,790,EX_cu2_e,co-consumed,0.000154264017236172
4970,1362,790,EX_etoh_e,provided,1.3486580099658077e-06
4971,1362,790,EX_fe2_e,co-consumed,0.001508712915426732
4972,1362,790,EX_fe3_e,co-consumed,0.10109349937422764
4973,1362,790,EX_glu__L_e,provided,0.2379628279478169
4974,1362,790,EX_glyc_e,co-consumed,5.115498198920001e-06
4975,1362,790,EX_gua_e,co-consumed,1.4960626605072258e-06
4976,1362,790,EX_h2s_e,provided,0.05358084316260509
4977,1362,790,EX_h_e,co-consumed,3.9999999510067523
4978,1362,790,EX_indole_e,provided,0.012366520040754805
4979,1362,790,EX_k_e,co-consumed,0.042465426826002066
4980,1362,790,EX_leu__L_e,co-consumed,0.0980154113658712
4981,1362,790,EX_mg2_e,co-consumed,0.0018872991181296081
4982,1362,790,EX_mn2_e,co-consumed,0.000150331261555316
4983,1362,790,EX_nh4_e,received,0.01835854082437485
4984,1362,790,EX_o2_e,co-consumed,4.0000000073171
4985,1362,790,EX_pheme_e,co-consumed,4.851410567494e-05
4986,1362,790,EX_pi_e,co-consumed,0.20959968283663044
4987,1362,790,EX_pyovd_kt_e,co-consumed,0.08168969220271365
4988,1362,790,EX_quin_e,co-consumed,0.46159331241676177
4989,1362,790,EX_so4_e,co-consumed,0.000943764545232616
4990,1362,790,EX_zn2_e,co-consumed,7.418662835074e-05
4991,1362,947,EX_arg__L_e,co-consumed,0.07014177111137566
4992,1362,947,EX_asp__L_e,co-consumed,3.1584524819393966e-06
4993,1362,947,EX_ca2_e,co-consumed,0.00123427219400334
4994,1362,947,EX_cl_e,co-consumed,0.0012342722029121001
4995,1362,947,EX_co_e,provided,3.962312104651579e-06
4996,1362,947,EX_cobalt2_e,co-consumed,2.3713174407356e-05
4997,1362,947,EX_cu2_e,co-consumed,0.000168126606253288
4998,1362,947,EX_etoh_e,provided,2.282753711595222e-06
4999,1362,947,EX_fe2_e,co-consumed,0.0016975131417780078
5000,1362,947,EX_fe3_e,co-consumed,0.10109349937422764
5001,1362,947,EX_for_e,received,0.000476017549232664
5002,1362,947,EX_fru_e,co-consumed,0.1927436662743324
5003,1362,947,EX_gly_asn__L_e,co-consumed,0.05716190124390364
5004,1362,947,EX_glyc_e,co-consumed,1.7232041453052638
5005,1362,947,EX_h2s_e,provided,0.036494787671598944
5006,1362,947,EX_h_e,co-consumed,3.999999965538384
5007,1362,947,EX_indole_e,provided,0.013479294341799253
5008,1362,947,EX_k_e,co-consumed,0.04628651150126695
5009,1362,947,EX_leu__L_e,received,1.712640020151455e-06
5010,1362,947,EX_mg2_e,co-consumed,0.0020571203234276882
5011,1362,947,EX_mn2_e,co-consumed,0.000163858229789876
5012,1362,947,EX_nh4_e,co-consumed,0.01835854082437485
5013,1362,947,EX_o2_e,co-consumed,4.0000000073171
5014,1362,947,EX_pi_e,co-consumed,0.22859835619422186
5015,1362,947,EX_pyovd_kt_e,co-consumed,0.08172432925127425
5016,1362,947,EX_s_e,co-consumed,0.021905712410731422
5017,1362,947,EX_so4_e,co-consumed,0.00102869325506434
5018,1362,947,EX_tol_e,provided,2.3713754472292003e-05
5019,1362,947,EX_zn2_e,co-consumed,8.0862020779088e-05
5020,1362,997,EX_acald_e,provided,0.6015655253815413
5021,1362,997,EX_arg__L_e,co-consumed,0.05929959856276623
5022,1362,997,EX_asp__D_e,co-consumed,2.604851848398433
5023,1362,997,EX_bz_e,provided,2.0096298488695998e-05
5024,1362,997,EX_ca2_e,co-consumed,0.0010434847208092
5025,1362,997,EX_cl_e,co-consumed,0.00104348472257708
5026,1362,997,EX_cobalt2_e,co-consumed,2.0047737191336e-05
5027,1362,997,EX_cu2_e,co-consumed,0.000142138456686592
5028,1362,997,EX_etoh_e,provided,1.5971720553081045e-06
5029,1362,997,EX_fe2_e,co-consumed,0.001390731870040848
5030,1362,997,EX_fe3_e,co-consumed,0.09940322317984002
5031,1362,997,EX_gly_asn__L_e,co-consumed,0.04832607565121119
5032,1362,997,EX_glyc_e,co-consumed,0.027880222580512305
5033,1362,997,EX_gthrd_e,co-consumed,1.4356304749597735e-06
5034,1362,997,EX_gua_e,co-consumed,0.0487618761801338
5035,1362,997,EX_h2s_e,provided,0.04932917039706491
5036,1362,997,EX_h_e,co-consumed,3.999999955173125
5037,1362,997,EX_indole_e,provided,0.011395739851250869
5038,1362,997,EX_k_e,co-consumed,0.03913177965589056
5039,1362,997,EX_leu__L_e,co-consumed,0.09032106403279362
5040,1362,997,EX_man1p_e,provided,0.19326428623149647
5041,1362,997,EX_mg2_e,co-consumed,0.001739141201779196
5042,1362,997,EX_mn2_e,co-consumed,0.000138529863992152
5043,1362,997,EX_nh4_e,received,0.01835854082437485
5044,1362,997,EX_o2_e,co-consumed,4.0000000073171
5045,1362,997,EX_pheme_e,co-consumed,4.4700229887944004e-05
5046,1362,997,EX_pyovd_kt_e,co-consumed,0.09708401242788707
5047,1362,997,EX_so4_e,co-consumed,0.000869810833913784
5048,1362,997,EX_zn2_e,co-consumed,6.8362783822464e-05
5049,1362,1114,EX_acmana_e,co-consumed,0.002288107144824404
5050,1362,1114,EX_arg__L_e,co-consumed,0.0046357303882063276
5051,1362,1114,EX_asp__L_e,co-consumed,3.1584524819393966e-06
5052,1362,1114,EX_bz_e,provided,1.5686153384505792e-06
5053,1362,1114,EX_ca2_e,co-consumed,8.157368052924399e-05
5054,1362,1114,EX_cl_e,co-consumed,8.1573673573936e-05
5055,1362,1114,EX_cobalt2_e,co-consumed,1.5672176856355215e-06
5056,1362,1114,EX_cu2_e,co-consumed,1.0660673623368001e-05
5057,1362,1114,EX_fe2_e,co-consumed,0.000105202132142988
5058,1362,1114,EX_fe3_e,co-consumed,0.10109349937422764
5059,1362,1114,EX_gly_asn__L_e,co-consumed,0.003777855372185156
5060,1362,1114,EX_glyc_e,co-consumed,3.591211762186692
5061,1362,1114,EX_h2s_e,provided,0.0038483196513773637
5062,1362,1114,EX_h_e,received,0.00112623464957868
5063,1362,1114,EX_k_e,co-consumed,0.003059099217122536
5064,1362,1114,EX_leu__L_e,co-consumed,0.007230005544080364
5065,1362,1114,EX_man1p_e,provided,0.021971806925223606
5066,1362,1114,EX_mg2_e,co-consumed,0.000135956138154524
5067,1362,1114,EX_mn2_e,co-consumed,1.082947420774e-05
5068,1362,1114,EX_nh4_e,received,0.01835854082437485
5069,1362,1114,EX_o2_e,co-consumed,3.8457435539662432
5070,1362,1114,EX_pyovd_kt_e,co-consumed,0.08153202518695611
5071,1362,1114,EX_so4_e,co-consumed,6.7900542683388e-05
5072,1362,1114,EX_zn2_e,co-consumed,5.344212308016e-06
5073,1362,428,EX_acald_e,provided,3.9999992800442308
5074,1362,428,EX_arg__L_e,co-consumed,0.08270622101590855
5075,1362,428,EX_bz_e,provided,2.7960846569208e-05
5076,1362,428,EX_ca2_e,co-consumed,0.001455367113996248
5077,1362,428,EX_cl_e,co-consumed,0.001455367112419864
5078,1362,428,EX_cobalt2_e,co-consumed,2.7960943592624002e-05
5079,1362,428,EX_cu2_e,co-consumed,0.000198243090071724
5080,1362,428,EX_etoh_e,provided,2.282753711595222e-06
5081,1362,428,EX_fe2_e,co-consumed,0.001938810426974312
5082,1362,428,EX_fe3_e,co-consumed,0.10109349937422764
5083,1362,428,EX_for_e,received,0.8872447832204462
5084,1362,428,EX_gly_asn__L_e,co-consumed,0.06740129790001674
5085,1362,428,EX_glyc_e,co-consumed,1.6099709835040856
5086,1362,428,EX_gthrd_e,co-consumed,1.696468469366609e-06
5087,1362,428,EX_h2s_e,provided,0.04303388535733
5088,1362,428,EX_h_e,co-consumed,3.999999965538384
5089,1362,428,EX_indole_e,provided,0.015893834215524313
5090,1362,428,EX_k_e,co-consumed,0.05457780462675701
5091,1362,428,EX_mg2_e,co-consumed,0.002425611846484028
5092,1362,428,EX_mn2_e,co-consumed,0.000193210120225052
5093,1362,428,EX_nh4_e,co-consumed,0.01835854082437485
5094,1362,428,EX_o2_e,co-consumed,4.0000000073171
5095,1362,428,EX_pheme_e,co-consumed,6.234547232358e-05
5096,1362,428,EX_pi_e,co-consumed,0.2695095713140418
5097,1362,428,EX_pyovd_kt_e,co-consumed,0.08186765301658698
5098,1362,428,EX_s_e,co-consumed,0.02583021928916667
5099,1362,428,EX_so4_e,co-consumed,0.00121296412708714
5100,1362,428,EX_zn2_e,co-consumed,9.5346817650856e-05
5101,1362,796,EX_acald_e,provided,0.002836909054187548
5102,1362,796,EX_arg__L_e,co-consumed,0.06294170452915404
5103,1362,796,EX_asp__L_e,co-consumed,2.2083547877845074e-06
5104,1362,796,EX_ca2_e,co-consumed,0.001107574281398108
5105,1362,796,EX_cl_e,co-consumed,0.0011075742753872161
5106,1362,796,EX_co_e,provided,3.962312104651579e-06
5107,1362,796,EX_cobalt2_e,co-consumed,2.1279044663959997e-05
5108,1362,796,EX_cu2_e,co-consumed,0.000150868424905576
5109,1362,796,EX_etoh_e,provided,2.282753711595222e-06
5110,1362,796,EX_fe2_e,co-consumed,0.0014762008737501159
5111,1362,796,EX_fe3_e,co-consumed,0.10109349937422764
5112,1362,796,EX_gly_asn__L_e,co-consumed,0.051294202073340886
5113,1362,796,EX_glyc_e,co-consumed,3.9997063553221848
5114,1362,796,EX_h_e,co-consumed,3.9999999187499555
5115,1362,796,EX_indole_e,provided,0.012095646042858097
5116,1362,796,EX_k_e,co-consumed,0.041535205650924285
5117,1362,796,EX_mg2_e,co-consumed,0.001845957120454128
5118,1362,796,EX_mn2_e,co-consumed,0.000147038197718252
5119,1362,796,EX_nh4_e,co-consumed,5.81020049542e-06
5120,1362,796,EX_o2_e,co-consumed,4.000000007062814
5121,1362,796,EX_pheme_e,co-consumed,4.7443022883936004e-05
5122,1362,796,EX_pi_e,co-consumed,0.20513428815441953
5123,1362,796,EX_pyovd_kt_e,co-consumed,0.08161142134172414
5124,1362,796,EX_so4_e,co-consumed,0.00222749037921232
5125,1362,796,EX_zn2_e,co-consumed,7.256154230407201e-05
5126,1362,1350,EX_4abut_e,co-consumed,0.000309800583121744
5127,1362,1350,EX_acald_e,provided,1.917460305183066
5128,1362,1350,EX_acmana_e,co-consumed,0.010894953243991508
5129,1362,1350,EX_arg__L_e,co-consumed,0.04480527367546154
5130,1362,1350,EX_ca2_e,co-consumed,0.000388408448178276
5131,1362,1350,EX_cl_e,co-consumed,0.000388413463840176
5132,1362,1350,EX_cobalt2_e,co-consumed,7.46231436586e-06
5133,1362,1350,EX_cu2_e,co-consumed,5.290780885396e-05
5134,1362,1350,EX_fe3_e,co-consumed,0.10109349937422764
5135,1362,1350,EX_for_e,received,0.00010146007375620399
5136,1362,1350,EX_gly_asn__L_e,co-consumed,0.01798827822953449
5137,1362,1350,EX_glyald_e,provided,1.6631856234273665
5138,1362,1350,EX_glyc_e,received,1.5954828384321473
5139,1362,1350,EX_gua_e,received,0.00195256487725718
5140,1362,1350,EX_h2s_e,provided,0.018360240954817714
5141,1362,1350,EX_h_e,co-consumed,0.17888914915507573
5142,1362,1350,EX_k_e,co-consumed,0.01456591528015751
5143,1362,1350,EX_mg2_e,co-consumed,0.000647355765087112
5144,1362,1350,EX_mn2_e,co-consumed,5.1564593668596e-05
5145,1362,1350,EX_nh4_e,received,0.01835854082437485
5146,1362,1350,EX_o2_e,co-consumed,4.000000001268809
5147,1362,1350,EX_pi_e,co-consumed,0.11485945952391907
5148,1362,1350,EX_pyovd_kt_e,co-consumed,0.08164225635842604
5149,1362,1350,EX_so4_e,co-consumed,0.000323716092813068
5150,1362,1350,EX_zn2_e,co-consumed,2.5446491987588002e-05
5151,1362,262,EX_acald_e,provided,2.3331030225877964
5152,1362,262,EX_arg__L_e,co-consumed,0.13939505062621846
5153,1362,262,EX_asp__L_e,co-consumed,3.1584524819393966e-06
5154,1362,262,EX_bz_e,provided,4.7064646417284e-05
5155,1362,262,EX_ca2_e,co-consumed,0.0024529104295559277
5156,1362,262,EX_cgly_e,provided,1.6802571514112338e-06
5157,1362,262,EX_cl_e,co-consumed,0.00245291043100516
5158,1362,262,EX_cobalt2_e,co-consumed,4.7126040831452005e-05
5159,1362,262,EX_cu2_e,co-consumed,0.000334123629495
5160,1362,262,EX_fe2_e,co-consumed,0.003562307845017832
5161,1362,262,EX_fe3_e,co-consumed,0.09825562569376221
5162,1362,262,EX_fru_e,co-consumed,3.910384050240785
5163,1362,262,EX_glc__D_e,co-consumed,3.3528711935522004
5164,1362,262,EX_glu__L_e,provided,3.999996139122461
5165,1362,262,EX_gly_asn__L_e,co-consumed,0.1135996777948417
5166,1362,262,EX_glyald_e,provided,0.03544535160748722
5167,1362,262,EX_glyc_e,received,0.03544539127576483
5168,1362,262,EX_gthrd_e,received,1.696468469366609e-06
5169,1362,262,EX_gua_e,co-consumed,0.11462372236362665
5170,1362,262,EX_h2o_e,provided,3.9999997466492805
5171,1362,262,EX_h2s_e,provided,0.11606566632490467
5172,1362,262,EX_h_e,co-consumed,3.9999999358706617
5173,1362,262,EX_indole_e,provided,0.026787848841981675
5174,1362,262,EX_k_e,co-consumed,0.0919867328801378
5175,1362,262,EX_mg2_e,co-consumed,0.004088184035296432
5176,1362,262,EX_mn2_e,co-consumed,0.000325640942145336
5177,1362,262,EX_nh4_e,co-consumed,0.01835854082437485
5178,1362,262,EX_o2_e,co-consumed,4.000000005716123
5179,1362,262,EX_pi_e,co-consumed,0.4543136955359811
5180,1362,262,EX_pyovd_kt_e,co-consumed,0.09708401242788707
5181,1362,262,EX_so4_e,co-consumed,0.00204435203036386
5182,1362,262,EX_zn2_e,co-consumed,0.00016069979923529602
5183,1362,978,EX_acald_e,provided,3.9999998664308722
5184,1362,978,EX_arg__L_e,co-consumed,0.03493271998263871
5185,1362,978,EX_asp__D_e,co-consumed,0.02947288471119753
5186,1362,978,EX_bz_e,provided,1.178109358972e-05
5187,1362,978,EX_ca2_e,co-consumed,0.000614705407725804
5188,1362,978,EX_cgly_e,provided,1.6802571514112338e-06
5189,1362,978,EX_cl_e,co-consumed,0.000614705397849888
5190,1362,978,EX_cobalt2_e,co-consumed,1.1809901884912e-05
5191,1362,978,EX_cu2_e,co-consumed,8.373220436403201e-05
5192,1362,978,EX_fe2_e,co-consumed,0.0007928112618444481
5193,1362,978,EX_fe3_e,co-consumed,0.10109349937422764
5194,1362,978,EX_glu__L_e,provided,2.2365464042867877
5195,1362,978,EX_glyc_e,co-consumed,0.24764740041469416
5196,1362,978,EX_gthrd_e,received,1.696468469366609e-06
5197,1362,978,EX_h2o_e,provided,3.999999718465075
5198,1362,978,EX_h2s_e,provided,0.029059921706837077
5199,1362,978,EX_h_e,co-consumed,3.999999719834292
5200,1362,978,EX_k_e,co-consumed,0.02305210178621846
5201,1362,978,EX_mg2_e,co-consumed,0.00102450898582638
5202,1362,978,EX_mn2_e,co-consumed,8.1606422024748e-05
5203,1362,978,EX_nh4_e,co-consumed,0.01835854082437485
5204,1362,978,EX_o2_e,co-consumed,3.999999987126816
5205,1362,978,EX_pi_e,co-consumed,0.16582010592256907
5206,1362,978,EX_pyovd_kt_e,co-consumed,0.08177217094967777
5207,1362,978,EX_quin_e,co-consumed,0.04495718201968427
5208,1362,978,EX_so4_e,co-consumed,0.000512315308719196
5209,1362,978,EX_zn2_e,co-consumed,4.0266750851668e-05
5210,1362,1338,EX_arg__L_e,co-consumed,0.14504670550558305
5211,1362,1338,EX_bz_e,provided,4.9036722629772e-05
5212,1362,1338,EX_ca2_e,co-consumed,0.0025523615473371443
5213,1362,1338,EX_cl_e,co-consumed,0.00255236153706398
5214,1362,1338,EX_co_e,provided,3.962312104651579e-06
5215,1362,1338,EX_cobalt2_e,co-consumed,4.9036725213007996e-05
5216,1362,1338,EX_cu2_e,co-consumed,0.000347670381760236
5217,1362,1338,EX_fe2_e,co-consumed,0.003402087946900608
5218,1362,1338,EX_fe3_e,co-consumed,0.10098779478597139
5219,1362,1338,EX_fru_e,co-consumed,2.2968780248755074
5220,1362,1338,EX_glc__D_e,co-consumed,2.9855868055751724
5221,1362,1338,EX_gly_asn__L_e,co-consumed,0.11820552310118831
5222,1362,1338,EX_glyc_e,co-consumed,3.9996828759297043
5223,1362,1338,EX_gthrd_e,co-consumed,1.696468469366609e-06
5224,1362,1338,EX_gua_e,co-consumed,0.11927081725904311
5225,1362,1338,EX_h2s_e,provided,0.29905245700335514
5226,1362,1338,EX_h_e,co-consumed,3.99999984176356
5227,1362,1338,EX_indole_e,provided,0.02787394686242238
5228,1362,1338,EX_k_e,co-consumed,0.09571625504503004
5229,1362,1338,EX_mg2_e,co-consumed,0.0042539359103182526
5230,1362,1338,EX_mn2_e,co-consumed,0.000338843771649004
5231,1362,1338,EX_nh4_e,received,0.01835854082437485
5232,1362,1338,EX_no2_e,received,0.449654285960827
5233,1362,1338,EX_o2_e,co-consumed,4.0000000073171
5234,1362,1338,EX_pheme_e,co-consumed,0.000109338281060112
5235,1362,1338,EX_pi_e,co-consumed,0.4733005374489946
5236,1362,1338,EX_pyovd_kt_e,co-consumed,0.09708401242788707
5237,1362,1338,EX_s_e,received,0.4255168250624084
5238,1362,1338,EX_so4_e,co-consumed,0.002127211543286632
5239,1362,1338,EX_zn2_e,co-consumed,0.0001672152329765
5240,1362,1357,EX_acald_e,provided,1.35859842204089
5241,1362,1357,EX_arg__L_e,co-consumed,0.07409311905358083
5242,1362,1357,EX_bz_e,provided,2.5053005366268003e-05
5243,1362,1357,EX_ca2_e,co-consumed,0.001303803745359452
5244,1362,1357,EX_cl_e,co-consumed,0.0013038037393576522
5245,1362,1357,EX_cobalt2_e,co-consumed,2.504906331142e-05
5246,1362,1357,EX_cu2_e,co-consumed,0.000177615054287412
5247,1362,1357,EX_etoh_e,provided,1.2935053489466327e-06
5248,1362,1357,EX_fe2_e,co-consumed,0.001736825051244268
5249,1362,1357,EX_fe3_e,co-consumed,0.09943419479300797
5250,1362,1357,EX_for_e,co-consumed,0.2306773228292371
5251,1362,1357,EX_glc__D_e,co-consumed,0.11170276684463472
5252,1362,1357,EX_glyc_e,co-consumed,0.2992554826238624
5253,1362,1357,EX_h2s_e,provided,0.061693457951051085
5254,1362,1357,EX_h_e,co-consumed,3.999999965538384
5255,1362,1357,EX_indole_e,provided,0.014238646584827628
5256,1362,1357,EX_k_e,co-consumed,0.04889401814946166
5257,1362,1357,EX_leu__L_e,co-consumed,0.11285374553745517
5258,1362,1357,EX_mg2_e,co-consumed,0.0021730062497658
5259,1362,1357,EX_mn2_e,co-consumed,0.000173089025632868
5260,1362,1357,EX_nh4_e,received,0.01835854082437485
5261,1362,1357,EX_o2_e,co-consumed,4.0000000073171
5262,1362,1357,EX_oxa_e,received,0.08205630144259583
5263,1362,1357,EX_pheme_e,co-consumed,5.5853056938744005e-05
5264,1362,1357,EX_pi_e,co-consumed,0.24148695362315242
5265,1362,1357,EX_pyovd_kt_e,co-consumed,0.09708401242788707
5266,1362,1357,EX_so4_e,co-consumed,0.001086645104511944
5267,1362,1357,EX_zn2_e,co-consumed,8.5417305891944e-05
5268,1362,2751,EX_fe3_e,co-consumed,0.10109349937422764
5269,1362,2751,EX_glyc_e,co-consumed,3.9323649918687176
5270,1362,2751,EX_gthrd_e,co-consumed,1.696468469366609e-06
5271,1362,2751,EX_h2s_e,provided,0.29905245700335514
5272,1362,2751,EX_h_e,received,3.999999965538384
5273,1362,2751,EX_nh4_e,co-consumed,0.01835854082437485
5274,1362,2751,EX_o2_e,co-consumed,3.999999925117265
5275,1362,2751,EX_pyovd_kt_e,co-consumed,0.08140781945174283
5276,1362,709,EX_4abut_e,co-consumed,2.5063224133102334e-06
5277,1362,709,EX_acald_e,provided,3.999999565435491
5278,1362,709,EX_arg__L_e,received,0.2653909894059583
5279,1362,709,EX_asp__D_e,received,2.604851848398433
5280,1362,709,EX_asp__L_e,co-consumed,3.1584524819393966e-06
5281,1362,709,EX_co2_e,provided,3.9999992468984384
5282,1362,709,EX_fe2_e,co-consumed,0.001004880035867944
5283,1362,709,EX_fe3_e,co-consumed,0.10109349937422764
5284,1362,709,EX_glyald_e,provided,2.958353664369491
5285,1362,709,EX_glyc_e,received,2.8451238230849185
5286,1362,709,EX_h2s_e,provided,0.036008770359333114
5287,1362,709,EX_h_e,co-consumed,3.9999997443327784
5288,1362,709,EX_nh4_e,co-consumed,1.2529140989344e-05
5289,1362,709,EX_o2_e,co-consumed,3.9999999885236144
5290,1362,709,EX_pheme_e,received,0.000114494971848828
5291,1362,709,EX_pi_e,received,1.2724910709637248e-06
5292,1362,709,EX_pyovd_kt_e,co-consumed,0.08162271012892948
5293,1362,1080,EX_acald_e,provided,3.9999998824042273
5294,1362,1080,EX_arg__L_e,co-consumed,0.09774477676403731
5295,1362,1080,EX_asp__D_e,co-consumed,2.604851848398433
5296,1362,1080,EX_asp__L_e,co-consumed,3.1584524819393966e-06
5297,1362,1080,EX_bz_e,provided,3.299013178626e-05
5298,1362,1080,EX_ca2_e,co-consumed,0.0017199988518446041
5299,1362,1080,EX_cl_e,co-consumed,0.001719998833413928
5300,1362,1080,EX_cobalt2_e,co-consumed,3.3045126410572e-05
5301,1362,1080,EX_cu2_e,co-consumed,0.00023428994625097202
5302,1362,1080,EX_fe2_e,co-consumed,0.002292361233621388
5303,1362,1080,EX_fe3_e,co-consumed,0.10109349937422764
5304,1362,1080,EX_for_e,received,0.000221071408756476
5305,1362,1080,EX_gly_asn__L_e,co-consumed,0.07965697718288292
5306,1362,1080,EX_glyald_e,provided,3.999706389032524
5307,1362,1080,EX_glyc_e,received,3.9997063553221848
5308,1362,1080,EX_h2s_e,provided,0.05085931955435928
5309,1362,1080,EX_h_e,co-consumed,3.99999994148562
5310,1362,1080,EX_hxan_e,received,0.10471163090413496
5311,1362,1080,EX_indole_e,provided,0.0187838402181919
5312,1362,1080,EX_k_e,co-consumed,0.0645017735945925
5313,1362,1080,EX_leu__L_e,co-consumed,0.14887851188005363
5314,1362,1080,EX_mg2_e,co-consumed,0.002866664713725084
5315,1362,1080,EX_mn2_e,co-consumed,0.000228341823497068
5316,1362,1080,EX_nh4_e,received,0.01835854082437485
5317,1362,1080,EX_o2_e,co-consumed,4.0000000073171
5318,1362,1080,EX_pheme_e,co-consumed,7.3692198747684e-05
5319,1362,1080,EX_pi_e,co-consumed,0.317846700613507
5320,1362,1080,EX_pyovd_kt_e,co-consumed,0.08162460805035757
5321,1362,1080,EX_so4_e,co-consumed,0.001433538678428896
5322,1362,1080,EX_zn2_e,co-consumed,0.00011268388106005601
5323,1362,1234,EX_arg__L_e,co-consumed,0.1760320041144797
5324,1362,1234,EX_bz_e,provided,5.9554728679556e-05
5325,1362,1234,EX_ca2_e,co-consumed,0.002672666964173696
5326,1362,1234,EX_cl_e,co-consumed,0.002672666965925268
5327,1362,1234,EX_cobalt2_e,co-consumed,5.1348068475956e-05
5328,1362,1234,EX_cu2_e,co-consumed,0.000364057805494552
5329,1362,1234,EX_fe2_e,co-consumed,0.003562307845017832
5330,1362,1234,EX_fe3_e,co-consumed,0.10109349937422764
5331,1362,1234,EX_for_e,received,0.00119456060769882
5332,1362,1234,EX_gly_asn__L_e,co-consumed,0.12377709332883127
5333,1362,1234,EX_glyc_e,co-consumed,1.5041397989079013
5334,1362,1234,EX_gthrd_e,co-consumed,1.4065100262110147e-06
5335,1362,1234,EX_h2o_e,provided,0.657708615030396
5336,1362,1234,EX_h2s_e,provided,0.09158317848303064
5337,1362,1234,EX_h_e,co-consumed,3.999999965538384
5338,1362,1234,EX_indole_e,provided,0.033828456120678356
5339,1362,1234,EX_k_e,co-consumed,0.10022783530027976
5340,1362,1234,EX_leu__L_e,received,0.2313388294349377
5341,1362,1234,EX_mg2_e,co-consumed,0.004454444942670708
5342,1362,1234,EX_mn2_e,co-consumed,0.00035481515316888
5343,1362,1234,EX_nh4_e,co-consumed,0.01835854082437485
5344,1362,1234,EX_o2_e,co-consumed,4.0000000073171
5345,1362,1234,EX_pheme_e,co-consumed,0.000114494971848828
5346,1362,1234,EX_pi_e,co-consumed,0.5710582709526603
5347,1362,1234,EX_pyovd_kt_e,co-consumed,0.0966212167263657
5348,1362,1234,EX_so4_e,co-consumed,0.00222749037921232
5349,1362,1234,EX_zn2_e,co-consumed,0.00017509691350302
5350,1362,459,EX_arg__L_e,co-consumed,0.0752507675809346
5351,1362,459,EX_bz_e,provided,2.5439122619448e-05
5352,1362,459,EX_ca2_e,co-consumed,0.001324174641914416
5353,1362,459,EX_cl_e,co-consumed,0.001324174648216012
5354,1362,459,EX_co_e,provided,1.7996924166142676e-06
5355,1362,459,EX_cobalt2_e,co-consumed,2.5440435039219997e-05
5356,1362,459,EX_cu2_e,co-consumed,0.000180390647390964
5357,1362,459,EX_etoh_e,provided,2.282753711595222e-06
5358,1362,459,EX_fe2_e,co-consumed,0.001764986478475996
5359,1362,459,EX_fe3_e,co-consumed,0.09975758485025954
5360,1362,459,EX_gly_asn__L_e,co-consumed,0.06132544409948123
5361,1362,459,EX_glyc_e,co-consumed,0.5603564379780037
5362,1362,459,EX_gua_e,received,0.029323899499775583
5363,1362,459,EX_h2s_e,provided,0.06265178161169169
5364,1362,459,EX_h_e,co-consumed,3.999999965538384
5365,1362,459,EX_hxan_e,received,0.00019135856164778802
5366,1362,459,EX_indole_e,provided,0.014461106596512244
5367,1362,459,EX_k_e,co-consumed,0.049657948366106826
5368,1362,459,EX_mg2_e,co-consumed,0.002206957731340756
5369,1362,459,EX_mn2_e,co-consumed,0.000175793406121016
5370,1362,459,EX_nh4_e,co-consumed,0.01835854082437485
5371,1362,459,EX_o2_e,co-consumed,4.0000000073171
5372,1362,459,EX_pheme_e,co-consumed,5.6724788608056e-05
5373,1362,459,EX_pi_e,co-consumed,0.24524313539055015
5374,1362,459,EX_pyovd_kt_e,co-consumed,0.09708401242788707
5375,1362,459,EX_so4_e,co-consumed,0.0011036054317014401
5376,1362,459,EX_zn2_e,co-consumed,8.675188348374e-05
5377,1362,939,EX_R_3httdca_e,co-consumed,0.02586467625025754
5378,1362,939,EX_acald_e,provided,3.999999953878311
5379,1362,939,EX_arg__L_e,co-consumed,0.09830545590351224
5380,1362,939,EX_asp__L_e,co-consumed,3.1584524819393966e-06
5381,1362,939,EX_bz_e,provided,3.3232014882852e-05
5382,1362,939,EX_ca2_e,co-consumed,0.001729864292236908
5383,1362,939,EX_cl_e,co-consumed,0.0017298642985617162
5384,1362,939,EX_co2_e,provided,3.9999931267347986
5385,1362,939,EX_cobalt2_e,co-consumed,3.3234664594716e-05
5386,1362,939,EX_cu2_e,co-consumed,0.000235650970620524
5387,1362,939,EX_etoh_e,provided,2.282753711595222e-06
5388,1362,939,EX_fe2_e,co-consumed,0.002304981749567044
5389,1362,939,EX_fe3_e,co-consumed,0.10109349937422764
5390,1362,939,EX_for_e,received,3.3401778116501353
5391,1362,939,EX_glu__L_e,provided,0.7326833773435338
5392,1362,939,EX_gly_asn__L_e,co-consumed,0.08011383168303018
5393,1362,939,EX_glyc_e,received,0.024997015534810717
5394,1362,939,EX_gua_e,received,0.12489286651192032
5395,1362,939,EX_h2s_e,provided,0.051150502675831995
5396,1362,939,EX_h_e,co-consumed,3.999999965538384
5397,1362,939,EX_indole_e,provided,0.01889157864291596
5398,1362,939,EX_k_e,co-consumed,0.06487173886236564
5399,1362,939,EX_mg2_e,co-consumed,0.002883107157740876
5400,1362,939,EX_mn2_e,co-consumed,0.000229651532349492
5401,1362,939,EX_nh4_e,received,0.01835854082437485
5402,1362,939,EX_no2_e,co-consumed,0.449654285960827
5403,1362,939,EX_o2_e,co-consumed,4.0000000073171
5404,1362,939,EX_oxa_e,co-consumed,0.08205630144259583
5405,1362,939,EX_pheme_e,co-consumed,7.4111704178228e-05
5406,1362,939,EX_pi_e,co-consumed,0.21639201496887295
5407,1362,939,EX_pyovd_kt_e,co-consumed,0.08179167806008131
5408,1362,939,EX_so4_e,co-consumed,0.0014417620006114402
5409,1362,939,EX_zn2_e,co-consumed,0.000113330206267984
5410,1362,1101,EX_acald_e,provided,1.7386622935093572
5411,1362,1101,EX_arg__L_e,co-consumed,0.0708719972398029
5412,1362,1101,EX_bz_e,provided,2.3960537358676e-05
5413,1362,1101,EX_ca2_e,co-consumed,0.001247118090470048
5414,1362,1101,EX_cl_e,co-consumed,0.001247118089766604
5415,1362,1101,EX_cobalt2_e,co-consumed,2.3960001738136e-05
5416,1362,1101,EX_cu2_e,co-consumed,0.000169893680116944
5417,1362,1101,EX_etoh_e,provided,1.6528803451039475e-06
5418,1362,1101,EX_fe2_e,co-consumed,0.001662285257221172
5419,1362,1101,EX_fe3_e,co-consumed,0.09965199913962736
5420,1362,1101,EX_gly_asn__L_e,co-consumed,0.05775678414611285
5421,1362,1101,EX_glyc_e,co-consumed,0.8585038357276302
5422,1362,1101,EX_gua_e,co-consumed,0.013918972514455676
5423,1362,1101,EX_h2s_e,provided,0.03687654426009199
5424,1362,1101,EX_h_e,co-consumed,3.999999965538384
5425,1362,1101,EX_indole_e,provided,0.013619584923228826
5426,1362,1101,EX_k_e,co-consumed,0.04676824619272245
5427,1362,1101,EX_leu__L_e,co-consumed,0.10794710426198569
5428,1362,1101,EX_mg2_e,co-consumed,0.0020785301475042483
5429,1362,1101,EX_mn2_e,co-consumed,0.00016556361201052803
5430,1362,1101,EX_nh4_e,co-consumed,0.01835854082437485
5431,1362,1101,EX_o2_e,co-consumed,4.0000000073171
5432,1362,1101,EX_pheme_e,co-consumed,5.342306976853601e-05
5433,1362,1101,EX_pi_e,co-consumed,0.2309763883790603
5434,1362,1101,EX_pyovd_kt_e,co-consumed,0.09708401242788707
5435,1362,1101,EX_so4_e,co-consumed,0.0010394015906126839
5436,1362,1101,EX_zn2_e,co-consumed,8.1703605927048e-05
5437,1362,895,EX_acald_e,provided,3.9999999079672297
5438,1362,895,EX_arg__L_e,co-consumed,0.04662316792854972
5439,1362,895,EX_asp__D_e,received,2.604851848398433
5440,1362,895,EX_ca2_e,co-consumed,0.000820419769612432
5441,1362,895,EX_cl_e,co-consumed,0.000820419769612432
5442,1362,895,EX_cobalt2_e,co-consumed,1.5762147350859998e-05
5443,1362,895,EX_cu2_e,co-consumed,0.00011175362471762
5444,1362,895,EX_fe2_e,received,0.003562307845017832
5445,1362,895,EX_fe3_e,co-consumed,0.10109349937422764
5446,1362,895,EX_fe3pyovd_kt_e,provided,0.09708401264391109
5447,1362,895,EX_for_e,received,0.000386729346295788
5448,1362,895,EX_glu__L_e,provided,3.999996139122461
5449,1362,895,EX_gly_asn__L_e,co-consumed,0.03799544068859324
5450,1362,895,EX_h2s_e,provided,0.03881892788041594
5451,1362,895,EX_h_e,received,3.999999965538384
5452,1362,895,EX_indole_e,provided,0.008959674706269403
5453,1362,895,EX_k_e,co-consumed,0.03076660827857057
5454,1362,895,EX_mg2_e,co-consumed,0.001367366289552788
5455,1362,895,EX_mn2_e,co-consumed,0.00010891643819446402
5456,1362,895,EX_nh4_e,received,0.01835854082437485
5457,1362,895,EX_o2_e,co-consumed,3.9999999806049624
5458,1362,895,EX_pi_e,co-consumed,0.15194507879906127
5459,1362,895,EX_pyovd_kt_e,received,0.09708401242788707
5460,1362,895,EX_so4_e,co-consumed,0.0006837934442837
5461,1362,895,EX_zn2_e,co-consumed,5.374892246644001e-05
5462,1362,1174,EX_acald_e,provided,1.3753633387686748e-06
5463,1362,1174,EX_arg__L_e,co-consumed,0.05605769184233719
5464,1362,1174,EX_ca2_e,co-consumed,0.000986437759824856
5465,1362,1174,EX_cl_e,co-consumed,0.00098643776142874
5466,1362,1174,EX_cobalt2_e,co-consumed,1.895173409846e-05
5467,1362,1174,EX_cu2_e,co-consumed,0.00013436779475808
5468,1362,1174,EX_etoh_e,provided,2.282753711595222e-06
5469,1362,1174,EX_fe2_e,co-consumed,0.0027943848852446363
5470,1362,1174,EX_fe3_e,co-consumed,0.10109349937422764
5471,1362,1174,EX_gly_asn__L_e,co-consumed,0.04568414125757652
5472,1362,1174,EX_glyc_e,co-consumed,0.36072456643691775
5473,1362,1174,EX_h2s_e,provided,0.02916697578508537
5474,1362,1174,EX_h_e,co-consumed,3.999999965538384
5475,1362,1174,EX_k_e,co-consumed,0.0369924583388076
5476,1362,1174,EX_mg2_e,co-consumed,0.001644062933833644
5477,1362,1174,EX_mn2_e,co-consumed,0.00013095648262036002
5478,1362,1174,EX_nh4_e,co-consumed,0.01835854082437485
5479,1362,1174,EX_o2_e,co-consumed,4.0000000073171
5480,1362,1174,EX_pheme_e,co-consumed,4.2253617028032e-05
5481,1362,1174,EX_pi_e,co-consumed,0.18053216455657164
5482,1362,1174,EX_pyovd_kt_e,co-consumed,0.08157835839235565
5483,1362,1174,EX_quin_e,co-consumed,0.07220550690048184
5484,1362,1174,EX_s_e,co-consumed,0.017508463517654196
5485,1362,1174,EX_so4_e,co-consumed,0.000822122439672656
5486,1362,1174,EX_zn2_e,co-consumed,6.4625413275748e-05
5487,1362,638,EX_acmana_e,co-consumed,0.021940412490079858
5488,1362,638,EX_arg__L_e,co-consumed,0.2619077141576669
5489,1362,638,EX_ca2_e,co-consumed,0.0022704574125995644
5490,1362,638,EX_cl_e,co-consumed,0.00227045742129362
5491,1362,638,EX_cobalt2_e,co-consumed,4.3620699700512e-05
5492,1362,638,EX_cu2_e,co-consumed,0.000309270760876628
5493,1362,638,EX_fe2_e,co-consumed,0.002929125572479568
5494,1362,638,EX_fe3_e,co-consumed,0.10109349937422764
5495,1362,638,EX_for_e,received,0.000876064761003356
5496,1362,638,EX_gua_e,received,0.011413676712646004
5497,1362,638,EX_h_e,co-consumed,3.9999999377074
5498,1362,638,EX_k_e,co-consumed,0.08514455236642081
5499,1362,638,EX_mg2_e,co-consumed,0.0037840956883606605
5500,1362,638,EX_mn2_e,co-consumed,0.000301419034930536
5501,1362,638,EX_nh4_e,co-consumed,0.01835854082437485
5502,1362,638,EX_o2_e,co-consumed,4.0000000003571925
5503,1362,638,EX_pi_e,co-consumed,0.6124759208385391
5504,1362,638,EX_pyovd_kt_e,co-consumed,0.08183482317024428
5505,1362,638,EX_so4_e,co-consumed,0.00222749037921232
5506,1362,638,EX_zn2_e,co-consumed,0.000148746585978744
5507,1362,1252,EX_acald_e,provided,3.9999997904593902
5508,1362,1252,EX_arg__L_e,co-consumed,0.04958276460367674
5509,1362,1252,EX_asp__D_e,co-consumed,0.2977012157644438
5510,1362,1252,EX_ca2_e,co-consumed,0.000872499182630916
5511,1362,1252,EX_cl_e,co-consumed,0.0008724991859140641
5512,1362,1252,EX_cobalt2_e,co-consumed,1.6762632508992e-05
5513,1362,1252,EX_cu2_e,co-consumed,0.00011884763121716
5514,1362,1252,EX_fe3_e,co-consumed,0.10010262645074329
5515,1362,1252,EX_glu__L_e,provided,1.156763161269979
5516,1362,1252,EX_gly_asn__L_e,co-consumed,0.040407353390169966
5517,1362,1252,EX_glyc_e,co-consumed,2.5718014938363035e-06
5518,1362,1252,EX_gthrd_e,co-consumed,1.696468469366609e-06
5519,1362,1252,EX_h2s_e,provided,0.025799261722311503
5520,1362,1252,EX_h_e,co-consumed,3.999999965538384
5521,1362,1252,EX_indole_e,provided,0.009528431344488265
5522,1362,1252,EX_k_e,co-consumed,0.03271964129784373
5523,1362,1252,EX_mg2_e,co-consumed,0.001454165301560156
5524,1362,1252,EX_mn2_e,co-consumed,0.00011583034153456801
5525,1362,1252,EX_nh4_e,received,0.01835854082437485
5526,1362,1252,EX_o2_e,co-consumed,4.000000006593655
5527,1362,1252,EX_pheme_e,co-consumed,3.7374474097828e-05
5528,1362,1252,EX_pi_e,co-consumed,0.16625355329077693
5529,1362,1252,EX_pyovd_kt_e,co-consumed,0.09708401242788707
5530,1362,1252,EX_s_e,co-consumed,0.015484261505013861
5531,1362,1252,EX_so4_e,co-consumed,0.0007271911647131201
5532,1362,1252,EX_tol_e,provided,1.676254974152e-05
5533,1362,1252,EX_zn2_e,co-consumed,5.7160849428843996e-05
5534,428,1208,EX_acald_e,co-consumed,0.031528264551958556
5535,428,1208,EX_arg__L_e,co-consumed,0.010515392853133068
5536,428,1208,EX_ca2_e,co-consumed,0.000185037459311756
5537,428,1208,EX_cl_e,co-consumed,0.00018503746083356002
5538,428,1208,EX_cobalt2_e,co-consumed,3.554994415211502e-06
5539,428,1208,EX_cu2_e,co-consumed,2.5204910403848e-05
5540,428,1208,EX_fe2_e,co-consumed,0.00023873883590635602
5541,428,1208,EX_fe3_e,co-consumed,0.2529801586337414
5542,428,1208,EX_glyc_e,received,1.6099709835040856
5543,428,1208,EX_glygln_e,co-consumed,0.05348671039292357
5544,428,1208,EX_gsn_e,provided,0.0009273976674936801
5545,428,1208,EX_gthrd_e,co-consumed,1.16268181321189e-06
5546,428,1208,EX_h2o_e,provided,0.44188172090410993
5547,428,1208,EX_h2s_e,co-consumed,0.00547056092920584
5548,428,1208,EX_h_e,received,3.024212848729982
5549,428,1208,EX_ile__L_e,co-consumed,0.011053439265323308
5550,428,1208,EX_k_e,co-consumed,0.006939100248883789
5551,428,1208,EX_lys__L_e,co-consumed,0.012199306937354772
5552,428,1208,EX_malt_e,co-consumed,0.015817809174526198
5553,428,1208,EX_mg2_e,co-consumed,0.000308395771808992
5554,428,1208,EX_mn2_e,co-consumed,2.4565011409108002e-05
5555,428,1208,EX_nh4_e,received,0.5711387962245577
5556,428,1208,EX_o2_e,co-consumed,3.9999999827833617
5557,428,1208,EX_pi_e,co-consumed,0.04983466476348048
5558,428,1208,EX_pyovd_kt_e,co-consumed,0.08157885504853672
5559,428,1208,EX_ser__L_e,co-consumed,0.19433213116147038
5560,428,1208,EX_so4_e,co-consumed,0.00015421954251966
5561,428,1208,EX_stfrnA_e,co-consumed,0.08557217889577441
5562,428,1208,EX_stfrnB_e,co-consumed,0.08555159790369211
5563,428,1208,EX_tyr__L_e,co-consumed,0.004910088625336588
5564,428,1208,EX_zn2_e,co-consumed,1.2122530955867999e-05
5565,428,1334,EX_arg__L_e,co-consumed,0.038608070545978
5566,428,1334,EX_bz_e,co-consumed,1.3059379269832e-05
5567,428,1334,EX_ca2_e,co-consumed,0.0006793794336395401
5568,428,1334,EX_cl_e,co-consumed,0.00067937942944234
5569,428,1334,EX_cobalt2_e,co-consumed,1.305243863054e-05
5570,428,1334,EX_cu2_e,co-consumed,9.254178989055201e-05
5571,428,1334,EX_fe2_e,co-consumed,0.00087650510841338
5572,428,1334,EX_fe3_e,co-consumed,0.2542119424440433
5573,428,1334,EX_glu__L_e,provided,0.6658464473984848
5574,428,1334,EX_gly_asn__L_e,co-consumed,0.03146355398006519
5575,428,1334,EX_glyc_e,received,1.6099709835040856
5576,428,1334,EX_gthrd_e,co-consumed,0.6658465393503891
5577,428,1334,EX_h2o_e,provided,1.5908916895398881
5578,428,1334,EX_h2s_e,co-consumed,0.020089283009825425
5579,428,1334,EX_h_e,co-consumed,1.0810525813379293
5580,428,1334,EX_ile__L_e,co-consumed,0.04058313148740553
5581,428,1334,EX_k_e,co-consumed,0.025477446536117086
5582,428,1334,EX_lys__L_e,received,0.09595082637275765
5583,428,1334,EX_malt_e,co-consumed,0.10750490007631758
5584,428,1334,EX_mg2_e,co-consumed,0.0011322990512711
5585,428,1334,EX_mn2_e,co-consumed,9.019235093705599e-05
5586,428,1334,EX_nh4_e,received,0.5711387962245577
5587,428,1334,EX_o2_e,co-consumed,3.9999999947191163
5588,428,1334,EX_pi_e,co-consumed,0.1832505419051775
5589,428,1334,EX_pyovd_kt_e,co-consumed,0.08174269204197179
5590,428,1334,EX_ser__L_e,co-consumed,0.19433213116147038
5591,428,1334,EX_so4_e,co-consumed,0.000566218747882516
5592,428,1334,EX_stfrnA_e,co-consumed,0.08574002981856813
5593,428,1334,EX_stfrnB_e,co-consumed,0.08571011538482924
5594,428,1334,EX_tyr__L_e,co-consumed,0.01802789882693641
5595,428,1334,EX_zn2_e,co-consumed,4.4508815730152e-05
5596,428,397,EX_arg__L_e,co-consumed,0.06920866969908211
5597,428,397,EX_bz_e,co-consumed,2.3404863776383998e-05
5598,428,397,EX_ca2_e,co-consumed,0.001217852818750344
5599,428,397,EX_cl_e,co-consumed,0.001217852822333104
5600,428,397,EX_co_e,provided,9.345755130370001e-05
5601,428,397,EX_cobalt2_e,co-consumed,2.339774867916e-05
5602,428,397,EX_cu2_e,co-consumed,0.000165890038135252
5603,428,397,EX_fe2_e,co-consumed,0.0016230509548978839
5604,428,397,EX_fe3_e,co-consumed,0.25486127206504283
5605,428,397,EX_glyc_e,co-consumed,0.18638663939230632
5606,428,397,EX_glygln_e,co-consumed,0.2435887689092726
5607,428,397,EX_h2s_e,received,0.04303388535733
5608,428,397,EX_h_e,co-consumed,3.999999947550514
5609,428,397,EX_ile__L_e,co-consumed,0.06797735190551758
5610,428,397,EX_indole_e,co-consumed,0.01329998742891936
5611,428,397,EX_k_e,co-consumed,0.045670767579315284
5612,428,397,EX_lys__L_e,co-consumed,0.0802919326984846
5613,428,397,EX_malt_e,co-consumed,0.08970263165913173
5614,428,397,EX_mg2_e,co-consumed,0.002029754698458512
5615,428,397,EX_mn2_e,co-consumed,0.000161678443373004
5616,428,397,EX_nh4_e,co-consumed,0.4893943352087682
5617,428,397,EX_o2_e,co-consumed,4.0000000080151406
5618,428,397,EX_pheme_e,co-consumed,5.217097049218e-05
5619,428,397,EX_pi_e,co-consumed,0.22556046007853384
5620,428,397,EX_pyovd_kt_e,co-consumed,0.08168261366841971
5621,428,397,EX_so4_e,co-consumed,0.001015003960146008
5622,428,397,EX_stfrnA_e,co-consumed,0.08568619093024499
5623,428,397,EX_stfrnB_e,co-consumed,0.08566524854270875
5624,428,397,EX_tyr__L_e,co-consumed,0.03231674507244956
5625,428,397,EX_zn2_e,co-consumed,7.9786322995936e-05
5626,428,790,EX_acald_e,co-consumed,2.93522760138418
5627,428,790,EX_arg__L_e,co-consumed,0.0643513465484833
5628,428,790,EX_bz_e,co-consumed,2.1815775779456e-05
5629,428,790,EX_ca2_e,co-consumed,0.0011323795243763201
5630,428,790,EX_cl_e,co-consumed,0.001132379475451076
5631,428,790,EX_co_e,provided,8.6963135624944e-05
5632,428,790,EX_cobalt2_e,co-consumed,2.175560948702e-05
5633,428,790,EX_cu2_e,co-consumed,0.000154264017236172
5634,428,790,EX_etoh_e,co-consumed,1.3486580099658077e-06
5635,428,790,EX_fe2_e,co-consumed,0.001508712915426732
5636,428,790,EX_fe3_e,co-consumed,0.25474934365794655
5637,428,790,EX_glu__L_e,provided,0.2379628279478169
5638,428,790,EX_glyc_e,co-consumed,5.115498198920001e-06
5639,428,790,EX_glygln_e,co-consumed,0.29324987953109855
5640,428,790,EX_h2s_e,co-consumed,0.04303388535733
5641,428,790,EX_h_e,co-consumed,3.9999999510067523
5642,428,790,EX_ile__L_e,co-consumed,0.0632063717651916
5643,428,790,EX_indole_e,co-consumed,0.012366520040754805
5644,428,790,EX_k_e,co-consumed,0.042465426826002066
5645,428,790,EX_lys__L_e,co-consumed,0.07465664481291695
5646,428,790,EX_malt_e,co-consumed,0.07662155144452865
5647,428,790,EX_mg2_e,co-consumed,0.0018872991181296081
5648,428,790,EX_mn2_e,co-consumed,0.000150331261555316
5649,428,790,EX_nh4_e,received,0.5711387962245577
5650,428,790,EX_o2_e,co-consumed,4.000000008075317
5651,428,790,EX_pheme_e,co-consumed,4.851410567494e-05
5652,428,790,EX_pi_e,co-consumed,0.20959968283663044
5653,428,790,EX_pyovd_kt_e,co-consumed,0.08168969220271365
5654,428,790,EX_so4_e,co-consumed,0.000943764545232616
5655,428,790,EX_stfrnA_e,co-consumed,0.0856930507974858
5656,428,790,EX_stfrnB_e,co-consumed,0.0856674522874954
5657,428,790,EX_tyr__L_e,received,0.038619371405905024
5658,428,790,EX_zn2_e,co-consumed,7.418662835074e-05
5659,428,947,EX_acald_e,received,3.8316336657903487
5660,428,947,EX_arg__L_e,co-consumed,0.07014177111137566
5661,428,947,EX_ca2_e,co-consumed,0.00123427219400334
5662,428,947,EX_cl_e,co-consumed,0.0012342722029121001
5663,428,947,EX_co_e,provided,0.000168305542711704
5664,428,947,EX_cobalt2_e,co-consumed,2.3713174407356e-05
5665,428,947,EX_cu2_e,co-consumed,0.000168126606253288
5666,428,947,EX_etoh_e,co-consumed,3.9999901691965394
5667,428,947,EX_fe2_e,co-consumed,0.0016975131417780078
5668,428,947,EX_fe3_e,co-consumed,0.25500640961074594
5669,428,947,EX_gly_asn__L_e,co-consumed,0.05716190124390364
5670,428,947,EX_glyc_e,co-consumed,1.6099709835040856
5671,428,947,EX_glygln_e,co-consumed,0.39876471997726015
5672,428,947,EX_glymet_e,provided,1.1208886109040494e-06
5673,428,947,EX_h2s_e,co-consumed,0.036494787671598944
5674,428,947,EX_h_e,co-consumed,3.999999975345196
5675,428,947,EX_indole_e,co-consumed,0.013479294341799253
5676,428,947,EX_k_e,co-consumed,0.04628651150126695
5677,428,947,EX_lys__L_e,co-consumed,0.08137446490217075
5678,428,947,EX_mg2_e,co-consumed,0.0020571203234276882
5679,428,947,EX_mn2_e,co-consumed,0.000163858229789876
5680,428,947,EX_nh4_e,co-consumed,0.5711387962245577
5681,428,947,EX_o2_e,co-consumed,4.0000000079260385
5682,428,947,EX_pi_e,co-consumed,0.22859835619422186
5683,428,947,EX_pyovd_kt_e,co-consumed,0.08172432925127425
5684,428,947,EX_s_e,co-consumed,0.021905712410731422
5685,428,947,EX_so4_e,co-consumed,0.00102869325506434
5686,428,947,EX_stfrnA_e,co-consumed,0.08572703856581225
5687,428,947,EX_stfrnB_e,co-consumed,0.08570291328544478
5688,428,947,EX_zn2_e,co-consumed,8.0862020779088e-05
5689,428,997,EX_acald_e,co-consumed,0.6015655253815413
5690,428,997,EX_arg__L_e,co-consumed,0.05929959856276623
5691,428,997,EX_bz_e,co-consumed,2.0096298488695998e-05
5692,428,997,EX_ca2_e,co-consumed,0.0010434847208092
5693,428,997,EX_cl_e,co-consumed,0.00104348472257708
5694,428,997,EX_cobalt2_e,co-consumed,2.0047737191336e-05
5695,428,997,EX_cu2_e,co-consumed,0.000142138456686592
5696,428,997,EX_etoh_e,co-consumed,1.5971720553081045e-06
5697,428,997,EX_fe2_e,co-consumed,0.001390731870040848
5698,428,997,EX_fe3_e,co-consumed,0.09940322317984002
5699,428,997,EX_gly_asn__L_e,co-consumed,0.04832607565121119
5700,428,997,EX_glyc_e,co-consumed,0.027880222580512305
5701,428,997,EX_glygln_e,co-consumed,0.17273684583107904
5702,428,997,EX_gthrd_e,co-consumed,1.4356304749597735e-06
5703,428,997,EX_h2s_e,co-consumed,0.04303388535733
5704,428,997,EX_h_e,co-consumed,3.999999955173125
5705,428,997,EX_ile__L_e,co-consumed,0.05824451862096163
5706,428,997,EX_indole_e,co-consumed,0.011395739851250869
5707,428,997,EX_k_e,co-consumed,0.03913177965589056
5708,428,997,EX_lys__L_e,co-consumed,0.0687959983179711
5709,428,997,EX_mg2_e,co-consumed,0.001739141201779196
5710,428,997,EX_mn2_e,co-consumed,0.000138529863992152
5711,428,997,EX_nac_e,co-consumed,0.000456556498351432
5712,428,997,EX_nh4_e,received,0.5711387962245577
5713,428,997,EX_o2_e,co-consumed,4.000000008075317
5714,428,997,EX_pheme_e,co-consumed,4.4700229887944004e-05
5715,428,997,EX_pyovd_kt_e,co-consumed,0.08186765301658698
5716,428,997,EX_ser__L_e,co-consumed,0.09015960816453393
5717,428,997,EX_so4_e,co-consumed,0.000869810833913784
5718,428,997,EX_tyr__L_e,co-consumed,0.02764506582847024
5719,428,997,EX_ura_e,received,0.09249307473258073
5720,428,997,EX_zn2_e,co-consumed,6.8362783822464e-05
5721,428,1114,EX_arg__L_e,co-consumed,0.0046357303882063276
5722,428,1114,EX_bz_e,co-consumed,1.5686153384505792e-06
5723,428,1114,EX_ca2_e,co-consumed,8.157368052924399e-05
5724,428,1114,EX_cl_e,co-consumed,8.1573673573936e-05
5725,428,1114,EX_cobalt2_e,co-consumed,1.5672176856355215e-06
5726,428,1114,EX_cu2_e,co-consumed,1.0660673623368001e-05
5727,428,1114,EX_fe2_e,co-consumed,0.000105202132142988
5728,428,1114,EX_fe3_e,co-consumed,0.2526625386113989
5729,428,1114,EX_gly_asn__L_e,co-consumed,0.003777855372185156
5730,428,1114,EX_glyc_e,co-consumed,1.6099709835040856
5731,428,1114,EX_glygln_e,co-consumed,0.042553588203818285
5732,428,1114,EX_h2s_e,co-consumed,0.0038483196513773637
5733,428,1114,EX_h_e,received,0.00112623464957868
5734,428,1114,EX_ile__L_e,co-consumed,0.004872935060638228
5735,428,1114,EX_k_e,co-consumed,0.003059099217122536
5736,428,1114,EX_lys__L_e,co-consumed,0.005534792074785936
5737,428,1114,EX_malt_e,co-consumed,0.10750490007631758
5738,428,1114,EX_mg2_e,co-consumed,0.000135956138154524
5739,428,1114,EX_mn2_e,co-consumed,1.082947420774e-05
5740,428,1114,EX_nh4_e,received,0.04547024196706147
5741,428,1114,EX_o2_e,co-consumed,3.8457435539662432
5742,428,1114,EX_pyovd_kt_e,co-consumed,0.08153202518695611
5743,428,1114,EX_so4_e,co-consumed,6.7900542683388e-05
5744,428,1114,EX_stfrnA_e,co-consumed,0.08551769571185876
5745,428,1114,EX_stfrnB_e,co-consumed,0.0854905751777392
5746,428,1114,EX_tyr__L_e,co-consumed,0.002161134730962664
5747,428,1114,EX_zn2_e,co-consumed,5.344212308016e-06
5748,428,1362,EX_acald_e,received,3.9999992800442308
5749,428,1362,EX_arg__L_e,co-consumed,0.08270622101590855
5750,428,1362,EX_bz_e,received,2.7960846569208e-05
5751,428,1362,EX_ca2_e,co-consumed,0.001455367113996248
5752,428,1362,EX_cl_e,co-consumed,0.001455367112419864
5753,428,1362,EX_cobalt2_e,co-consumed,2.7960943592624002e-05
5754,428,1362,EX_cu2_e,co-consumed,0.000198243090071724
5755,428,1362,EX_etoh_e,received,2.282753711595222e-06
5756,428,1362,EX_fe2_e,co-consumed,0.001938810426974312
5757,428,1362,EX_fe3_e,co-consumed,0.10109349937422764
5758,428,1362,EX_for_e,provided,0.8872447832204462
5759,428,1362,EX_gly_asn__L_e,co-consumed,0.06740129790001674
5760,428,1362,EX_glyc_e,co-consumed,1.6099709835040856
5761,428,1362,EX_gthrd_e,co-consumed,1.696468469366609e-06
5762,428,1362,EX_h2s_e,received,0.04303388535733
5763,428,1362,EX_h_e,co-consumed,3.999999965538384
5764,428,1362,EX_indole_e,received,0.015893834215524313
5765,428,1362,EX_k_e,co-consumed,0.05457780462675701
5766,428,1362,EX_mg2_e,co-consumed,0.002425611846484028
5767,428,1362,EX_mn2_e,co-consumed,0.000193210120225052
5768,428,1362,EX_nh4_e,co-consumed,0.01835854082437485
5769,428,1362,EX_o2_e,co-consumed,4.0000000073171
5770,428,1362,EX_pheme_e,co-consumed,6.234547232358e-05
5771,428,1362,EX_pi_e,co-consumed,0.2695095713140418
5772,428,1362,EX_pyovd_kt_e,co-consumed,0.08186765301658698
5773,428,1362,EX_s_e,co-consumed,0.02583021928916667
5774,428,1362,EX_so4_e,co-consumed,0.00121296412708714
5775,428,1362,EX_zn2_e,co-consumed,9.5346817650856e-05
5776,428,796,EX_acald_e,co-consumed,0.002836909054187548
5777,428,796,EX_arg__L_e,co-consumed,0.06294170452915404
5778,428,796,EX_ca2_e,co-consumed,0.001107574281398108
5779,428,796,EX_cl_e,co-consumed,0.0011075742753872161
5780,428,796,EX_co_e,provided,8.5100383024136e-05
5781,428,796,EX_cobalt2_e,co-consumed,2.1279044663959997e-05
5782,428,796,EX_cu2_e,co-consumed,0.000150868424905576
5783,428,796,EX_etoh_e,co-consumed,0.1831971585221885
5784,428,796,EX_fe2_e,co-consumed,0.0014762008737501159
5785,428,796,EX_fe3_e,co-consumed,0.2544726661743336
5786,428,796,EX_gly_asn__L_e,co-consumed,0.051294202073340886
5787,428,796,EX_glyc_e,co-consumed,1.6099709835040856
5788,428,796,EX_glygln_e,co-consumed,0.4007078806932791
5789,428,796,EX_h2s_e,received,0.04303388535733
5790,428,796,EX_h_e,co-consumed,3.9999999187499555
5791,428,796,EX_ile__L_e,co-consumed,0.06182178988472924
5792,428,796,EX_indole_e,co-consumed,0.012095646042858097
5793,428,796,EX_k_e,co-consumed,0.041535205650924285
5794,428,796,EX_lys__L_e,co-consumed,0.07302137681343995
5795,428,796,EX_mg2_e,co-consumed,0.001845957120454128
5796,428,796,EX_mn2_e,co-consumed,0.000147038197718252
5797,428,796,EX_nh4_e,co-consumed,5.81020049542e-06
5798,428,796,EX_o2_e,co-consumed,4.000000007062814
5799,428,796,EX_pheme_e,co-consumed,4.7443022883936004e-05
5800,428,796,EX_pi_e,co-consumed,0.20513428815441953
5801,428,796,EX_pyovd_kt_e,co-consumed,0.08161142134172414
5802,428,796,EX_so4_e,co-consumed,0.00121296412708714
5803,428,796,EX_stfrnA_e,co-consumed,0.08560896902501572
5804,428,796,EX_stfrnB_e,co-consumed,0.08559065192532496
5805,428,796,EX_ura_e,co-consumed,0.07038945814940765
5806,428,796,EX_zn2_e,co-consumed,7.256154230407201e-05
5807,428,1350,EX_acald_e,co-consumed,1.917460305183066
5808,428,1350,EX_arg__L_e,co-consumed,0.04480527367546154
5809,428,1350,EX_ca2_e,co-consumed,0.000388408448178276
5810,428,1350,EX_cl_e,co-consumed,0.000388413463840176
5811,428,1350,EX_cobalt2_e,co-consumed,7.46231436586e-06
5812,428,1350,EX_cu2_e,co-consumed,5.290780885396e-05
5813,428,1350,EX_fe3_e,co-consumed,0.2539856748570928
5814,428,1350,EX_gly_asn__L_e,co-consumed,0.01798827822953449
5815,428,1350,EX_glyc_e,received,1.5954828384321473
5816,428,1350,EX_glygln_e,co-consumed,0.1284790199539067
5817,428,1350,EX_h2s_e,co-consumed,0.018360240954817714
5818,428,1350,EX_h_e,co-consumed,0.17888914915507573
5819,428,1350,EX_ile__L_e,co-consumed,0.016327387249486534
5820,428,1350,EX_k_e,co-consumed,0.01456591528015751
5821,428,1350,EX_lys__L_e,co-consumed,0.02635395491518484
5822,428,1350,EX_malt_e,co-consumed,0.024316272548759867
5823,428,1350,EX_mg2_e,co-consumed,0.000647355765087112
5824,428,1350,EX_mn2_e,co-consumed,5.1564593668596e-05
5825,428,1350,EX_nh4_e,received,0.10453527812462682
5826,428,1350,EX_o2_e,co-consumed,4.000000001268809
5827,428,1350,EX_pi_e,co-consumed,0.11485945952391907
5828,428,1350,EX_pyovd_kt_e,co-consumed,0.08164225635842604
5829,428,1350,EX_ser__L_e,co-consumed,0.16210184535107958
5830,428,1350,EX_so4_e,co-consumed,0.000323716092813068
5831,428,1350,EX_stfrnA_e,co-consumed,0.08564058922336161
5832,428,1350,EX_stfrnB_e,co-consumed,0.08561906502578104
5833,428,1350,EX_tyr__L_e,co-consumed,0.010290447363563479
5834,428,1350,EX_ura_e,co-consumed,0.0019525092422970841
5835,428,1350,EX_zn2_e,co-consumed,2.5446491987588002e-05
5836,428,262,EX_acald_e,co-consumed,2.3331030225877964
5837,428,262,EX_arg__L_e,co-consumed,0.08270622101590855
5838,428,262,EX_bz_e,co-consumed,2.7960846569208e-05
5839,428,262,EX_ca2_e,co-consumed,0.001455367113996248
5840,428,262,EX_cgly_e,provided,0.6658464524278002
5841,428,262,EX_cl_e,co-consumed,0.001455367112419864
5842,428,262,EX_cobalt2_e,co-consumed,2.7960943592624002e-05
5843,428,262,EX_cu2_e,co-consumed,0.000198243090071724
5844,428,262,EX_etoh_e,received,3.9999901691965394
5845,428,262,EX_fe2_e,co-consumed,0.001938810426974312
5846,428,262,EX_fe3_e,co-consumed,0.09825562569376221
5847,428,262,EX_glu__L_e,provided,0.6658464473984848
5848,428,262,EX_gly_asn__L_e,co-consumed,0.06740129790001674
5849,428,262,EX_glyc_e,received,0.03544539127576483
5850,428,262,EX_gthrd_e,received,0.6658465393503891
5851,428,262,EX_h2o_e,provided,1.5908916895398881
5852,428,262,EX_h2s_e,co-consumed,0.04303388535733
5853,428,262,EX_h_e,co-consumed,3.9999999358706617
5854,428,262,EX_ile__L_e,co-consumed,0.08123464914254601
5855,428,262,EX_indole_e,co-consumed,0.015893834215524313
5856,428,262,EX_k_e,co-consumed,0.05457780462675701
5857,428,262,EX_lys__L_e,co-consumed,0.09595082637275765
5858,428,262,EX_mg2_e,co-consumed,0.002425611846484028
5859,428,262,EX_mn2_e,co-consumed,0.000193210120225052
5860,428,262,EX_nh4_e,co-consumed,0.5711387962245577
5861,428,262,EX_o2_e,co-consumed,4.000000005716123
5862,428,262,EX_pi_e,co-consumed,0.2695095713140418
5863,428,262,EX_pyovd_kt_e,co-consumed,0.08186765301658698
5864,428,262,EX_ser__L_e,co-consumed,0.19433213116147038
5865,428,262,EX_so4_e,co-consumed,0.00121296412708714
5866,428,262,EX_tyr__L_e,co-consumed,0.038619371405905024
5867,428,262,EX_ura_e,co-consumed,0.09249307473258073
5868,428,262,EX_zn2_e,co-consumed,9.5346817650856e-05
5869,428,978,EX_acald_e,co-consumed,3.9999992800442308
5870,428,978,EX_arg__L_e,co-consumed,0.03493271998263871
5871,428,978,EX_bz_e,co-consumed,1.178109358972e-05
5872,428,978,EX_ca2_e,co-consumed,0.000614705407725804
5873,428,978,EX_cgly_e,provided,0.6658464524278002
5874,428,978,EX_cl_e,co-consumed,0.000614705397849888
5875,428,978,EX_cobalt2_e,co-consumed,1.1809901884912e-05
5876,428,978,EX_cu2_e,co-consumed,8.373220436403201e-05
5877,428,978,EX_fe2_e,co-consumed,0.0007928112618444481
5878,428,978,EX_fe3_e,co-consumed,0.25421123036778265
5879,428,978,EX_glu__L_e,provided,0.6658464473984848
5880,428,978,EX_glyc_e,co-consumed,0.24764740041469416
5881,428,978,EX_glygln_e,co-consumed,0.16531970933720153
5882,428,978,EX_gthrd_e,received,0.6658465393503891
5883,428,978,EX_h2o_e,provided,1.5908916895398881
5884,428,978,EX_h2s_e,co-consumed,0.029059921706837077
5885,428,978,EX_h_e,co-consumed,3.999999719834292
5886,428,978,EX_ile__L_e,co-consumed,0.03672040273140531
5887,428,978,EX_k_e,co-consumed,0.02305210178621846
5888,428,978,EX_lys__L_e,co-consumed,0.04170792875179372
5889,428,978,EX_mg2_e,co-consumed,0.00102450898582638
5890,428,978,EX_mn2_e,co-consumed,8.1606422024748e-05
5891,428,978,EX_nh4_e,co-consumed,0.15221570128204553
5892,428,978,EX_o2_e,co-consumed,3.999999987126816
5893,428,978,EX_pi_e,co-consumed,0.16582010592256907
5894,428,978,EX_pyovd_kt_e,co-consumed,0.08177217094967777
5895,428,978,EX_ser__L_e,co-consumed,0.09209531243799896
5896,428,978,EX_so4_e,co-consumed,0.000512315308719196
5897,428,978,EX_stfrnA_e,co-consumed,0.08577318102997826
5898,428,978,EX_stfrnB_e,co-consumed,0.08574355525679864
5899,428,978,EX_zn2_e,co-consumed,4.0266750851668e-05
5900,428,1338,EX_acald_e,received,3.9999992800442308
5901,428,1338,EX_arg__L_e,co-consumed,0.08270622101590855
5902,428,1338,EX_bz_e,co-consumed,2.7960846569208e-05
5903,428,1338,EX_ca2_e,co-consumed,0.001455367113996248
5904,428,1338,EX_cl_e,co-consumed,0.001455367112419864
5905,428,1338,EX_co_e,provided,0.000196124531918444
5906,428,1338,EX_cobalt2_e,co-consumed,2.7960943592624002e-05
5907,428,1338,EX_cu2_e,co-consumed,0.000198243090071724
5908,428,1338,EX_etoh_e,received,0.00032043276375097603
5909,428,1338,EX_fe2_e,co-consumed,0.001938810426974312
5910,428,1338,EX_fe3_e,co-consumed,0.10098779478597139
5911,428,1338,EX_gly_asn__L_e,co-consumed,0.06740129790001674
5912,428,1338,EX_glyc_e,co-consumed,1.6099709835040856
5913,428,1338,EX_gthrd_e,co-consumed,0.6658465393503891
5914,428,1338,EX_h2s_e,co-consumed,0.04303388535733
5915,428,1338,EX_h_e,co-consumed,3.99999984176356
5916,428,1338,EX_ile__L_e,co-consumed,0.08123464914254601
5917,428,1338,EX_indole_e,co-consumed,0.015893834215524313
5918,428,1338,EX_k_e,co-consumed,0.05457780462675701
5919,428,1338,EX_lys__L_e,co-consumed,0.09595082637275765
5920,428,1338,EX_mg2_e,co-consumed,0.002425611846484028
5921,428,1338,EX_mn2_e,co-consumed,0.000193210120225052
5922,428,1338,EX_nh4_e,received,0.5711387962245577
5923,428,1338,EX_o2_e,co-consumed,4.000000008075317
5924,428,1338,EX_pheme_e,co-consumed,6.234547232358e-05
5925,428,1338,EX_pi_e,co-consumed,0.2695095713140418
5926,428,1338,EX_pyovd_kt_e,co-consumed,0.08186765301658698
5927,428,1338,EX_s_e,received,0.02583021928916667
5928,428,1338,EX_ser__L_e,co-consumed,0.19433213116147038
5929,428,1338,EX_so4_e,co-consumed,0.00121296412708714
5930,428,1338,EX_tyr__L_e,co-consumed,0.038619371405905024
5931,428,1338,EX_zn2_e,co-consumed,9.5346817650856e-05
5932,428,1357,EX_acald_e,co-consumed,1.35859842204089
5933,428,1357,EX_arg__L_e,co-consumed,0.07409311905358083
5934,428,1357,EX_bz_e,co-consumed,2.5053005366268003e-05
5935,428,1357,EX_ca2_e,co-consumed,0.001303803745359452
5936,428,1357,EX_cl_e,co-consumed,0.0013038037393576522
5937,428,1357,EX_cobalt2_e,co-consumed,2.504906331142e-05
5938,428,1357,EX_cu2_e,co-consumed,0.000177615054287412
5939,428,1357,EX_etoh_e,co-consumed,1.2935053489466327e-06
5940,428,1357,EX_fe2_e,co-consumed,0.001736825051244268
5941,428,1357,EX_fe3_e,co-consumed,0.09943419479300797
5942,428,1357,EX_for_e,provided,0.2306773228292371
5943,428,1357,EX_glyc_e,co-consumed,0.2992554826238624
5944,428,1357,EX_glygln_e,co-consumed,0.17397824572201334
5945,428,1357,EX_h2s_e,co-consumed,0.04303388535733
5946,428,1357,EX_h_e,co-consumed,3.999999973844059
5947,428,1357,EX_ile__L_e,co-consumed,0.07277490655242234
5948,428,1357,EX_indole_e,co-consumed,0.014238646584827628
5949,428,1357,EX_k_e,co-consumed,0.04889401814946166
5950,428,1357,EX_lys__L_e,co-consumed,0.08595861066855712
5951,428,1357,EX_mg2_e,co-consumed,0.0021730062497658
5952,428,1357,EX_mn2_e,co-consumed,0.000173089025632868
5953,428,1357,EX_nh4_e,received,0.5711387962245577
5954,428,1357,EX_o2_e,co-consumed,4.000000008075317
5955,428,1357,EX_pheme_e,co-consumed,5.5853056938744005e-05
5956,428,1357,EX_pi_e,co-consumed,0.24148695362315242
5957,428,1357,EX_pyovd_kt_e,co-consumed,0.08186765301658698
5958,428,1357,EX_so4_e,co-consumed,0.001086645104511944
5959,428,1357,EX_tyr__L_e,co-consumed,0.0345975202625863
5960,428,1357,EX_zn2_e,co-consumed,8.5417305891944e-05
5961,428,2751,EX_fe3_e,co-consumed,0.25214261553782036
5962,428,2751,EX_glyc_e,co-consumed,1.6099709835040856
5963,428,2751,EX_gthrd_e,co-consumed,0.6658465393503891
5964,428,2751,EX_h2s_e,co-consumed,0.04303388535733
5965,428,2751,EX_h_e,received,3.999999975345196
5966,428,2751,EX_malt_e,co-consumed,0.10750490007631758
5967,428,2751,EX_nh4_e,co-consumed,0.5711387962245577
5968,428,2751,EX_o2_e,co-consumed,3.999999925117265
5969,428,2751,EX_pyovd_kt_e,co-consumed,0.08140781945174283
5970,428,2751,EX_stfrnA_e,co-consumed,0.0853751819941325
5971,428,2751,EX_stfrnB_e,co-consumed,0.08535991256867606
5972,428,709,EX_acald_e,co-consumed,3.9999992800442308
5973,428,709,EX_arg__L_e,received,0.08270622101590855
5974,428,709,EX_co2_e,provided,2.1068207791232045
5975,428,709,EX_etoh_e,received,0.6805789844413482
5976,428,709,EX_fe2_e,co-consumed,0.001004880035867944
5977,428,709,EX_fe3_e,co-consumed,0.25283877006317557
5978,428,709,EX_glyc_e,received,1.6099709835040856
5979,428,709,EX_h2s_e,co-consumed,0.036008770359333114
5980,428,709,EX_h_e,co-consumed,3.9999997443327784
5981,428,709,EX_nac_e,received,0.000616542974885872
5982,428,709,EX_nh4_e,co-consumed,1.2529140989344e-05
5983,428,709,EX_o2_e,co-consumed,3.9999999885236144
5984,428,709,EX_pheme_e,received,6.234547232358e-05
5985,428,709,EX_pi_e,received,1.2724910709637248e-06
5986,428,709,EX_pyovd_kt_e,co-consumed,0.08162271012892948
5987,428,709,EX_ser__L_e,co-consumed,0.19433213116147038
5988,428,709,EX_stfrnA_e,co-consumed,0.08561876966794828
5989,428,709,EX_stfrnB_e,co-consumed,0.08559728795379533
5990,428,1080,EX_acald_e,co-consumed,3.9999992800442308
5991,428,1080,EX_arg__L_e,co-consumed,0.08270622101590855
5992,428,1080,EX_bz_e,co-consumed,2.7960846569208e-05
5993,428,1080,EX_ca2_e,co-consumed,0.001455367113996248
5994,428,1080,EX_cl_e,co-consumed,0.001455367112419864
5995,428,1080,EX_cobalt2_e,co-consumed,2.7960943592624002e-05
5996,428,1080,EX_cu2_e,co-consumed,0.000198243090071724
5997,428,1080,EX_etoh_e,received,3.9999901691965394
5998,428,1080,EX_fe2_e,co-consumed,0.001938810426974312
5999,428,1080,EX_fe3_e,co-consumed,0.25543215656573787
6000,428,1080,EX_gly_asn__L_e,co-consumed,0.06740129790001674
6001,428,1080,EX_glyc_e,received,1.6099709835040856
6002,428,1080,EX_glygln_e,co-consumed,0.4007078806932791
6003,428,1080,EX_h2s_e,co-consumed,0.04303388535733
6004,428,1080,EX_h_e,co-consumed,3.99999994148562
6005,428,1080,EX_ile__L_e,co-consumed,0.08123464914254601
6006,428,1080,EX_indole_e,co-consumed,0.015893834215524313
6007,428,1080,EX_k_e,co-consumed,0.05457780462675701
6008,428,1080,EX_malt_e,co-consumed,0.10750490007631758
6009,428,1080,EX_mg2_e,co-consumed,0.002425611846484028
6010,428,1080,EX_mn2_e,co-consumed,0.000193210120225052
6011,428,1080,EX_nh4_e,received,0.5711387962245577
6012,428,1080,EX_o2_e,co-consumed,4.000000008075317
6013,428,1080,EX_pheme_e,co-consumed,6.234547232358e-05
6014,428,1080,EX_pi_e,co-consumed,0.2695095713140418
6015,428,1080,EX_pyovd_kt_e,co-consumed,0.08162460805035757
6016,428,1080,EX_ser__L_e,co-consumed,0.1556379087786258
6017,428,1080,EX_so4_e,co-consumed,0.00121296412708714
6018,428,1080,EX_stfrnA_e,co-consumed,0.08562607366209049
6019,428,1080,EX_stfrnB_e,co-consumed,0.08560076402816279
6020,428,1080,EX_tyr__L_e,co-consumed,0.038619371405905024
6021,428,1080,EX_zn2_e,co-consumed,9.5346817650856e-05
6022,428,1234,EX_acald_e,received,1.9985361270235371
6023,428,1234,EX_arg__L_e,co-consumed,0.08270622101590855
6024,428,1234,EX_bz_e,co-consumed,2.7960846569208e-05
6025,428,1234,EX_ca2_e,co-consumed,0.001455367113996248
6026,428,1234,EX_cl_e,co-consumed,0.001455367112419864
6027,428,1234,EX_cobalt2_e,co-consumed,2.7960943592624002e-05
6028,428,1234,EX_cu2_e,co-consumed,0.000198243090071724
6029,428,1234,EX_etoh_e,received,6.33149306074e-06
6030,428,1234,EX_fe2_e,co-consumed,0.001938810426974312
6031,428,1234,EX_fe3_e,co-consumed,0.1012688559048006
6032,428,1234,EX_gly_asn__L_e,co-consumed,0.06740129790001674
6033,428,1234,EX_glyc_e,co-consumed,1.5041397989079013
6034,428,1234,EX_glygln_e,co-consumed,0.4007078806932791
6035,428,1234,EX_gthrd_e,co-consumed,1.4065100262110147e-06
6036,428,1234,EX_h2o_e,provided,0.657708615030396
6037,428,1234,EX_h2s_e,co-consumed,0.04303388535733
6038,428,1234,EX_h_e,co-consumed,3.999999975345196
6039,428,1234,EX_ile__L_e,co-consumed,0.08123464914254601
6040,428,1234,EX_indole_e,co-consumed,0.015893834215524313
6041,428,1234,EX_k_e,co-consumed,0.05457780462675701
6042,428,1234,EX_lys__L_e,co-consumed,0.09595082637275765
6043,428,1234,EX_malt_e,co-consumed,0.10750490007631758
6044,428,1234,EX_mg2_e,co-consumed,0.002425611846484028
6045,428,1234,EX_mn2_e,co-consumed,0.000193210120225052
6046,428,1234,EX_nh4_e,co-consumed,0.5711387962245577
6047,428,1234,EX_o2_e,co-consumed,4.000000008075317
6048,428,1234,EX_pheme_e,co-consumed,6.234547232358e-05
6049,428,1234,EX_pi_e,co-consumed,0.2695095713140418
6050,428,1234,EX_pyovd_kt_e,co-consumed,0.08186765301658698
6051,428,1234,EX_so4_e,co-consumed,0.00121296412708714
6052,428,1234,EX_tyr__L_e,co-consumed,0.038619371405905024
6053,428,1234,EX_zn2_e,co-consumed,9.5346817650856e-05
6054,428,459,EX_acald_e,received,3.9999992800442308
6055,428,459,EX_arg__L_e,co-consumed,0.0752507675809346
6056,428,459,EX_bz_e,co-consumed,2.5439122619448e-05
6057,428,459,EX_ca2_e,co-consumed,0.001324174641914416
6058,428,459,EX_cl_e,co-consumed,0.001324174648216012
6059,428,459,EX_co_e,provided,1.7996924166142676e-06
6060,428,459,EX_cobalt2_e,co-consumed,2.5440435039219997e-05
6061,428,459,EX_cu2_e,co-consumed,0.000180390647390964
6062,428,459,EX_etoh_e,co-consumed,3.525817915228069
6063,428,459,EX_fe2_e,co-consumed,0.001764986478475996
6064,428,459,EX_fe3_e,co-consumed,0.09975758485025954
6065,428,459,EX_gly_asn__L_e,co-consumed,0.06132544409948123
6066,428,459,EX_glyc_e,co-consumed,0.5603564379780037
6067,428,459,EX_glygln_e,co-consumed,0.4007078806932791
6068,428,459,EX_h2s_e,co-consumed,0.04303388535733
6069,428,459,EX_h_e,co-consumed,3.999999975345196
6070,428,459,EX_ile__L_e,co-consumed,0.07391186520346255
6071,428,459,EX_indole_e,co-consumed,0.014461106596512244
6072,428,459,EX_k_e,co-consumed,0.049657948366106826
6073,428,459,EX_lys__L_e,co-consumed,0.05673698394769787
6074,428,459,EX_mg2_e,co-consumed,0.002206957731340756
6075,428,459,EX_mn2_e,co-consumed,0.000175793406121016
6076,428,459,EX_nh4_e,co-consumed,0.39438734493157057
6077,428,459,EX_o2_e,co-consumed,4.000000008075317
6078,428,459,EX_pheme_e,co-consumed,5.6724788608056e-05
6079,428,459,EX_pi_e,co-consumed,0.24524313539055015
6080,428,459,EX_pyovd_kt_e,co-consumed,0.08186765301658698
6081,428,459,EX_so4_e,co-consumed,0.0011036054317014401
6082,428,459,EX_tyr__L_e,co-consumed,0.035138067082458264
6083,428,459,EX_ura_e,co-consumed,0.08415546426400097
6084,428,459,EX_zn2_e,co-consumed,8.675188348374e-05
6085,428,939,EX_acald_e,co-consumed,3.9999992800442308
6086,428,939,EX_arg__L_e,co-consumed,0.08270622101590855
6087,428,939,EX_bz_e,co-consumed,2.7960846569208e-05
6088,428,939,EX_ca2_e,co-consumed,0.001455367113996248
6089,428,939,EX_cl_e,co-consumed,0.001455367112419864
6090,428,939,EX_co2_e,provided,2.1068207791232045
6091,428,939,EX_cobalt2_e,co-consumed,2.7960943592624002e-05
6092,428,939,EX_cu2_e,co-consumed,0.000198243090071724
6093,428,939,EX_etoh_e,co-consumed,3.9999901691965394
6094,428,939,EX_fe2_e,co-consumed,0.001938810426974312
6095,428,939,EX_fe3_e,co-consumed,0.25577753130779485
6096,428,939,EX_glu__L_e,provided,0.6658464473984848
6097,428,939,EX_gly_asn__L_e,co-consumed,0.06740129790001674
6098,428,939,EX_glyc_e,received,0.024997015534810717
6099,428,939,EX_glygln_e,co-consumed,0.4007078806932791
6100,428,939,EX_h2s_e,co-consumed,0.04303388535733
6101,428,939,EX_h_e,co-consumed,3.9999999748859985
6102,428,939,EX_ile__L_e,co-consumed,0.08123464914254601
6103,428,939,EX_indole_e,co-consumed,0.015893834215524313
6104,428,939,EX_k_e,co-consumed,0.05457780462675701
6105,428,939,EX_malt_e,co-consumed,0.10750490007631758
6106,428,939,EX_mg2_e,co-consumed,0.002425611846484028
6107,428,939,EX_mn2_e,co-consumed,0.000193210120225052
6108,428,939,EX_nh4_e,received,0.5711387962245577
6109,428,939,EX_o2_e,co-consumed,4.000000008075317
6110,428,939,EX_pheme_e,co-consumed,6.234547232358e-05
6111,428,939,EX_pi_e,co-consumed,0.21639201496887295
6112,428,939,EX_pyovd_kt_e,co-consumed,0.08179167806008131
6113,428,939,EX_so4_e,co-consumed,0.00121296412708714
6114,428,939,EX_stfrnA_e,co-consumed,0.08579135370272256
6115,428,939,EX_stfrnB_e,co-consumed,0.08577044294487317
6116,428,939,EX_tyr__L_e,co-consumed,0.038619371405905024
6117,428,939,EX_ura_e,co-consumed,0.09249307473258073
6118,428,939,EX_zn2_e,co-consumed,9.5346817650856e-05
6119,428,1101,EX_acald_e,co-consumed,1.7386622935093572
6120,428,1101,EX_arg__L_e,co-consumed,0.0708719972398029
6121,428,1101,EX_bz_e,co-consumed,2.3960537358676e-05
6122,428,1101,EX_ca2_e,co-consumed,0.001247118090470048
6123,428,1101,EX_cl_e,co-consumed,0.001247118089766604
6124,428,1101,EX_cobalt2_e,co-consumed,2.3960001738136e-05
6125,428,1101,EX_cu2_e,co-consumed,0.000169893680116944
6126,428,1101,EX_etoh_e,co-consumed,1.6528803451039475e-06
6127,428,1101,EX_fe2_e,co-consumed,0.001662285257221172
6128,428,1101,EX_fe3_e,co-consumed,0.09965199913962736
6129,428,1101,EX_gly_asn__L_e,co-consumed,0.05775678414611285
6130,428,1101,EX_glyc_e,co-consumed,0.8585038357276302
6131,428,1101,EX_glygln_e,co-consumed,0.2959978128613629
6132,428,1101,EX_h2s_e,co-consumed,0.03687654426009199
6133,428,1101,EX_h_e,co-consumed,3.999999975345196
6134,428,1101,EX_ile__L_e,co-consumed,0.06961074539346983
6135,428,1101,EX_indole_e,co-consumed,0.013619584923228826
6136,428,1101,EX_k_e,co-consumed,0.04676824619272245
6137,428,1101,EX_lys__L_e,co-consumed,0.08222137421269764
6138,428,1101,EX_mg2_e,co-consumed,0.0020785301475042483
6139,428,1101,EX_mn2_e,co-consumed,0.00016556361201052803
6140,428,1101,EX_nh4_e,co-consumed,0.1584479661111053
6141,428,1101,EX_o2_e,co-consumed,4.000000008075317
6142,428,1101,EX_pheme_e,co-consumed,5.342306976853601e-05
6143,428,1101,EX_pi_e,co-consumed,0.2309763883790603
6144,428,1101,EX_pyovd_kt_e,co-consumed,0.08186765301658698
6145,428,1101,EX_so4_e,co-consumed,0.0010394015906126839
6146,428,1101,EX_tyr__L_e,co-consumed,0.033429170991171486
6147,428,1101,EX_ura_e,co-consumed,0.07925822142510183
6148,428,1101,EX_zn2_e,co-consumed,8.1703605927048e-05
6149,428,895,EX_acald_e,co-consumed,3.9999992800442308
6150,428,895,EX_arg__L_e,co-consumed,0.04662316792854972
6151,428,895,EX_ca2_e,co-consumed,0.000820419769612432
6152,428,895,EX_cl_e,co-consumed,0.000820419769612432
6153,428,895,EX_cobalt2_e,co-consumed,1.5762147350859998e-05
6154,428,895,EX_cu2_e,co-consumed,0.00011175362471762
6155,428,895,EX_etoh_e,received,3.816404787615397
6156,428,895,EX_fe2_e,received,0.001938810426974312
6157,428,895,EX_fe3_e,co-consumed,0.25577753130779485
6158,428,895,EX_fe3pyovd_kt_e,provided,0.08186765317935263
6159,428,895,EX_glu__L_e,provided,0.6658464473984848
6160,428,895,EX_gly_asn__L_e,co-consumed,0.03799544068859324
6161,428,895,EX_glygln_e,co-consumed,0.4007078806932791
6162,428,895,EX_h2s_e,co-consumed,0.03881892788041594
6163,428,895,EX_h_e,received,3.999999975345196
6164,428,895,EX_indole_e,co-consumed,0.008959674706269403
6165,428,895,EX_istfrnA_e,provided,0.08587376617964436
6166,428,895,EX_istfrnB_e,provided,0.08585205804836839
6167,428,895,EX_k_e,co-consumed,0.03076660827857057
6168,428,895,EX_lys__L_e,co-consumed,0.05408952397600663
6169,428,895,EX_mg2_e,co-consumed,0.001367366289552788
6170,428,895,EX_mn2_e,co-consumed,0.00010891643819446402
6171,428,895,EX_nh4_e,received,0.5711387962245577
6172,428,895,EX_o2_e,co-consumed,3.9999999806049624
6173,428,895,EX_pi_e,co-consumed,0.15194507879906127
6174,428,895,EX_pyovd_kt_e,received,0.08186765301658698
6175,428,895,EX_so4_e,co-consumed,0.0006837934442837
6176,428,895,EX_stfrnA_e,received,0.08587376617964433
6177,428,895,EX_stfrnB_e,received,0.0858520580488744
6178,428,895,EX_zn2_e,co-consumed,5.374892246644001e-05
6179,428,1174,EX_acald_e,co-consumed,1.3753633387686748e-06
6180,428,1174,EX_arg__L_e,co-consumed,0.05605769184233719
6181,428,1174,EX_ca2_e,co-consumed,0.000986437759824856
6182,428,1174,EX_cl_e,co-consumed,0.00098643776142874
6183,428,1174,EX_cobalt2_e,co-consumed,1.895173409846e-05
6184,428,1174,EX_cu2_e,co-consumed,0.00013436779475808
6185,428,1174,EX_etoh_e,co-consumed,1.4944651258840753
6186,428,1174,EX_fe2_e,co-consumed,0.001938810426974312
6187,428,1174,EX_fe3_e,co-consumed,0.252709713225035
6188,428,1174,EX_gly_asn__L_e,co-consumed,0.04568414125757652
6189,428,1174,EX_glyc_e,co-consumed,0.36072456643691775
6190,428,1174,EX_glygln_e,co-consumed,0.32396667529562967
6191,428,1174,EX_h2s_e,co-consumed,0.02916697578508537
6192,428,1174,EX_h_e,co-consumed,3.999999975345196
6193,428,1174,EX_ile__L_e,co-consumed,0.055060282718296175
6194,428,1174,EX_k_e,co-consumed,0.0369924583388076
6195,428,1174,EX_lys__L_e,co-consumed,0.06503486075269914
6196,428,1174,EX_malt_e,co-consumed,0.0701186252482854
6197,428,1174,EX_mg2_e,co-consumed,0.001644062933833644
6198,428,1174,EX_mn2_e,co-consumed,0.00013095648262036002
6199,428,1174,EX_nh4_e,co-consumed,0.3070393874160899
6200,428,1174,EX_o2_e,co-consumed,4.000000007375812
6201,428,1174,EX_pheme_e,co-consumed,4.2253617028032e-05
6202,428,1174,EX_pi_e,co-consumed,0.18053216455657164
6203,428,1174,EX_pro__L_e,co-consumed,0.006048876630584425
6204,428,1174,EX_pyovd_kt_e,co-consumed,0.08157835839235565
6205,428,1174,EX_s_e,co-consumed,0.017508463517654196
6206,428,1174,EX_ser__L_e,co-consumed,0.10350235365771697
6207,428,1174,EX_so4_e,co-consumed,0.000822122439672656
6208,428,1174,EX_stfrnA_e,co-consumed,0.0855760688585592
6209,428,1174,EX_stfrnB_e,co-consumed,0.08555523452901823
6210,428,1174,EX_ura_e,co-consumed,0.06269127962800343
6211,428,1174,EX_zn2_e,co-consumed,6.4625413275748e-05
6212,428,638,EX_acald_e,received,3.9999992800442308
6213,428,638,EX_arg__L_e,co-consumed,0.08270622101590855
6214,428,638,EX_ca2_e,co-consumed,0.001455367113996248
6215,428,638,EX_cl_e,co-consumed,0.001455367112419864
6216,428,638,EX_cobalt2_e,co-consumed,2.7960943592624002e-05
6217,428,638,EX_cu2_e,co-consumed,0.000198243090071724
6218,428,638,EX_etoh_e,received,6.3958109527e-06
6219,428,638,EX_fe2_e,co-consumed,0.001938810426974312
6220,428,638,EX_fe3_e,co-consumed,0.25577753130779485
6221,428,638,EX_glygln_e,co-consumed,0.4007078806932791
6222,428,638,EX_h2s_e,received,0.04303388535733
6223,428,638,EX_h_e,co-consumed,3.9999999377074
6224,428,638,EX_ile__L_e,co-consumed,0.08123464914254601
6225,428,638,EX_k_e,co-consumed,0.05457780462675701
6226,428,638,EX_lys__L_e,co-consumed,0.09595082637275765
6227,428,638,EX_malt_e,co-consumed,0.10750490007631758
6228,428,638,EX_mg2_e,co-consumed,0.002425611846484028
6229,428,638,EX_mn2_e,co-consumed,0.000193210120225052
6230,428,638,EX_nh4_e,co-consumed,0.5506591393670807
6231,428,638,EX_o2_e,co-consumed,4.0000000003571925
6232,428,638,EX_pi_e,co-consumed,0.2695095713140418
6233,428,638,EX_pyovd_kt_e,co-consumed,0.08183482317024428
6234,428,638,EX_ser__L_e,co-consumed,0.19433213116147038
6235,428,638,EX_so4_e,co-consumed,0.00121296412708714
6236,428,638,EX_stfrnA_e,co-consumed,0.08583747617013708
6237,428,638,EX_stfrnB_e,co-consumed,0.08581564483370334
6238,428,638,EX_tyr__L_e,co-consumed,0.038619371405905024
6239,428,638,EX_zn2_e,co-consumed,9.5346817650856e-05
6240,428,1252,EX_acald_e,co-consumed,3.9999992800442308
6241,428,1252,EX_arg__L_e,co-consumed,0.04958276460367674
6242,428,1252,EX_ca2_e,co-consumed,0.000872499182630916
6243,428,1252,EX_cl_e,co-consumed,0.0008724991859140641
6244,428,1252,EX_cobalt2_e,co-consumed,1.6762632508992e-05
6245,428,1252,EX_cu2_e,co-consumed,0.00011884763121716
6246,428,1252,EX_etoh_e,received,3.8533133133823108
6247,428,1252,EX_fe3_e,co-consumed,0.10010262645074329
6248,428,1252,EX_glu__L_e,provided,0.6658464473984848
6249,428,1252,EX_gly_asn__L_e,co-consumed,0.040407353390169966
6250,428,1252,EX_glyc_e,co-consumed,2.5718014938363035e-06
6251,428,1252,EX_glygln_e,co-consumed,0.4007078806932791
6252,428,1252,EX_gthrd_e,co-consumed,3.1177770936651037e-06
6253,428,1252,EX_h2s_e,co-consumed,0.025799261722311503
6254,428,1252,EX_h_e,co-consumed,3.999999975345196
6255,428,1252,EX_ile__L_e,co-consumed,0.04870053056460484
6256,428,1252,EX_indole_e,co-consumed,0.009528431344488265
6257,428,1252,EX_k_e,co-consumed,0.03271964129784373
6258,428,1252,EX_lys__L_e,co-consumed,0.05752308177107786
6259,428,1252,EX_mg2_e,co-consumed,0.001454165301560156
6260,428,1252,EX_mn2_e,co-consumed,0.00011583034153456801
6261,428,1252,EX_nh4_e,received,0.5711387962245577
6262,428,1252,EX_o2_e,co-consumed,4.000000006593655
6263,428,1252,EX_pheme_e,co-consumed,3.7374474097828e-05
6264,428,1252,EX_pi_e,co-consumed,0.16625355329077693
6265,428,1252,EX_pyovd_kt_e,co-consumed,0.08186765301658698
6266,428,1252,EX_s_e,co-consumed,0.015484261505013861
6267,428,1252,EX_so4_e,co-consumed,0.0007271911647131201
6268,428,1252,EX_tyr__L_e,co-consumed,0.02315249065739494
6269,428,1252,EX_zn2_e,co-consumed,5.7160849428843996e-05
6270,796,1208,EX_acald_e,co-consumed,0.002836909054187548
6271,796,1208,EX_arg__L_e,co-consumed,0.010515392853133068
6272,796,1208,EX_ca2_e,co-consumed,0.000185037459311756
6273,796,1208,EX_cl_e,co-consumed,0.00018503746083356002
6274,796,1208,EX_cobalt2_e,co-consumed,3.554994415211502e-06
6275,796,1208,EX_cu2_e,co-consumed,2.5204910403848e-05
6276,796,1208,EX_cys__L_e,co-consumed,0.0032636170591681004
6277,796,1208,EX_fe2_e,co-consumed,0.00023873883590635602
6278,796,1208,EX_fe3_e,co-consumed,0.2529801586337414
6279,796,1208,EX_glyald_e,provided,1.1439502850731953
6280,796,1208,EX_glyc_e,received,3.9999924177672064
6281,796,1208,EX_glygln_e,co-consumed,0.05348671039292357
6282,796,1208,EX_h2o_e,provided,0.44188172090410993
6283,796,1208,EX_h2s_e,provided,0.00547056092920584
6284,796,1208,EX_h_e,received,3.024212848729982
6285,796,1208,EX_ile__L_e,co-consumed,0.011053439265323308
6286,796,1208,EX_k_e,co-consumed,0.006939100248883789
6287,796,1208,EX_lys__L_e,co-consumed,0.012199306937354772
6288,796,1208,EX_mg2_e,co-consumed,0.000308395771808992
6289,796,1208,EX_mn2_e,co-consumed,2.4565011409108002e-05
6290,796,1208,EX_nh4_e,received,5.81020049542e-06
6291,796,1208,EX_o2_e,co-consumed,3.9999999827833617
6292,796,1208,EX_orn_e,received,0.047038335753491874
6293,796,1208,EX_pi_e,co-consumed,0.04983466476348048
6294,796,1208,EX_pyovd_kt_e,co-consumed,0.08157885504853672
6295,796,1208,EX_so4_e,co-consumed,0.00015421954251966
6296,796,1208,EX_stfrnA_e,co-consumed,0.08557217889577441
6297,796,1208,EX_stfrnB_e,co-consumed,0.08555159790369211
6298,796,1208,EX_zn2_e,co-consumed,1.2122530955867999e-05
6299,796,1334,EX_R_3hdd5ea_e,provided,0.000834187807357676
6300,796,1334,EX_arg__L_e,co-consumed,0.038608070545978
6301,796,1334,EX_ca2_e,co-consumed,0.0006793794336395401
6302,796,1334,EX_cl_e,co-consumed,0.00067937942944234
6303,796,1334,EX_co_e,received,8.5100383024136e-05
6304,796,1334,EX_cobalt2_e,co-consumed,1.305243863054e-05
6305,796,1334,EX_cu2_e,co-consumed,9.254178989055201e-05
6306,796,1334,EX_cys__L_e,co-consumed,0.01205676251673251
6307,796,1334,EX_fe2_e,co-consumed,0.00087650510841338
6308,796,1334,EX_fe3_e,co-consumed,0.2542119424440433
6309,796,1334,EX_gly_asn__L_e,co-consumed,0.03146355398006519
6310,796,1334,EX_glyald_e,provided,1.1439502850731953
6311,796,1334,EX_glyc_e,received,3.999997293235151
6312,796,1334,EX_glyclt_e,provided,0.00018979806880830001
6313,796,1334,EX_h2o_e,provided,3.999999949116735
6314,796,1334,EX_h2s_e,provided,0.020089283009825425
6315,796,1334,EX_h_e,co-consumed,1.0810525813379293
6316,796,1334,EX_ile__L_e,co-consumed,0.04058313148740553
6317,796,1334,EX_k_e,co-consumed,0.025477446536117086
6318,796,1334,EX_lys__L_e,received,0.07302137681343995
6319,796,1334,EX_mal__L_e,co-consumed,0.17541776028121028
6320,796,1334,EX_mg2_e,co-consumed,0.0011322990512711
6321,796,1334,EX_mn2_e,co-consumed,9.019235093705599e-05
6322,796,1334,EX_nh4_e,received,5.81020049542e-06
6323,796,1334,EX_o2_e,co-consumed,3.9999999947191163
6324,796,1334,EX_orn_e,co-consumed,0.02841741718383033
6325,796,1334,EX_pi_e,co-consumed,0.1832505419051775
6326,796,1334,EX_pyovd_kt_e,co-consumed,0.08161142134172414
6327,796,1334,EX_so4_e,co-consumed,0.000566218747882516
6328,796,1334,EX_stfrnA_e,co-consumed,0.08560896902501572
6329,796,1334,EX_stfrnB_e,co-consumed,0.08559065192532496
6330,796,1334,EX_zn2_e,co-consumed,4.4508815730152e-05
6331,796,397,EX_arg__L_e,co-consumed,0.06294170452915404
6332,796,397,EX_ca2_e,co-consumed,0.001107574281398108
6333,796,397,EX_cl_e,co-consumed,0.0011075742753872161
6334,796,397,EX_co_e,co-consumed,8.5100383024136e-05
6335,796,397,EX_cobalt2_e,co-consumed,2.1279044663959997e-05
6336,796,397,EX_cu2_e,co-consumed,0.000150868424905576
6337,796,397,EX_cys__L_e,co-consumed,0.09453190079440084
6338,796,397,EX_fe2_e,co-consumed,0.0014762008737501159
6339,796,397,EX_fe3_e,co-consumed,0.2544726661743336
6340,796,397,EX_glyc_e,co-consumed,0.18638663939230632
6341,796,397,EX_glygln_e,co-consumed,0.2435887689092726
6342,796,397,EX_h_e,co-consumed,3.9999999187499555
6343,796,397,EX_ile__L_e,co-consumed,0.06182178988472924
6344,796,397,EX_indole_e,co-consumed,0.012095646042858097
6345,796,397,EX_k_e,co-consumed,0.041535205650924285
6346,796,397,EX_lys__L_e,co-consumed,0.07302137681343995
6347,796,397,EX_mg2_e,co-consumed,0.001845957120454128
6348,796,397,EX_mn2_e,co-consumed,0.000147038197718252
6349,796,397,EX_nh4_e,co-consumed,5.81020049542e-06
6350,796,397,EX_o2_e,co-consumed,4.000000007062814
6351,796,397,EX_orn_e,co-consumed,0.047038335753491874
6352,796,397,EX_pheme_e,co-consumed,4.7443022883936004e-05
6353,796,397,EX_pi_e,co-consumed,0.20513428815441953
6354,796,397,EX_pyovd_kt_e,co-consumed,0.08161142134172414
6355,796,397,EX_so4_e,co-consumed,0.001015003960146008
6356,796,397,EX_stfrnA_e,co-consumed,0.08560896902501572
6357,796,397,EX_stfrnB_e,co-consumed,0.08559065192532496
6358,796,397,EX_zn2_e,co-consumed,7.256154230407201e-05
6359,796,790,EX_acald_e,co-consumed,0.002836909054187548
6360,796,790,EX_arg__L_e,co-consumed,0.06294170452915404
6361,796,790,EX_ca2_e,co-consumed,0.001107574281398108
6362,796,790,EX_cl_e,co-consumed,0.0011075742753872161
6363,796,790,EX_co_e,co-consumed,8.5100383024136e-05
6364,796,790,EX_cobalt2_e,co-consumed,2.1279044663959997e-05
6365,796,790,EX_cu2_e,co-consumed,0.000150868424905576
6366,796,790,EX_etoh_e,co-consumed,1.3486580099658077e-06
6367,796,790,EX_fe2_e,co-consumed,0.0014762008737501159
6368,796,790,EX_fe3_e,co-consumed,0.2544726661743336
6369,796,790,EX_glyc_e,co-consumed,5.115498198920001e-06
6370,796,790,EX_glygln_e,co-consumed,0.29324987953109855
6371,796,790,EX_h2s_e,provided,0.05358084316260509
6372,796,790,EX_h_e,co-consumed,3.9999999187499555
6373,796,790,EX_ile__L_e,co-consumed,0.06182178988472924
6374,796,790,EX_indole_e,co-consumed,0.012095646042858097
6375,796,790,EX_k_e,co-consumed,0.041535205650924285
6376,796,790,EX_lys__L_e,co-consumed,0.07302137681343995
6377,796,790,EX_mg2_e,co-consumed,0.001845957120454128
6378,796,790,EX_mn2_e,co-consumed,0.000147038197718252
6379,796,790,EX_nh4_e,received,5.81020049542e-06
6380,796,790,EX_o2_e,co-consumed,4.000000007062814
6381,796,790,EX_orn_e,co-consumed,0.047038335753491874
6382,796,790,EX_pheme_e,co-consumed,4.7443022883936004e-05
6383,796,790,EX_pi_e,co-consumed,0.20513428815441953
6384,796,790,EX_pyovd_kt_e,co-consumed,0.08161142134172414
6385,796,790,EX_so4_e,co-consumed,0.000943764545232616
6386,796,790,EX_stfrnA_e,co-consumed,0.08560896902501572
6387,796,790,EX_stfrnB_e,co-consumed,0.08559065192532496
6388,796,790,EX_zn2_e,co-consumed,7.256154230407201e-05
6389,796,947,EX_acald_e,received,0.002836909054187548
6390,796,947,EX_arg__L_e,co-consumed,0.06294170452915404
6391,796,947,EX_asp__L_e,co-consumed,2.2083547877845074e-06
6392,796,947,EX_ca2_e,co-consumed,0.001107574281398108
6393,796,947,EX_cl_e,co-consumed,0.0011075742753872161
6394,796,947,EX_co_e,co-consumed,8.5100383024136e-05
6395,796,947,EX_cobalt2_e,co-consumed,2.1279044663959997e-05
6396,796,947,EX_cu2_e,co-consumed,0.000150868424905576
6397,796,947,EX_etoh_e,co-consumed,0.1831971585221885
6398,796,947,EX_fe2_e,co-consumed,0.0014762008737501159
6399,796,947,EX_fe3_e,co-consumed,0.2544726661743336
6400,796,947,EX_gly_asn__L_e,co-consumed,0.051294202073340886
6401,796,947,EX_glyc_e,co-consumed,1.7232041453052638
6402,796,947,EX_glygln_e,co-consumed,0.39876471997726015
6403,796,947,EX_h2s_e,provided,0.036494787671598944
6404,796,947,EX_h_e,co-consumed,3.9999999187499555
6405,796,947,EX_indole_e,co-consumed,0.012095646042858097
6406,796,947,EX_k_e,co-consumed,0.041535205650924285
6407,796,947,EX_lys__L_e,co-consumed,0.07302137681343995
6408,796,947,EX_mg2_e,co-consumed,0.001845957120454128
6409,796,947,EX_mn2_e,co-consumed,0.000147038197718252
6410,796,947,EX_nh4_e,co-consumed,5.81020049542e-06
6411,796,947,EX_o2_e,co-consumed,4.000000007062814
6412,796,947,EX_orn_e,received,0.047038335753491874
6413,796,947,EX_pi_e,co-consumed,0.20513428815441953
6414,796,947,EX_pyovd_kt_e,co-consumed,0.08161142134172414
6415,796,947,EX_so4_e,co-consumed,0.00102869325506434
6416,796,947,EX_stfrnA_e,co-consumed,0.08560896902501572
6417,796,947,EX_stfrnB_e,co-consumed,0.08559065192532496
6418,796,947,EX_zn2_e,co-consumed,7.256154230407201e-05
6419,796,997,EX_acald_e,co-consumed,0.002836909054187548
6420,796,997,EX_arg__L_e,co-consumed,0.05929959856276623
6421,796,997,EX_ca2_e,co-consumed,0.0010434847208092
6422,796,997,EX_cl_e,co-consumed,0.00104348472257708
6423,796,997,EX_cobalt2_e,co-consumed,2.0047737191336e-05
6424,796,997,EX_cu2_e,co-consumed,0.000142138456686592
6425,796,997,EX_etoh_e,co-consumed,1.5971720553081045e-06
6426,796,997,EX_fe2_e,co-consumed,0.001390731870040848
6427,796,997,EX_fe3_e,co-consumed,0.09940322317984002
6428,796,997,EX_gly_asn__L_e,co-consumed,0.04832607565121119
6429,796,997,EX_glyc_e,co-consumed,0.027880222580512305
6430,796,997,EX_glygln_e,co-consumed,0.17273684583107904
6431,796,997,EX_h2s_e,provided,0.04932917039706491
6432,796,997,EX_h_e,co-consumed,3.9999999187499555
6433,796,997,EX_ile__L_e,co-consumed,0.05824451862096163
6434,796,997,EX_indole_e,co-consumed,0.011395739851250869
6435,796,997,EX_k_e,co-consumed,0.03913177965589056
6436,796,997,EX_lys__L_e,co-consumed,0.0687959983179711
6437,796,997,EX_mg2_e,co-consumed,0.001739141201779196
6438,796,997,EX_mn2_e,co-consumed,0.000138529863992152
6439,796,997,EX_nh4_e,received,5.81020049542e-06
6440,796,997,EX_o2_e,co-consumed,4.000000007062814
6441,796,997,EX_orn_e,co-consumed,0.04431628766154045
6442,796,997,EX_pheme_e,co-consumed,4.4700229887944004e-05
6443,796,997,EX_pyovd_kt_e,co-consumed,0.08161142134172414
6444,796,997,EX_so4_e,co-consumed,0.000869810833913784
6445,796,997,EX_ura_e,received,0.07038945814940765
6446,796,997,EX_zn2_e,co-consumed,6.8362783822464e-05
6447,796,1114,EX_arg__L_e,co-consumed,0.0046357303882063276
6448,796,1114,EX_asp__L_e,co-consumed,2.2083547877845074e-06
6449,796,1114,EX_ca2_e,co-consumed,8.157368052924399e-05
6450,796,1114,EX_cl_e,co-consumed,8.1573673573936e-05
6451,796,1114,EX_cobalt2_e,co-consumed,1.5672176856355215e-06
6452,796,1114,EX_cu2_e,co-consumed,1.0660673623368001e-05
6453,796,1114,EX_fe2_e,co-consumed,0.000105202132142988
6454,796,1114,EX_fe3_e,co-consumed,0.2526625386113989
6455,796,1114,EX_gal_e,received,0.14999059669918316
6456,796,1114,EX_gly_asn__L_e,co-consumed,0.003777855372185156
6457,796,1114,EX_glyc_e,co-consumed,3.591211762186692
6458,796,1114,EX_glygln_e,co-consumed,0.042553588203818285
6459,796,1114,EX_h2s_e,provided,0.0038483196513773637
6460,796,1114,EX_h_e,received,0.00112623464957868
6461,796,1114,EX_ile__L_e,co-consumed,0.004872935060638228
6462,796,1114,EX_k_e,co-consumed,0.003059099217122536
6463,796,1114,EX_lys__L_e,co-consumed,0.005534792074785936
6464,796,1114,EX_mg2_e,co-consumed,0.000135956138154524
6465,796,1114,EX_mn2_e,co-consumed,1.082947420774e-05
6466,796,1114,EX_nh4_e,received,5.81020049542e-06
6467,796,1114,EX_o2_e,co-consumed,3.8457435539662432
6468,796,1114,EX_orn_e,co-consumed,0.003464318233193924
6469,796,1114,EX_pyovd_kt_e,co-consumed,0.08153202518695611
6470,796,1114,EX_so4_e,co-consumed,6.7900542683388e-05
6471,796,1114,EX_stfrnA_e,co-consumed,0.08551769571185876
6472,796,1114,EX_stfrnB_e,co-consumed,0.0854905751777392
6473,796,1114,EX_zn2_e,co-consumed,5.344212308016e-06
6474,796,1362,EX_acald_e,received,0.002836909054187548
6475,796,1362,EX_arg__L_e,co-consumed,0.06294170452915404
6476,796,1362,EX_asp__L_e,co-consumed,2.2083547877845074e-06
6477,796,1362,EX_ca2_e,co-consumed,0.001107574281398108
6478,796,1362,EX_cl_e,co-consumed,0.0011075742753872161
6479,796,1362,EX_co_e,received,3.962312104651579e-06
6480,796,1362,EX_cobalt2_e,co-consumed,2.1279044663959997e-05
6481,796,1362,EX_cu2_e,co-consumed,0.000150868424905576
6482,796,1362,EX_etoh_e,received,2.282753711595222e-06
6483,796,1362,EX_fe2_e,co-consumed,0.0014762008737501159
6484,796,1362,EX_fe3_e,co-consumed,0.10109349937422764
6485,796,1362,EX_gly_asn__L_e,co-consumed,0.051294202073340886
6486,796,1362,EX_glyc_e,co-consumed,3.9997063553221848
6487,796,1362,EX_h_e,co-consumed,3.9999999187499555
6488,796,1362,EX_indole_e,received,0.012095646042858097
6489,796,1362,EX_k_e,co-consumed,0.041535205650924285
6490,796,1362,EX_mg2_e,co-consumed,0.001845957120454128
6491,796,1362,EX_mn2_e,co-consumed,0.000147038197718252
6492,796,1362,EX_nh4_e,co-consumed,5.81020049542e-06
6493,796,1362,EX_o2_e,co-consumed,4.000000007062814
6494,796,1362,EX_pheme_e,co-consumed,4.7443022883936004e-05
6495,796,1362,EX_pi_e,co-consumed,0.20513428815441953
6496,796,1362,EX_pyovd_kt_e,co-consumed,0.08161142134172414
6497,796,1362,EX_so4_e,co-consumed,0.00222749037921232
6498,796,1362,EX_zn2_e,co-consumed,7.256154230407201e-05
6499,796,428,EX_acald_e,co-consumed,0.002836909054187548
6500,796,428,EX_arg__L_e,co-consumed,0.06294170452915404
6501,796,428,EX_ca2_e,co-consumed,0.001107574281398108
6502,796,428,EX_cl_e,co-consumed,0.0011075742753872161
6503,796,428,EX_co_e,received,8.5100383024136e-05
6504,796,428,EX_cobalt2_e,co-consumed,2.1279044663959997e-05
6505,796,428,EX_cu2_e,co-consumed,0.000150868424905576
6506,796,428,EX_etoh_e,co-consumed,0.1831971585221885
6507,796,428,EX_fe2_e,co-consumed,0.0014762008737501159
6508,796,428,EX_fe3_e,co-consumed,0.2544726661743336
6509,796,428,EX_gly_asn__L_e,co-consumed,0.051294202073340886
6510,796,428,EX_glyc_e,co-consumed,1.6099709835040856
6511,796,428,EX_glygln_e,co-consumed,0.4007078806932791
6512,796,428,EX_h2s_e,provided,0.04303388535733
6513,796,428,EX_h_e,co-consumed,3.9999999187499555
6514,796,428,EX_ile__L_e,co-consumed,0.06182178988472924
6515,796,428,EX_indole_e,co-consumed,0.012095646042858097
6516,796,428,EX_k_e,co-consumed,0.041535205650924285
6517,796,428,EX_lys__L_e,co-consumed,0.07302137681343995
6518,796,428,EX_mg2_e,co-consumed,0.001845957120454128
6519,796,428,EX_mn2_e,co-consumed,0.000147038197718252
6520,796,428,EX_nh4_e,co-consumed,5.81020049542e-06
6521,796,428,EX_o2_e,co-consumed,4.000000007062814
6522,796,428,EX_pheme_e,co-consumed,4.7443022883936004e-05
6523,796,428,EX_pi_e,co-consumed,0.20513428815441953
6524,796,428,EX_pyovd_kt_e,co-consumed,0.08161142134172414
6525,796,428,EX_so4_e,co-consumed,0.00121296412708714
6526,796,428,EX_stfrnA_e,co-consumed,0.08560896902501572
6527,796,428,EX_stfrnB_e,co-consumed,0.08559065192532496
6528,796,428,EX_ura_e,co-consumed,0.07038945814940765
6529,796,428,EX_zn2_e,co-consumed,7.256154230407201e-05
6530,796,1350,EX_acald_e,co-consumed,0.002836909054187548
6531,796,1350,EX_arg__L_e,co-consumed,0.04480527367546154
6532,796,1350,EX_ca2_e,co-consumed,0.000388408448178276
6533,796,1350,EX_cl_e,co-consumed,0.000388413463840176
6534,796,1350,EX_cobalt2_e,co-consumed,7.46231436586e-06
6535,796,1350,EX_cu2_e,co-consumed,5.290780885396e-05
6536,796,1350,EX_fe3_e,co-consumed,0.2539856748570928
6537,796,1350,EX_gal_e,co-consumed,0.015297723096571323
6538,796,1350,EX_gly_asn__L_e,co-consumed,0.01798827822953449
6539,796,1350,EX_glyald_e,provided,1.1439502850731953
6540,796,1350,EX_glyc_e,received,1.5954828384321473
6541,796,1350,EX_glygln_e,co-consumed,0.1284790199539067
6542,796,1350,EX_h2s_e,provided,0.018360240954817714
6543,796,1350,EX_h_e,co-consumed,0.17888914915507573
6544,796,1350,EX_ile__L_e,co-consumed,0.016327387249486534
6545,796,1350,EX_k_e,co-consumed,0.01456591528015751
6546,796,1350,EX_lys__L_e,co-consumed,0.02635395491518484
6547,796,1350,EX_mal__L_e,received,3.623053652186e-05
6548,796,1350,EX_mg2_e,co-consumed,0.000647355765087112
6549,796,1350,EX_mn2_e,co-consumed,5.1564593668596e-05
6550,796,1350,EX_nh4_e,received,5.81020049542e-06
6551,796,1350,EX_o2_e,co-consumed,4.000000001268809
6552,796,1350,EX_orn_e,received,0.006236717596360448
6553,796,1350,EX_pi_e,co-consumed,0.11485945952391907
6554,796,1350,EX_pyovd_kt_e,co-consumed,0.08161142134172414
6555,796,1350,EX_skm_e,co-consumed,0.018123767305715348
6556,796,1350,EX_so4_e,co-consumed,0.000323716092813068
6557,796,1350,EX_stfrnA_e,co-consumed,0.08560896902501572
6558,796,1350,EX_stfrnB_e,co-consumed,0.08559065192532496
6559,796,1350,EX_ura_e,co-consumed,0.0019525092422970841
6560,796,1350,EX_zn2_e,co-consumed,2.5446491987588002e-05
6561,796,262,EX_acald_e,co-consumed,0.002836909054187548
6562,796,262,EX_arg__L_e,co-consumed,0.06294170452915404
6563,796,262,EX_asp__L_e,co-consumed,2.2083547877845074e-06
6564,796,262,EX_ca2_e,co-consumed,0.001107574281398108
6565,796,262,EX_cl_e,co-consumed,0.0011075742753872161
6566,796,262,EX_cobalt2_e,co-consumed,2.1279044663959997e-05
6567,796,262,EX_cu2_e,co-consumed,0.000150868424905576
6568,796,262,EX_etoh_e,received,0.1831971585221885
6569,796,262,EX_fe2_e,co-consumed,0.0014762008737501159
6570,796,262,EX_fe3_e,co-consumed,0.09825562569376221
6571,796,262,EX_gly_asn__L_e,co-consumed,0.051294202073340886
6572,796,262,EX_glyald_e,provided,0.03544535160748722
6573,796,262,EX_glyc_e,received,0.03544539127576483
6574,796,262,EX_h2o_e,provided,3.9999997466492805
6575,796,262,EX_h2s_e,provided,0.11606566632490467
6576,796,262,EX_h_e,co-consumed,3.9999999187499555
6577,796,262,EX_ile__L_e,co-consumed,0.06182178988472924
6578,796,262,EX_indole_e,co-consumed,0.012095646042858097
6579,796,262,EX_k_e,co-consumed,0.041535205650924285
6580,796,262,EX_lys__L_e,co-consumed,0.07302137681343995
6581,796,262,EX_mg2_e,co-consumed,0.001845957120454128
6582,796,262,EX_mn2_e,co-consumed,0.000147038197718252
6583,796,262,EX_nh4_e,co-consumed,5.81020049542e-06
6584,796,262,EX_o2_e,co-consumed,4.000000005716123
6585,796,262,EX_orn_e,received,0.047038335753491874
6586,796,262,EX_pi_e,co-consumed,0.20513428815441953
6587,796,262,EX_pyovd_kt_e,co-consumed,0.08161142134172414
6588,796,262,EX_so4_e,co-consumed,0.00204435203036386
6589,796,262,EX_ura_e,co-consumed,0.07038945814940765
6590,796,262,EX_zn2_e,co-consumed,7.256154230407201e-05
6591,796,978,EX_acald_e,co-consumed,0.002836909054187548
6592,796,978,EX_arg__L_e,co-consumed,0.03493271998263871
6593,796,978,EX_ca2_e,co-consumed,0.000614705407725804
6594,796,978,EX_cl_e,co-consumed,0.000614705397849888
6595,796,978,EX_co_e,received,8.5100383024136e-05
6596,796,978,EX_cobalt2_e,co-consumed,1.1809901884912e-05
6597,796,978,EX_cu2_e,co-consumed,8.373220436403201e-05
6598,796,978,EX_fe2_e,co-consumed,0.0007928112618444481
6599,796,978,EX_fe3_e,co-consumed,0.25421123036778265
6600,796,978,EX_gal_e,co-consumed,0.1149330845625809
6601,796,978,EX_glyc_e,co-consumed,0.24764740041469416
6602,796,978,EX_glygln_e,co-consumed,0.16531970933720153
6603,796,978,EX_h2o_e,provided,3.999999718465075
6604,796,978,EX_h2s_e,provided,0.029059921706837077
6605,796,978,EX_h_e,co-consumed,3.999999719834292
6606,796,978,EX_ile__L_e,co-consumed,0.03672040273140531
6607,796,978,EX_k_e,co-consumed,0.02305210178621846
6608,796,978,EX_lys__L_e,co-consumed,0.04170792875179372
6609,796,978,EX_meoh_e,provided,6.7869655286704e-05
6610,796,978,EX_mg2_e,co-consumed,0.00102450898582638
6611,796,978,EX_mn2_e,co-consumed,8.1606422024748e-05
6612,796,978,EX_nh4_e,co-consumed,5.81020049542e-06
6613,796,978,EX_o2_e,co-consumed,3.999999987126816
6614,796,978,EX_orn_e,co-consumed,0.02610624975975622
6615,796,978,EX_pi_e,co-consumed,0.16582010592256907
6616,796,978,EX_pyovd_kt_e,co-consumed,0.08161142134172414
6617,796,978,EX_so4_e,co-consumed,0.000512315308719196
6618,796,978,EX_stfrnA_e,co-consumed,0.08560896902501572
6619,796,978,EX_stfrnB_e,co-consumed,0.08559065192532496
6620,796,978,EX_zn2_e,co-consumed,4.0266750851668e-05
6621,796,1338,EX_acald_e,received,0.002836909054187548
6622,796,1338,EX_arg__L_e,co-consumed,0.06294170452915404
6623,796,1338,EX_ca2_e,co-consumed,0.001107574281398108
6624,796,1338,EX_cl_e,co-consumed,0.0011075742753872161
6625,796,1338,EX_co_e,co-consumed,8.5100383024136e-05
6626,796,1338,EX_cobalt2_e,co-consumed,2.1279044663959997e-05
6627,796,1338,EX_cu2_e,co-consumed,0.000150868424905576
6628,796,1338,EX_etoh_e,received,0.00032043276375097603
6629,796,1338,EX_fe2_e,co-consumed,0.0014762008737501159
6630,796,1338,EX_fe3_e,co-consumed,0.10098779478597139
6631,796,1338,EX_gly_asn__L_e,co-consumed,0.051294202073340886
6632,796,1338,EX_glyc_e,co-consumed,3.9996828759297043
6633,796,1338,EX_h2s_e,provided,0.6272066739162415
6634,796,1338,EX_h_e,co-consumed,3.99999984176356
6635,796,1338,EX_ile__L_e,co-consumed,0.06182178988472924
6636,796,1338,EX_indole_e,co-consumed,0.012095646042858097
6637,796,1338,EX_k_e,co-consumed,0.041535205650924285
6638,796,1338,EX_lys__L_e,co-consumed,0.07302137681343995
6639,796,1338,EX_mal__L_e,co-consumed,1.0846396296286787e-06
6640,796,1338,EX_mg2_e,co-consumed,0.001845957120454128
6641,796,1338,EX_mn2_e,co-consumed,0.000147038197718252
6642,796,1338,EX_nh4_e,received,5.81020049542e-06
6643,796,1338,EX_o2_e,co-consumed,4.000000007062814
6644,796,1338,EX_orn_e,co-consumed,0.047038335753491874
6645,796,1338,EX_pheme_e,co-consumed,4.7443022883936004e-05
6646,796,1338,EX_pi_e,co-consumed,0.20513428815441953
6647,796,1338,EX_pyovd_kt_e,co-consumed,0.08161142134172414
6648,796,1338,EX_so4_e,co-consumed,0.002127211543286632
6649,796,1338,EX_zn2_e,co-consumed,7.256154230407201e-05
6650,796,1357,EX_acald_e,co-consumed,0.002836909054187548
6651,796,1357,EX_arg__L_e,co-consumed,0.06294170452915404
6652,796,1357,EX_ca2_e,co-consumed,0.001107574281398108
6653,796,1357,EX_cl_e,co-consumed,0.0011075742753872161
6654,796,1357,EX_co_e,received,8.5100383024136e-05
6655,796,1357,EX_cobalt2_e,co-consumed,2.1279044663959997e-05
6656,796,1357,EX_cu2_e,co-consumed,0.000150868424905576
6657,796,1357,EX_etoh_e,co-consumed,1.2935053489466327e-06
6658,796,1357,EX_fe2_e,co-consumed,0.0014762008737501159
6659,796,1357,EX_fe3_e,co-consumed,0.09943419479300797
6660,796,1357,EX_glyc_e,co-consumed,0.2992554826238624
6661,796,1357,EX_glygln_e,co-consumed,0.17397824572201334
6662,796,1357,EX_h2s_e,provided,0.061693457951051085
6663,796,1357,EX_h_e,co-consumed,3.9999999187499555
6664,796,1357,EX_ile__L_e,co-consumed,0.06182178988472924
6665,796,1357,EX_indole_e,co-consumed,0.012095646042858097
6666,796,1357,EX_k_e,co-consumed,0.041535205650924285
6667,796,1357,EX_lys__L_e,co-consumed,0.07302137681343995
6668,796,1357,EX_mg2_e,co-consumed,0.001845957120454128
6669,796,1357,EX_mn2_e,co-consumed,0.000147038197718252
6670,796,1357,EX_nh4_e,received,5.81020049542e-06
6671,796,1357,EX_o2_e,co-consumed,4.000000007062814
6672,796,1357,EX_orn_e,co-consumed,0.047038335753491874
6673,796,1357,EX_pheme_e,co-consumed,4.7443022883936004e-05
6674,796,1357,EX_pi_e,co-consumed,0.20513428815441953
6675,796,1357,EX_pyovd_kt_e,co-consumed,0.08161142134172414
6676,796,1357,EX_skm_e,co-consumed,0.016897642970363894
6677,796,1357,EX_so4_e,co-consumed,0.001086645104511944
6678,796,1357,EX_zn2_e,co-consumed,7.256154230407201e-05
6679,796,2751,EX_cys__L_e,received,0.1358841148736765
6680,796,2751,EX_fe3_e,co-consumed,0.25214261553782036
6681,796,2751,EX_glyc_e,co-consumed,3.9323649918687176
6682,796,2751,EX_h2s_e,provided,0.4242744709241576
6683,796,2751,EX_h_e,received,3.9999999187499555
6684,796,2751,EX_mal__L_e,received,1.1055133945443052e-06
6685,796,2751,EX_nh4_e,co-consumed,5.81020049542e-06
6686,796,2751,EX_o2_e,co-consumed,3.999999925117265
6687,796,2751,EX_pyovd_kt_e,co-consumed,0.08140781945174283
6688,796,2751,EX_stfrnA_e,co-consumed,0.0853751819941325
6689,796,2751,EX_stfrnB_e,co-consumed,0.08535991256867606
6690,796,709,EX_acald_e,co-consumed,0.002836909054187548
6691,796,709,EX_arg__L_e,received,0.06294170452915404
6692,796,709,EX_asp__L_e,co-consumed,2.2083547877845074e-06
6693,796,709,EX_co2_e,provided,3.9999992468984384
6694,796,709,EX_co_e,received,8.5100383024136e-05
6695,796,709,EX_etoh_e,received,0.1831971585221885
6696,796,709,EX_fe2_e,co-consumed,0.001004880035867944
6697,796,709,EX_fe3_e,co-consumed,0.25283877006317557
6698,796,709,EX_glyald_e,provided,1.1439502850731953
6699,796,709,EX_glyc_e,received,2.8451238230849185
6700,796,709,EX_h2s_e,provided,0.036008770359333114
6701,796,709,EX_h_e,co-consumed,3.9999997443327784
6702,796,709,EX_mal__L_e,co-consumed,2.8896912308811998e-05
6703,796,709,EX_nh4_e,co-consumed,5.81020049542e-06
6704,796,709,EX_o2_e,co-consumed,3.9999999885236144
6705,796,709,EX_orn_e,co-consumed,0.047038335753491874
6706,796,709,EX_pheme_e,received,4.7443022883936004e-05
6707,796,709,EX_pi_e,received,1.2724910709637248e-06
6708,796,709,EX_pyovd_kt_e,co-consumed,0.08161142134172414
6709,796,709,EX_stfrnA_e,co-consumed,0.08560896902501572
6710,796,709,EX_stfrnB_e,co-consumed,0.08559065192532496
6711,796,1080,EX_acald_e,co-consumed,0.002836909054187548
6712,796,1080,EX_arg__L_e,co-consumed,0.06294170452915404
6713,796,1080,EX_asp__L_e,co-consumed,2.2083547877845074e-06
6714,796,1080,EX_ca2_e,co-consumed,0.001107574281398108
6715,796,1080,EX_cl_e,co-consumed,0.0011075742753872161
6716,796,1080,EX_co_e,received,8.5100383024136e-05
6717,796,1080,EX_cobalt2_e,co-consumed,2.1279044663959997e-05
6718,796,1080,EX_cu2_e,co-consumed,0.000150868424905576
6719,796,1080,EX_cys__L_e,co-consumed,0.030262793695731618
6720,796,1080,EX_etoh_e,received,0.1831971585221885
6721,796,1080,EX_fe2_e,co-consumed,0.0014762008737501159
6722,796,1080,EX_fe3_e,co-consumed,0.2544726661743336
6723,796,1080,EX_gal_e,co-consumed,0.14999059669918316
6724,796,1080,EX_gly_asn__L_e,co-consumed,0.051294202073340886
6725,796,1080,EX_glyald_e,provided,1.1439502850731953
6726,796,1080,EX_glyc_e,received,3.999997293235151
6727,796,1080,EX_glygln_e,co-consumed,0.4328202733705334
6728,796,1080,EX_h2s_e,provided,0.05085931955435928
6729,796,1080,EX_h_e,co-consumed,3.9999999187499555
6730,796,1080,EX_ile__L_e,co-consumed,0.06182178988472924
6731,796,1080,EX_indole_e,co-consumed,0.012095646042858097
6732,796,1080,EX_k_e,co-consumed,0.041535205650924285
6733,796,1080,EX_mg2_e,co-consumed,0.001845957120454128
6734,796,1080,EX_mn2_e,co-consumed,0.000147038197718252
6735,796,1080,EX_nh4_e,received,5.81020049542e-06
6736,796,1080,EX_o2_e,co-consumed,4.000000007062814
6737,796,1080,EX_pheme_e,co-consumed,4.7443022883936004e-05
6738,796,1080,EX_pi_e,co-consumed,0.20513428815441953
6739,796,1080,EX_pyovd_kt_e,co-consumed,0.08161142134172414
6740,796,1080,EX_so4_e,co-consumed,0.001433538678428896
6741,796,1080,EX_stfrnA_e,co-consumed,0.08560896902501572
6742,796,1080,EX_stfrnB_e,co-consumed,0.08559065192532496
6743,796,1080,EX_zn2_e,co-consumed,7.256154230407201e-05
6744,796,1234,EX_acald_e,received,0.002836909054187548
6745,796,1234,EX_arg__L_e,co-consumed,0.06294170452915404
6746,796,1234,EX_ca2_e,co-consumed,0.001107574281398108
6747,796,1234,EX_cl_e,co-consumed,0.0011075742753872161
6748,796,1234,EX_co_e,received,8.5100383024136e-05
6749,796,1234,EX_cobalt2_e,co-consumed,2.1279044663959997e-05
6750,796,1234,EX_cu2_e,co-consumed,0.000150868424905576
6751,796,1234,EX_cys__L_e,co-consumed,0.05497672798246232
6752,796,1234,EX_etoh_e,received,6.33149306074e-06
6753,796,1234,EX_fe2_e,co-consumed,0.0014762008737501159
6754,796,1234,EX_fe3_e,co-consumed,0.1012688559048006
6755,796,1234,EX_gly_asn__L_e,co-consumed,0.051294202073340886
6756,796,1234,EX_glyc_e,co-consumed,1.5041397989079013
6757,796,1234,EX_glygln_e,co-consumed,0.4328202733705334
6758,796,1234,EX_h2o_e,provided,0.657708615030396
6759,796,1234,EX_h2s_e,provided,0.09158317848303064
6760,796,1234,EX_h_e,co-consumed,3.9999999187499555
6761,796,1234,EX_ile__L_e,co-consumed,0.06182178988472924
6762,796,1234,EX_indole_e,co-consumed,0.012095646042858097
6763,796,1234,EX_k_e,co-consumed,0.041535205650924285
6764,796,1234,EX_lys__L_e,co-consumed,0.07302137681343995
6765,796,1234,EX_meoh_e,provided,0.00034291035526867996
6766,796,1234,EX_mg2_e,co-consumed,0.001845957120454128
6767,796,1234,EX_mn2_e,co-consumed,0.000147038197718252
6768,796,1234,EX_nh4_e,co-consumed,5.81020049542e-06
6769,796,1234,EX_o2_e,co-consumed,4.000000007062814
6770,796,1234,EX_orn_e,co-consumed,0.047038335753491874
6771,796,1234,EX_pheme_e,co-consumed,4.7443022883936004e-05
6772,796,1234,EX_pi_e,co-consumed,0.20513428815441953
6773,796,1234,EX_pyovd_kt_e,co-consumed,0.08161142134172414
6774,796,1234,EX_so4_e,co-consumed,0.00259253924081542
6775,796,1234,EX_zn2_e,co-consumed,7.256154230407201e-05
6776,796,459,EX_acald_e,received,0.002836909054187548
6777,796,459,EX_arg__L_e,co-consumed,0.06294170452915404
6778,796,459,EX_ca2_e,co-consumed,0.001107574281398108
6779,796,459,EX_cl_e,co-consumed,0.0011075742753872161
6780,796,459,EX_co_e,co-consumed,1.7996924166142676e-06
6781,796,459,EX_cobalt2_e,co-consumed,2.1279044663959997e-05
6782,796,459,EX_cu2_e,co-consumed,0.000150868424905576
6783,796,459,EX_etoh_e,co-consumed,0.1831971585221885
6784,796,459,EX_fe2_e,co-consumed,0.0014762008737501159
6785,796,459,EX_fe3_e,co-consumed,0.09975758485025954
6786,796,459,EX_gly_asn__L_e,co-consumed,0.051294202073340886
6787,796,459,EX_glyc_e,co-consumed,0.5603564379780037
6788,796,459,EX_glygln_e,co-consumed,0.40215818231236483
6789,796,459,EX_h2s_e,provided,0.06265178161169169
6790,796,459,EX_h_e,co-consumed,3.9999999187499555
6791,796,459,EX_ile__L_e,co-consumed,0.06182178988472924
6792,796,459,EX_indole_e,co-consumed,0.012095646042858097
6793,796,459,EX_k_e,co-consumed,0.041535205650924285
6794,796,459,EX_lys__L_e,co-consumed,0.05673698394769787
6795,796,459,EX_meoh_e,provided,0.00014195040660346
6796,796,459,EX_mg2_e,co-consumed,0.001845957120454128
6797,796,459,EX_mn2_e,co-consumed,0.000147038197718252
6798,796,459,EX_nh4_e,co-consumed,5.81020049542e-06
6799,796,459,EX_o2_e,co-consumed,4.000000007062814
6800,796,459,EX_orn_e,co-consumed,1.308345766382397e-06
6801,796,459,EX_pheme_e,co-consumed,4.7443022883936004e-05
6802,796,459,EX_pi_e,co-consumed,0.20513428815441953
6803,796,459,EX_pyovd_kt_e,co-consumed,0.08161142134172414
6804,796,459,EX_so4_e,co-consumed,0.0011036054317014401
6805,796,459,EX_ura_e,co-consumed,0.07038945814940765
6806,796,459,EX_zn2_e,co-consumed,7.256154230407201e-05
6807,796,939,EX_acald_e,co-consumed,0.002836909054187548
6808,796,939,EX_arg__L_e,co-consumed,0.06294170452915404
6809,796,939,EX_asp__L_e,co-consumed,2.2083547877845074e-06
6810,796,939,EX_ca2_e,co-consumed,0.001107574281398108
6811,796,939,EX_cl_e,co-consumed,0.0011075742753872161
6812,796,939,EX_co2_e,provided,3.9999931267347986
6813,796,939,EX_co_e,received,8.5100383024136e-05
6814,796,939,EX_cobalt2_e,co-consumed,2.1279044663959997e-05
6815,796,939,EX_cu2_e,co-consumed,0.000150868424905576
6816,796,939,EX_cys__L_e,co-consumed,0.03062764767200241
6817,796,939,EX_etoh_e,co-consumed,0.1831971585221885
6818,796,939,EX_fe2_e,co-consumed,0.0014762008737501159
6819,796,939,EX_fe3_e,co-consumed,0.2544726661743336
6820,796,939,EX_gly_asn__L_e,co-consumed,0.051294202073340886
6821,796,939,EX_glyc_e,received,0.024997015534810717
6822,796,939,EX_glygln_e,co-consumed,0.4328202733705334
6823,796,939,EX_h2s_e,provided,0.051150502675831995
6824,796,939,EX_h_e,co-consumed,3.9999999187499555
6825,796,939,EX_ile__L_e,co-consumed,0.06182178988472924
6826,796,939,EX_indole_e,co-consumed,0.012095646042858097
6827,796,939,EX_k_e,co-consumed,0.041535205650924285
6828,796,939,EX_mg2_e,co-consumed,0.001845957120454128
6829,796,939,EX_mn2_e,co-consumed,0.000147038197718252
6830,796,939,EX_nh4_e,received,5.81020049542e-06
6831,796,939,EX_o2_e,co-consumed,4.000000007062814
6832,796,939,EX_pheme_e,co-consumed,4.7443022883936004e-05
6833,796,939,EX_pi_e,co-consumed,0.20513428815441953
6834,796,939,EX_pyovd_kt_e,co-consumed,0.08161142134172414
6835,796,939,EX_so4_e,co-consumed,0.0014417620006114402
6836,796,939,EX_stfrnA_e,co-consumed,0.08560896902501572
6837,796,939,EX_stfrnB_e,co-consumed,0.08559065192532496
6838,796,939,EX_ura_e,co-consumed,0.07038945814940765
6839,796,939,EX_zn2_e,co-consumed,7.256154230407201e-05
6840,796,1101,EX_acald_e,co-consumed,0.002836909054187548
6841,796,1101,EX_arg__L_e,co-consumed,0.06294170452915404
6842,796,1101,EX_ca2_e,co-consumed,0.001107574281398108
6843,796,1101,EX_cl_e,co-consumed,0.0011075742753872161
6844,796,1101,EX_cobalt2_e,co-consumed,2.1279044663959997e-05
6845,796,1101,EX_cu2_e,co-consumed,0.000150868424905576
6846,796,1101,EX_cys__L_e,co-consumed,0.02246962345297405
6847,796,1101,EX_etoh_e,co-consumed,1.6528803451039475e-06
6848,796,1101,EX_fe2_e,co-consumed,0.0014762008737501159
6849,796,1101,EX_fe3_e,co-consumed,0.09965199913962736
6850,796,1101,EX_gly_asn__L_e,co-consumed,0.051294202073340886
6851,796,1101,EX_glyc_e,co-consumed,0.8585038357276302
6852,796,1101,EX_glygln_e,co-consumed,0.2959978128613629
6853,796,1101,EX_h2s_e,provided,0.03687654426009199
6854,796,1101,EX_h_e,co-consumed,3.9999999187499555
6855,796,1101,EX_ile__L_e,co-consumed,0.06182178988472924
6856,796,1101,EX_indole_e,co-consumed,0.012095646042858097
6857,796,1101,EX_k_e,co-consumed,0.041535205650924285
6858,796,1101,EX_lys__L_e,co-consumed,0.07302137681343995
6859,796,1101,EX_meoh_e,provided,0.000137776930946824
6860,796,1101,EX_mg2_e,co-consumed,0.001845957120454128
6861,796,1101,EX_mn2_e,co-consumed,0.000147038197718252
6862,796,1101,EX_nh4_e,co-consumed,5.81020049542e-06
6863,796,1101,EX_o2_e,co-consumed,4.000000007062814
6864,796,1101,EX_orn_e,co-consumed,0.047038335753491874
6865,796,1101,EX_pheme_e,co-consumed,4.7443022883936004e-05
6866,796,1101,EX_pi_e,co-consumed,0.20513428815441953
6867,796,1101,EX_pyovd_kt_e,co-consumed,0.08161142134172414
6868,796,1101,EX_so4_e,co-consumed,0.0010394015906126839
6869,796,1101,EX_ura_e,co-consumed,0.07038945814940765
6870,796,1101,EX_zn2_e,co-consumed,7.256154230407201e-05
6871,796,895,EX_acald_e,co-consumed,0.002836909054187548
6872,796,895,EX_arg__L_e,co-consumed,0.04662316792854972
6873,796,895,EX_ca2_e,co-consumed,0.000820419769612432
6874,796,895,EX_cl_e,co-consumed,0.000820419769612432
6875,796,895,EX_co_e,received,8.5100383024136e-05
6876,796,895,EX_cobalt2_e,co-consumed,1.5762147350859998e-05
6877,796,895,EX_cu2_e,co-consumed,0.00011175362471762
6878,796,895,EX_etoh_e,received,0.1831971585221885
6879,796,895,EX_fe2_e,received,0.0014762008737501159
6880,796,895,EX_fe3_e,co-consumed,0.2544726661743336
6881,796,895,EX_fe3pyovd_kt_e,provided,0.08161142167768874
6882,796,895,EX_gal_e,co-consumed,0.12811500274592835
6883,796,895,EX_gly_asn__L_e,co-consumed,0.03799544068859324
6884,796,895,EX_glygln_e,co-consumed,0.4328202733705334
6885,796,895,EX_h2s_e,provided,0.03881892788041594
6886,796,895,EX_h_e,received,3.9999999187499555
6887,796,895,EX_indole_e,co-consumed,0.008959674706269403
6888,796,895,EX_istfrnA_e,provided,0.08560896902501572
6889,796,895,EX_istfrnB_e,provided,0.08559065192388736
6890,796,895,EX_k_e,co-consumed,0.03076660827857057
6891,796,895,EX_lys__L_e,co-consumed,0.05408952397600663
6892,796,895,EX_mal__L_e,co-consumed,0.17541776028121028
6893,796,895,EX_mg2_e,co-consumed,0.001367366289552788
6894,796,895,EX_mn2_e,co-consumed,0.00010891643819446402
6895,796,895,EX_nh4_e,received,5.81020049542e-06
6896,796,895,EX_o2_e,co-consumed,3.9999999806049624
6897,796,895,EX_orn_e,co-consumed,0.0348428136409918
6898,796,895,EX_pi_e,co-consumed,0.15194507879906127
6899,796,895,EX_pyovd_kt_e,received,0.08161142134172414
6900,796,895,EX_so4_e,co-consumed,0.0006837934442837
6901,796,895,EX_stfrnA_e,received,0.08560896902501572
6902,796,895,EX_stfrnB_e,received,0.08559065192532496
6903,796,895,EX_zn2_e,co-consumed,5.374892246644001e-05
6904,796,1174,EX_acald_e,co-consumed,1.3753633387686748e-06
6905,796,1174,EX_arg__L_e,co-consumed,0.05605769184233719
6906,796,1174,EX_ca2_e,co-consumed,0.000986437759824856
6907,796,1174,EX_cl_e,co-consumed,0.00098643776142874
6908,796,1174,EX_cobalt2_e,co-consumed,1.895173409846e-05
6909,796,1174,EX_cu2_e,co-consumed,0.00013436779475808
6910,796,1174,EX_etoh_e,co-consumed,0.1831971585221885
6911,796,1174,EX_fe2_e,co-consumed,0.0014762008737501159
6912,796,1174,EX_fe3_e,co-consumed,0.252709713225035
6913,796,1174,EX_gly_asn__L_e,co-consumed,0.04568414125757652
6914,796,1174,EX_glyc_e,co-consumed,0.36072456643691775
6915,796,1174,EX_glygln_e,co-consumed,0.32396667529562967
6916,796,1174,EX_h2s_e,provided,0.02916697578508537
6917,796,1174,EX_h_e,co-consumed,3.9999999187499555
6918,796,1174,EX_ile__L_e,co-consumed,0.055060282718296175
6919,796,1174,EX_k_e,co-consumed,0.0369924583388076
6920,796,1174,EX_lys__L_e,co-consumed,0.06503486075269914
6921,796,1174,EX_mg2_e,co-consumed,0.001644062933833644
6922,796,1174,EX_mn2_e,co-consumed,0.00013095648262036002
6923,796,1174,EX_nh4_e,co-consumed,5.81020049542e-06
6924,796,1174,EX_o2_e,co-consumed,4.000000007062814
6925,796,1174,EX_orn_e,received,0.047038335753491874
6926,796,1174,EX_pheme_e,co-consumed,4.2253617028032e-05
6927,796,1174,EX_pi_e,co-consumed,0.18053216455657164
6928,796,1174,EX_pyovd_kt_e,co-consumed,0.08157835839235565
6929,796,1174,EX_so4_e,co-consumed,0.000822122439672656
6930,796,1174,EX_stfrnA_e,co-consumed,0.0855760688585592
6931,796,1174,EX_stfrnB_e,co-consumed,0.08555523452901823
6932,796,1174,EX_ura_e,co-consumed,0.06269127962800343
6933,796,1174,EX_zn2_e,co-consumed,6.4625413275748e-05
6934,796,638,EX_acald_e,received,0.002836909054187548
6935,796,638,EX_arg__L_e,co-consumed,0.06294170452915404
6936,796,638,EX_ca2_e,co-consumed,0.001107574281398108
6937,796,638,EX_cl_e,co-consumed,0.0011075742753872161
6938,796,638,EX_cobalt2_e,co-consumed,2.1279044663959997e-05
6939,796,638,EX_cu2_e,co-consumed,0.000150868424905576
6940,796,638,EX_cys__L_e,co-consumed,0.04019944787330906
6941,796,638,EX_etoh_e,received,6.3958109527e-06
6942,796,638,EX_fe2_e,co-consumed,0.0014762008737501159
6943,796,638,EX_fe3_e,co-consumed,0.2544726661743336
6944,796,638,EX_glygln_e,co-consumed,0.4328202733705334
6945,796,638,EX_h_e,co-consumed,3.9999999187499555
6946,796,638,EX_ile__L_e,co-consumed,0.06182178988472924
6947,796,638,EX_k_e,co-consumed,0.041535205650924285
6948,796,638,EX_lys__L_e,co-consumed,0.07302137681343995
6949,796,638,EX_mal__L_e,co-consumed,0.17541776028121028
6950,796,638,EX_mg2_e,co-consumed,0.001845957120454128
6951,796,638,EX_mn2_e,co-consumed,0.000147038197718252
6952,796,638,EX_nh4_e,co-consumed,5.81020049542e-06
6953,796,638,EX_o2_e,co-consumed,4.0000000003571925
6954,796,638,EX_orn_e,received,0.03645562108615275
6955,796,638,EX_pi_e,co-consumed,0.20513428815441953
6956,796,638,EX_pyovd_kt_e,co-consumed,0.08161142134172414
6957,796,638,EX_so4_e,co-consumed,1.5912159574119968
6958,796,638,EX_stfrnA_e,co-consumed,0.08560896902501572
6959,796,638,EX_stfrnB_e,co-consumed,0.08559065192532496
6960,796,638,EX_zn2_e,co-consumed,7.256154230407201e-05
6961,796,1252,EX_acald_e,co-consumed,0.002836909054187548
6962,796,1252,EX_arg__L_e,co-consumed,0.04958276460367674
6963,796,1252,EX_ca2_e,co-consumed,0.000872499182630916
6964,796,1252,EX_cl_e,co-consumed,0.0008724991859140641
6965,796,1252,EX_cobalt2_e,co-consumed,1.6762632508992e-05
6966,796,1252,EX_cu2_e,co-consumed,0.00011884763121716
6967,796,1252,EX_etoh_e,received,0.1831971585221885
6968,796,1252,EX_fe3_e,co-consumed,0.10010262645074329
6969,796,1252,EX_gal_e,co-consumed,0.12956592926336005
6970,796,1252,EX_gly_asn__L_e,co-consumed,0.040407353390169966
6971,796,1252,EX_glyc_e,co-consumed,2.5718014938363035e-06
6972,796,1252,EX_glygln_e,co-consumed,0.4328202733705334
6973,796,1252,EX_h2s_e,provided,0.025799261722311503
6974,796,1252,EX_h_e,co-consumed,3.9999999187499555
6975,796,1252,EX_ile__L_e,co-consumed,0.04870053056460484
6976,796,1252,EX_indole_e,co-consumed,0.009528431344488265
6977,796,1252,EX_k_e,co-consumed,0.03271964129784373
6978,796,1252,EX_lys__L_e,co-consumed,0.05752308177107786
6979,796,1252,EX_meoh_e,provided,0.00023215479451063202
6980,796,1252,EX_mg2_e,co-consumed,0.001454165301560156
6981,796,1252,EX_mn2_e,co-consumed,0.00011583034153456801
6982,796,1252,EX_nh4_e,received,5.81020049542e-06
6983,796,1252,EX_o2_e,co-consumed,4.000000006593655
6984,796,1252,EX_orn_e,co-consumed,0.03705476110979352
6985,796,1252,EX_pheme_e,co-consumed,3.7374474097828e-05
6986,796,1252,EX_pi_e,co-consumed,0.16625355329077693
6987,796,1252,EX_pyovd_kt_e,co-consumed,0.08161142134172414
6988,796,1252,EX_skm_e,co-consumed,3.605085836898865e-06
6989,796,1252,EX_so4_e,co-consumed,0.0007271911647131201
6990,796,1252,EX_zn2_e,co-consumed,5.7160849428843996e-05
6991,1350,1208,EX_4abut_e,co-consumed,0.000309800583121744
6992,1350,1208,EX_acald_e,co-consumed,0.031528264551958556
6993,1350,1208,EX_acmana_e,co-consumed,0.0051901134277150965
6994,1350,1208,EX_arg__L_e,co-consumed,0.010515392853133068
6995,1350,1208,EX_ca2_e,co-consumed,0.000185037459311756
6996,1350,1208,EX_cit_e,co-consumed,0.00038843042398383203
6997,1350,1208,EX_cl_e,co-consumed,0.00018503746083356002
6998,1350,1208,EX_cobalt2_e,co-consumed,3.554994415211502e-06
6999,1350,1208,EX_cu2_e,co-consumed,2.5204910403848e-05
7000,1350,1208,EX_fe3_e,co-consumed,0.2529801586337414
7001,1350,1208,EX_glyald_e,co-consumed,1.6631856234273665
7002,1350,1208,EX_glygln_e,co-consumed,0.05348671039292357
7003,1350,1208,EX_h2s_e,co-consumed,0.00547056092920584
7004,1350,1208,EX_h_e,received,0.17888914915507573
7005,1350,1208,EX_ile__L_e,co-consumed,0.011053439265323308
7006,1350,1208,EX_k_e,co-consumed,0.006939100248883789
7007,1350,1208,EX_lys__L_e,co-consumed,0.012199306937354772
7008,1350,1208,EX_malt_e,co-consumed,0.015817809174526198
7009,1350,1208,EX_mg2_e,co-consumed,0.000308395771808992
7010,1350,1208,EX_mn2_e,co-consumed,2.4565011409108002e-05
7011,1350,1208,EX_o2_e,co-consumed,3.9999999827833617
7012,1350,1208,EX_pi_e,co-consumed,0.04983466476348048
7013,1350,1208,EX_pyovd_kt_e,co-consumed,0.08157885504853672
7014,1350,1208,EX_ser__L_e,co-consumed,0.16210184535107958
7015,1350,1208,EX_so4_e,co-consumed,0.00015421954251966
7016,1350,1208,EX_stfrnA_e,co-consumed,0.08557217889577441
7017,1350,1208,EX_stfrnB_e,co-consumed,0.08555159790369211
7018,1350,1208,EX_tyr__L_e,co-consumed,0.004910088625336588
7019,1350,1208,EX_zn2_e,co-consumed,1.2122530955867999e-05
7020,1350,1334,EX_4abut_e,co-consumed,0.000309800583121744
7021,1350,1334,EX_arab__L_e,co-consumed,2.4793875828812124e-06
7022,1350,1334,EX_arg__L_e,co-consumed,0.038608070545978
7023,1350,1334,EX_ca2_e,co-consumed,0.000388408448178276
7024,1350,1334,EX_cit_e,co-consumed,0.00038843042398383203
7025,1350,1334,EX_cl_e,co-consumed,0.000388413463840176
7026,1350,1334,EX_cobalt2_e,co-consumed,7.46231436586e-06
7027,1350,1334,EX_cu2_e,co-consumed,5.290780885396e-05
7028,1350,1334,EX_fe3_e,co-consumed,0.2539856748570928
7029,1350,1334,EX_gly_asn__L_e,co-consumed,0.01798827822953449
7030,1350,1334,EX_glyald_e,co-consumed,1.6631856234273665
7031,1350,1334,EX_h2s_e,co-consumed,0.018360240954817714
7032,1350,1334,EX_h_e,co-consumed,0.17888914915507573
7033,1350,1334,EX_ile__L_e,co-consumed,0.016327387249486534
7034,1350,1334,EX_k_e,co-consumed,0.01456591528015751
7035,1350,1334,EX_lys__L_e,received,0.02635395491518484
7036,1350,1334,EX_mal__L_e,provided,3.623053652186e-05
7037,1350,1334,EX_malt_e,co-consumed,0.024316272548759867
7038,1350,1334,EX_mg2_e,co-consumed,0.000647355765087112
7039,1350,1334,EX_mn2_e,co-consumed,5.1564593668596e-05
7040,1350,1334,EX_o2_e,co-consumed,3.9999999947191163
7041,1350,1334,EX_orn_e,provided,0.006236717596360448
7042,1350,1334,EX_pi_e,co-consumed,0.11485945952391907
7043,1350,1334,EX_pyovd_kt_e,co-consumed,0.08164225635842604
7044,1350,1334,EX_ser__L_e,co-consumed,0.16210184535107958
7045,1350,1334,EX_so4_e,co-consumed,0.000323716092813068
7046,1350,1334,EX_stfrnA_e,co-consumed,0.08564058922336161
7047,1350,1334,EX_stfrnB_e,co-consumed,0.08561906502578104
7048,1350,1334,EX_tyr__L_e,co-consumed,0.010290447363563479
7049,1350,1334,EX_zn2_e,co-consumed,2.5446491987588002e-05
7050,1350,397,EX_arg__L_e,co-consumed,0.04480527367546154
7051,1350,397,EX_ca2_e,co-consumed,0.000388408448178276
7052,1350,397,EX_cit_e,co-consumed,0.00038843042398383203
7053,1350,397,EX_cl_e,co-consumed,0.000388413463840176
7054,1350,397,EX_cobalt2_e,co-consumed,7.46231436586e-06
7055,1350,397,EX_cu2_e,co-consumed,5.290780885396e-05
7056,1350,397,EX_fe3_e,co-consumed,0.2539856748570928
7057,1350,397,EX_glyc_e,provided,0.18638663939230632
7058,1350,397,EX_glygln_e,co-consumed,0.1284790199539067
7059,1350,397,EX_gua_e,provided,0.00195256487725718
7060,1350,397,EX_h2s_e,received,0.018360240954817714
7061,1350,397,EX_h_e,co-consumed,0.17888914915507573
7062,1350,397,EX_ile__L_e,co-consumed,0.016327387249486534
7063,1350,397,EX_k_e,co-consumed,0.01456591528015751
7064,1350,397,EX_lys__L_e,co-consumed,0.02635395491518484
7065,1350,397,EX_malt_e,co-consumed,0.024316272548759867
7066,1350,397,EX_mg2_e,co-consumed,0.000647355765087112
7067,1350,397,EX_mn2_e,co-consumed,5.1564593668596e-05
7068,1350,397,EX_nh4_e,provided,0.10453527812462682
7069,1350,397,EX_o2_e,co-consumed,4.000000001268809
7070,1350,397,EX_orn_e,provided,0.006236717596360448
7071,1350,397,EX_pi_e,co-consumed,0.11485945952391907
7072,1350,397,EX_pyovd_kt_e,co-consumed,0.08164225635842604
7073,1350,397,EX_so4_e,co-consumed,0.000323716092813068
7074,1350,397,EX_stfrnA_e,co-consumed,0.08564058922336161
7075,1350,397,EX_stfrnB_e,co-consumed,0.08561906502578104
7076,1350,397,EX_tyr__L_e,co-consumed,0.010290447363563479
7077,1350,397,EX_zn2_e,co-consumed,2.5446491987588002e-05
7078,1350,790,EX_4abut_e,co-consumed,0.000309800583121744
7079,1350,790,EX_acald_e,co-consumed,1.917460305183066
7080,1350,790,EX_arg__L_e,co-consumed,0.04480527367546154
7081,1350,790,EX_ca2_e,co-consumed,0.000388408448178276
7082,1350,790,EX_cl_e,co-consumed,0.000388413463840176
7083,1350,790,EX_cobalt2_e,co-consumed,7.46231436586e-06
7084,1350,790,EX_cu2_e,co-consumed,5.290780885396e-05
7085,1350,790,EX_fe3_e,co-consumed,0.2539856748570928
7086,1350,790,EX_glyald_e,received,1.929223644074665e-06
7087,1350,790,EX_glyc_e,provided,5.115498198920001e-06
7088,1350,790,EX_glygln_e,co-consumed,0.1284790199539067
7089,1350,790,EX_gua_e,provided,1.4960626605072258e-06
7090,1350,790,EX_h2s_e,co-consumed,0.018360240954817714
7091,1350,790,EX_h_e,co-consumed,0.17888914915507573
7092,1350,790,EX_ile__L_e,co-consumed,0.016327387249486534
7093,1350,790,EX_k_e,co-consumed,0.01456591528015751
7094,1350,790,EX_lys__L_e,co-consumed,0.02635395491518484
7095,1350,790,EX_malt_e,co-consumed,0.024316272548759867
7096,1350,790,EX_mg2_e,co-consumed,0.000647355765087112
7097,1350,790,EX_mn2_e,co-consumed,5.1564593668596e-05
7098,1350,790,EX_o2_e,co-consumed,4.000000001268809
7099,1350,790,EX_orn_e,provided,0.006236717596360448
7100,1350,790,EX_pi_e,co-consumed,0.11485945952391907
7101,1350,790,EX_pyovd_kt_e,co-consumed,0.08164225635842604
7102,1350,790,EX_so4_e,co-consumed,0.000323716092813068
7103,1350,790,EX_stfrnA_e,co-consumed,0.08564058922336161
7104,1350,790,EX_stfrnB_e,co-consumed,0.08561906502578104
7105,1350,790,EX_thr__L_e,co-consumed,0.018930339665510935
7106,1350,790,EX_tyr__L_e,received,0.010290447363563479
7107,1350,790,EX_zn2_e,co-consumed,2.5446491987588002e-05
7108,1350,947,EX_acald_e,received,1.917460305183066
7109,1350,947,EX_ala__D_e,received,0.003294716352343764
7110,1350,947,EX_arg__L_e,co-consumed,0.04480527367546154
7111,1350,947,EX_ca2_e,co-consumed,0.000388408448178276
7112,1350,947,EX_cit_e,co-consumed,0.00038843042398383203
7113,1350,947,EX_cl_e,co-consumed,0.000388413463840176
7114,1350,947,EX_cobalt2_e,co-consumed,7.46231436586e-06
7115,1350,947,EX_cu2_e,co-consumed,5.290780885396e-05
7116,1350,947,EX_fe3_e,co-consumed,0.2539856748570928
7117,1350,947,EX_gly_asn__L_e,co-consumed,0.01798827822953449
7118,1350,947,EX_glyc_e,provided,1.5954828384321473
7119,1350,947,EX_glygln_e,co-consumed,0.1284790199539067
7120,1350,947,EX_h2s_e,co-consumed,0.018360240954817714
7121,1350,947,EX_h_e,co-consumed,0.17888914915507573
7122,1350,947,EX_k_e,co-consumed,0.01456591528015751
7123,1350,947,EX_lys__L_e,co-consumed,0.02635395491518484
7124,1350,947,EX_mg2_e,co-consumed,0.000647355765087112
7125,1350,947,EX_mn2_e,co-consumed,5.1564593668596e-05
7126,1350,947,EX_nh4_e,provided,0.10453527812462682
7127,1350,947,EX_o2_e,co-consumed,4.000000001268809
7128,1350,947,EX_pi_e,co-consumed,0.11485945952391907
7129,1350,947,EX_pyovd_kt_e,co-consumed,0.08164225635842604
7130,1350,947,EX_so4_e,co-consumed,0.000323716092813068
7131,1350,947,EX_stfrnA_e,co-consumed,0.08564058922336161
7132,1350,947,EX_stfrnB_e,co-consumed,0.08561906502578104
7133,1350,947,EX_zn2_e,co-consumed,2.5446491987588002e-05
7134,1350,997,EX_acald_e,co-consumed,0.6015655253815413
7135,1350,997,EX_arg__L_e,co-consumed,0.04480527367546154
7136,1350,997,EX_ca2_e,co-consumed,0.000388408448178276
7137,1350,997,EX_cl_e,co-consumed,0.000388413463840176
7138,1350,997,EX_cobalt2_e,co-consumed,7.46231436586e-06
7139,1350,997,EX_cu2_e,co-consumed,5.290780885396e-05
7140,1350,997,EX_fe3_e,co-consumed,0.09940322317984002
7141,1350,997,EX_gly_asn__L_e,co-consumed,0.01798827822953449
7142,1350,997,EX_glyald_e,received,9.487526180424001e-06
7143,1350,997,EX_glyc_e,provided,0.027880222580512305
7144,1350,997,EX_glygln_e,co-consumed,0.1284790199539067
7145,1350,997,EX_gua_e,provided,0.00195256487725718
7146,1350,997,EX_h2s_e,co-consumed,0.018360240954817714
7147,1350,997,EX_h_e,co-consumed,0.17888914915507573
7148,1350,997,EX_ile__L_e,co-consumed,0.016327387249486534
7149,1350,997,EX_k_e,co-consumed,0.01456591528015751
7150,1350,997,EX_lys__L_e,co-consumed,0.02635395491518484
7151,1350,997,EX_mg2_e,co-consumed,0.000647355765087112
7152,1350,997,EX_mn2_e,co-consumed,5.1564593668596e-05
7153,1350,997,EX_o2_e,co-consumed,4.000000001268809
7154,1350,997,EX_orn_e,provided,0.006236717596360448
7155,1350,997,EX_pyovd_kt_e,co-consumed,0.08164225635842604
7156,1350,997,EX_ser__L_e,co-consumed,0.09015960816453393
7157,1350,997,EX_so4_e,co-consumed,0.000323716092813068
7158,1350,997,EX_thm_e,co-consumed,1.6419537479584e-05
7159,1350,997,EX_tyr__L_e,co-consumed,0.010290447363563479
7160,1350,997,EX_ura_e,received,0.0019525092422970841
7161,1350,997,EX_zn2_e,co-consumed,2.5446491987588002e-05
7162,1350,1114,EX_abt__L_e,provided,1.280103500788581e-06
7163,1350,1114,EX_acmana_e,co-consumed,0.002288107144824404
7164,1350,1114,EX_arab__L_e,received,2.4793875828812124e-06
7165,1350,1114,EX_arg__L_e,co-consumed,0.0046357303882063276
7166,1350,1114,EX_ca2_e,co-consumed,8.157368052924399e-05
7167,1350,1114,EX_cl_e,co-consumed,8.1573673573936e-05
7168,1350,1114,EX_cobalt2_e,co-consumed,1.5672176856355215e-06
7169,1350,1114,EX_cu2_e,co-consumed,1.0660673623368001e-05
7170,1350,1114,EX_fe3_e,co-consumed,0.2526625386113989
7171,1350,1114,EX_gal_e,received,0.015297723096571323
7172,1350,1114,EX_gly_asn__L_e,co-consumed,0.003777855372185156
7173,1350,1114,EX_glyald_e,received,1.6631856234273665
7174,1350,1114,EX_glyc_e,provided,1.5954828384321473
7175,1350,1114,EX_glygln_e,co-consumed,0.042553588203818285
7176,1350,1114,EX_h2s_e,co-consumed,0.0038483196513773637
7177,1350,1114,EX_h_e,received,0.00112623464957868
7178,1350,1114,EX_ile__L_e,co-consumed,0.004872935060638228
7179,1350,1114,EX_k_e,co-consumed,0.003059099217122536
7180,1350,1114,EX_lys__L_e,co-consumed,0.005534792074785936
7181,1350,1114,EX_malt_e,co-consumed,0.024316272548759867
7182,1350,1114,EX_mg2_e,co-consumed,0.000135956138154524
7183,1350,1114,EX_mn2_e,co-consumed,1.082947420774e-05
7184,1350,1114,EX_o2_e,co-consumed,3.8457435539662432
7185,1350,1114,EX_orn_e,provided,0.003464318233193924
7186,1350,1114,EX_pyovd_kt_e,co-consumed,0.08153202518695611
7187,1350,1114,EX_so4_e,co-consumed,6.7900542683388e-05
7188,1350,1114,EX_stfrnA_e,co-consumed,0.08551769571185876
7189,1350,1114,EX_stfrnB_e,co-consumed,0.0854905751777392
7190,1350,1114,EX_thm_e,co-consumed,3.4862392137499753e-06
7191,1350,1114,EX_thr__L_e,co-consumed,0.003975755864866173
7192,1350,1114,EX_tyr__L_e,co-consumed,0.002161134730962664
7193,1350,1114,EX_zn2_e,co-consumed,5.344212308016e-06
7194,1350,1362,EX_4abut_e,co-consumed,0.000309800583121744
7195,1350,1362,EX_acald_e,received,1.917460305183066
7196,1350,1362,EX_acmana_e,co-consumed,0.010894953243991508
7197,1350,1362,EX_arg__L_e,co-consumed,0.04480527367546154
7198,1350,1362,EX_ca2_e,co-consumed,0.000388408448178276
7199,1350,1362,EX_cl_e,co-consumed,0.000388413463840176
7200,1350,1362,EX_cobalt2_e,co-consumed,7.46231436586e-06
7201,1350,1362,EX_cu2_e,co-consumed,5.290780885396e-05
7202,1350,1362,EX_fe3_e,co-consumed,0.10109349937422764
7203,1350,1362,EX_for_e,provided,0.00010146007375620399
7204,1350,1362,EX_gly_asn__L_e,co-consumed,0.01798827822953449
7205,1350,1362,EX_glyald_e,received,1.6631856234273665
7206,1350,1362,EX_glyc_e,provided,1.5954828384321473
7207,1350,1362,EX_gua_e,provided,0.00195256487725718
7208,1350,1362,EX_h2s_e,received,0.018360240954817714
7209,1350,1362,EX_h_e,co-consumed,0.17888914915507573
7210,1350,1362,EX_k_e,co-consumed,0.01456591528015751
7211,1350,1362,EX_mg2_e,co-consumed,0.000647355765087112
7212,1350,1362,EX_mn2_e,co-consumed,5.1564593668596e-05
7213,1350,1362,EX_nh4_e,provided,0.01835854082437485
7214,1350,1362,EX_o2_e,co-consumed,4.000000001268809
7215,1350,1362,EX_pi_e,co-consumed,0.11485945952391907
7216,1350,1362,EX_pyovd_kt_e,co-consumed,0.08164225635842604
7217,1350,1362,EX_so4_e,co-consumed,0.000323716092813068
7218,1350,1362,EX_zn2_e,co-consumed,2.5446491987588002e-05
7219,1350,428,EX_acald_e,co-consumed,1.917460305183066
7220,1350,428,EX_arg__L_e,co-consumed,0.04480527367546154
7221,1350,428,EX_ca2_e,co-consumed,0.000388408448178276
7222,1350,428,EX_cl_e,co-consumed,0.000388413463840176
7223,1350,428,EX_cobalt2_e,co-consumed,7.46231436586e-06
7224,1350,428,EX_cu2_e,co-consumed,5.290780885396e-05
7225,1350,428,EX_fe3_e,co-consumed,0.2539856748570928
7226,1350,428,EX_gly_asn__L_e,co-consumed,0.01798827822953449
7227,1350,428,EX_glyc_e,provided,1.5954828384321473
7228,1350,428,EX_glygln_e,co-consumed,0.1284790199539067
7229,1350,428,EX_h2s_e,co-consumed,0.018360240954817714
7230,1350,428,EX_h_e,co-consumed,0.17888914915507573
7231,1350,428,EX_ile__L_e,co-consumed,0.016327387249486534
7232,1350,428,EX_k_e,co-consumed,0.01456591528015751
7233,1350,428,EX_lys__L_e,co-consumed,0.02635395491518484
7234,1350,428,EX_malt_e,co-consumed,0.024316272548759867
7235,1350,428,EX_mg2_e,co-consumed,0.000647355765087112
7236,1350,428,EX_mn2_e,co-consumed,5.1564593668596e-05
7237,1350,428,EX_nh4_e,provided,0.10453527812462682
7238,1350,428,EX_o2_e,co-consumed,4.000000001268809
7239,1350,428,EX_pi_e,co-consumed,0.11485945952391907
7240,1350,428,EX_pyovd_kt_e,co-consumed,0.08164225635842604
7241,1350,428,EX_ser__L_e,co-consumed,0.16210184535107958
7242,1350,428,EX_so4_e,co-consumed,0.000323716092813068
7243,1350,428,EX_stfrnA_e,co-consumed,0.08564058922336161
7244,1350,428,EX_stfrnB_e,co-consumed,0.08561906502578104
7245,1350,428,EX_tyr__L_e,co-consumed,0.010290447363563479
7246,1350,428,EX_ura_e,co-consumed,0.0019525092422970841
7247,1350,428,EX_zn2_e,co-consumed,2.5446491987588002e-05
7248,1350,796,EX_acald_e,co-consumed,0.002836909054187548
7249,1350,796,EX_arg__L_e,co-consumed,0.04480527367546154
7250,1350,796,EX_ca2_e,co-consumed,0.000388408448178276
7251,1350,796,EX_cl_e,co-consumed,0.000388413463840176
7252,1350,796,EX_cobalt2_e,co-consumed,7.46231436586e-06
7253,1350,796,EX_cu2_e,co-consumed,5.290780885396e-05
7254,1350,796,EX_fe3_e,co-consumed,0.2539856748570928
7255,1350,796,EX_gal_e,co-consumed,0.015297723096571323
7256,1350,796,EX_gly_asn__L_e,co-consumed,0.01798827822953449
7257,1350,796,EX_glyald_e,received,1.1439502850731953
7258,1350,796,EX_glyc_e,provided,1.5954828384321473
7259,1350,796,EX_glygln_e,co-consumed,0.1284790199539067
7260,1350,796,EX_h2s_e,received,0.018360240954817714
7261,1350,796,EX_h_e,co-consumed,0.17888914915507573
7262,1350,796,EX_ile__L_e,co-consumed,0.016327387249486534
7263,1350,796,EX_k_e,co-consumed,0.01456591528015751
7264,1350,796,EX_lys__L_e,co-consumed,0.02635395491518484
7265,1350,796,EX_mal__L_e,provided,3.623053652186e-05
7266,1350,796,EX_mg2_e,co-consumed,0.000647355765087112
7267,1350,796,EX_mn2_e,co-consumed,5.1564593668596e-05
7268,1350,796,EX_nh4_e,provided,5.81020049542e-06
7269,1350,796,EX_o2_e,co-consumed,4.000000001268809
7270,1350,796,EX_orn_e,provided,0.006236717596360448
7271,1350,796,EX_pi_e,co-consumed,0.11485945952391907
7272,1350,796,EX_pyovd_kt_e,co-consumed,0.08161142134172414
7273,1350,796,EX_skm_e,co-consumed,0.018123767305715348
7274,1350,796,EX_so4_e,co-consumed,0.000323716092813068
7275,1350,796,EX_stfrnA_e,co-consumed,0.08560896902501572
7276,1350,796,EX_stfrnB_e,co-consumed,0.08559065192532496
7277,1350,796,EX_ura_e,co-consumed,0.0019525092422970841
7278,1350,796,EX_zn2_e,co-consumed,2.5446491987588002e-05
7279,1350,262,EX_acald_e,co-consumed,1.917460305183066
7280,1350,262,EX_adn_e,provided,1.658415016889638e-06
7281,1350,262,EX_arg__L_e,co-consumed,0.04480527367546154
7282,1350,262,EX_ca2_e,co-consumed,0.000388408448178276
7283,1350,262,EX_cl_e,co-consumed,0.000388413463840176
7284,1350,262,EX_cobalt2_e,co-consumed,7.46231436586e-06
7285,1350,262,EX_cu2_e,co-consumed,5.290780885396e-05
7286,1350,262,EX_fe3_e,co-consumed,0.09825562569376221
7287,1350,262,EX_gly_asn__L_e,co-consumed,0.01798827822953449
7288,1350,262,EX_glyald_e,co-consumed,0.03544535160748722
7289,1350,262,EX_gua_e,provided,0.00195256487725718
7290,1350,262,EX_h2s_e,co-consumed,0.018360240954817714
7291,1350,262,EX_h_e,co-consumed,0.17888914915507573
7292,1350,262,EX_ile__L_e,co-consumed,0.016327387249486534
7293,1350,262,EX_k_e,co-consumed,0.01456591528015751
7294,1350,262,EX_lys__L_e,co-consumed,0.02635395491518484
7295,1350,262,EX_mg2_e,co-consumed,0.000647355765087112
7296,1350,262,EX_mn2_e,co-consumed,5.1564593668596e-05
7297,1350,262,EX_nh4_e,provided,0.10453527812462682
7298,1350,262,EX_o2_e,co-consumed,4.000000001268809
7299,1350,262,EX_pi_e,co-consumed,0.11485945952391907
7300,1350,262,EX_pyovd_kt_e,co-consumed,0.08164225635842604
7301,1350,262,EX_ser__L_e,co-consumed,0.16210184535107958
7302,1350,262,EX_so4_e,co-consumed,0.000323716092813068
7303,1350,262,EX_tyr__L_e,co-consumed,0.010290447363563479
7304,1350,262,EX_ura_e,co-consumed,0.0019525092422970841
7305,1350,262,EX_xyl__D_e,received,1.7936077270873327e-06
7306,1350,262,EX_zn2_e,co-consumed,2.5446491987588002e-05
7307,1350,978,EX_acald_e,co-consumed,1.917460305183066
7308,1350,978,EX_ala__L_e,co-consumed,0.047262238141825307
7309,1350,978,EX_arg__L_e,co-consumed,0.03493271998263871
7310,1350,978,EX_ca2_e,co-consumed,0.000388408448178276
7311,1350,978,EX_cl_e,co-consumed,0.000388413463840176
7312,1350,978,EX_cobalt2_e,co-consumed,7.46231436586e-06
7313,1350,978,EX_cu2_e,co-consumed,5.290780885396e-05
7314,1350,978,EX_fe3_e,co-consumed,0.2539856748570928
7315,1350,978,EX_gal_e,co-consumed,0.015297723096571323
7316,1350,978,EX_glyc_e,provided,0.24764740041469416
7317,1350,978,EX_glygln_e,co-consumed,0.1284790199539067
7318,1350,978,EX_h2s_e,co-consumed,0.018360240954817714
7319,1350,978,EX_h_e,co-consumed,0.17888914915507573
7320,1350,978,EX_ile__L_e,co-consumed,0.016327387249486534
7321,1350,978,EX_k_e,co-consumed,0.01456591528015751
7322,1350,978,EX_lys__L_e,co-consumed,0.02635395491518484
7323,1350,978,EX_mg2_e,co-consumed,0.000647355765087112
7324,1350,978,EX_mn2_e,co-consumed,5.1564593668596e-05
7325,1350,978,EX_nh4_e,provided,0.10453527812462682
7326,1350,978,EX_o2_e,co-consumed,3.999999987126816
7327,1350,978,EX_orn_e,provided,0.006236717596360448
7328,1350,978,EX_pi_e,co-consumed,0.11485945952391907
7329,1350,978,EX_pyovd_kt_e,co-consumed,0.08164225635842604
7330,1350,978,EX_ser__L_e,co-consumed,0.09209531243799896
7331,1350,978,EX_so4_e,co-consumed,0.000323716092813068
7332,1350,978,EX_stfrnA_e,co-consumed,0.08564058922336161
7333,1350,978,EX_stfrnB_e,co-consumed,0.08561906502578104
7334,1350,978,EX_thm_e,co-consumed,1.6419537479584e-05
7335,1350,978,EX_thr__L_e,co-consumed,0.018930339665510935
7336,1350,978,EX_zn2_e,co-consumed,2.5446491987588002e-05
7337,1350,1338,EX_acald_e,received,1.917460305183066
7338,1350,1338,EX_arg__L_e,co-consumed,0.04480527367546154
7339,1350,1338,EX_ca2_e,co-consumed,0.000388408448178276
7340,1350,1338,EX_cl_e,co-consumed,0.000388413463840176
7341,1350,1338,EX_cobalt2_e,co-consumed,7.46231436586e-06
7342,1350,1338,EX_cu2_e,co-consumed,5.290780885396e-05
7343,1350,1338,EX_fe3_e,co-consumed,0.10098779478597139
7344,1350,1338,EX_gly_asn__L_e,co-consumed,0.01798827822953449
7345,1350,1338,EX_glyald_e,received,1.6631856234273665
7346,1350,1338,EX_glyc_e,provided,1.5954828384321473
7347,1350,1338,EX_gua_e,provided,0.00195256487725718
7348,1350,1338,EX_h2s_e,co-consumed,0.018360240954817714
7349,1350,1338,EX_h_e,co-consumed,0.17888914915507573
7350,1350,1338,EX_ile__L_e,co-consumed,0.016327387249486534
7351,1350,1338,EX_k_e,co-consumed,0.01456591528015751
7352,1350,1338,EX_lys__L_e,co-consumed,0.02635395491518484
7353,1350,1338,EX_mal__L_e,provided,1.0846396296286787e-06
7354,1350,1338,EX_mg2_e,co-consumed,0.000647355765087112
7355,1350,1338,EX_mn2_e,co-consumed,5.1564593668596e-05
7356,1350,1338,EX_o2_e,co-consumed,4.000000001268809
7357,1350,1338,EX_orn_e,provided,0.006236717596360448
7358,1350,1338,EX_pi_e,co-consumed,0.11485945952391907
7359,1350,1338,EX_pyovd_kt_e,co-consumed,0.08164225635842604
7360,1350,1338,EX_ser__L_e,co-consumed,0.16210184535107958
7361,1350,1338,EX_so4_e,co-consumed,0.000323716092813068
7362,1350,1338,EX_tyr__L_e,co-consumed,0.010290447363563479
7363,1350,1338,EX_zn2_e,co-consumed,2.5446491987588002e-05
7364,1350,1357,EX_acald_e,co-consumed,1.35859842204089
7365,1350,1357,EX_ala__L_e,co-consumed,0.047262238141825307
7366,1350,1357,EX_arg__L_e,co-consumed,0.04480527367546154
7367,1350,1357,EX_ca2_e,co-consumed,0.000388408448178276
7368,1350,1357,EX_cl_e,co-consumed,0.000388413463840176
7369,1350,1357,EX_cobalt2_e,co-consumed,7.46231436586e-06
7370,1350,1357,EX_cu2_e,co-consumed,5.290780885396e-05
7371,1350,1357,EX_fe3_e,co-consumed,0.09943419479300797
7372,1350,1357,EX_for_e,provided,0.00010146007375620399
7373,1350,1357,EX_glyc_e,provided,0.2992554826238624
7374,1350,1357,EX_glygln_e,co-consumed,0.1284790199539067
7375,1350,1357,EX_h2s_e,co-consumed,0.018360240954817714
7376,1350,1357,EX_h_e,co-consumed,0.17888914915507573
7377,1350,1357,EX_ile__L_e,co-consumed,0.016327387249486534
7378,1350,1357,EX_k_e,co-consumed,0.01456591528015751
7379,1350,1357,EX_lys__L_e,co-consumed,0.02635395491518484
7380,1350,1357,EX_mg2_e,co-consumed,0.000647355765087112
7381,1350,1357,EX_mn2_e,co-consumed,5.1564593668596e-05
7382,1350,1357,EX_o2_e,co-consumed,4.000000001268809
7383,1350,1357,EX_orn_e,provided,0.006236717596360448
7384,1350,1357,EX_pi_e,co-consumed,0.11485945952391907
7385,1350,1357,EX_pyovd_kt_e,co-consumed,0.08164225635842604
7386,1350,1357,EX_skm_e,co-consumed,0.016897642970363894
7387,1350,1357,EX_so4_e,co-consumed,0.000323716092813068
7388,1350,1357,EX_tyr__L_e,co-consumed,0.010290447363563479
7389,1350,1357,EX_zn2_e,co-consumed,2.5446491987588002e-05
7390,1350,2751,EX_fe3_e,co-consumed,0.25214261553782036
7391,1350,2751,EX_glyald_e,received,1.6631856234273665
7392,1350,2751,EX_glyc_e,provided,1.5954828384321473
7393,1350,2751,EX_h2s_e,co-consumed,0.018360240954817714
7394,1350,2751,EX_h_e,received,0.17888914915507573
7395,1350,2751,EX_malt_e,co-consumed,0.024316272548759867
7396,1350,2751,EX_nh4_e,provided,0.10453527812462682
7397,1350,2751,EX_o2_e,co-consumed,3.999999925117265
7398,1350,2751,EX_pyovd_kt_e,co-consumed,0.08140781945174283
7399,1350,2751,EX_stfrnA_e,co-consumed,0.0853751819941325
7400,1350,2751,EX_stfrnB_e,co-consumed,0.08535991256867606
7401,1350,709,EX_4abut_e,co-consumed,2.5063224133102334e-06
7402,1350,709,EX_acald_e,co-consumed,1.917460305183066
7403,1350,709,EX_ala__L_e,co-consumed,0.047262238141825307
7404,1350,709,EX_arg__L_e,received,0.04480527367546154
7405,1350,709,EX_co2_e,provided,3.9999992468984384
7406,1350,709,EX_fe3_e,co-consumed,0.25283877006317557
7407,1350,709,EX_glyald_e,co-consumed,1.6631856234273665
7408,1350,709,EX_h2s_e,co-consumed,0.018360240954817714
7409,1350,709,EX_h_e,co-consumed,0.17888914915507573
7410,1350,709,EX_mal__L_e,provided,2.8896912308811998e-05
7411,1350,709,EX_nh4_e,provided,1.2529140989344e-05
7412,1350,709,EX_o2_e,co-consumed,3.9999999885236144
7413,1350,709,EX_orn_e,provided,0.006236717596360448
7414,1350,709,EX_pi_e,received,1.2724910709637248e-06
7415,1350,709,EX_pyovd_kt_e,co-consumed,0.08162271012892948
7416,1350,709,EX_ser__L_e,co-consumed,0.16210184535107958
7417,1350,709,EX_stfrnA_e,co-consumed,0.08561876966794828
7418,1350,709,EX_stfrnB_e,co-consumed,0.08559728795379533
7419,1350,1080,EX_acald_e,co-consumed,1.917460305183066
7420,1350,1080,EX_arg__L_e,co-consumed,0.04480527367546154
7421,1350,1080,EX_ca2_e,co-consumed,0.000388408448178276
7422,1350,1080,EX_cl_e,co-consumed,0.000388413463840176
7423,1350,1080,EX_cobalt2_e,co-consumed,7.46231436586e-06
7424,1350,1080,EX_cu2_e,co-consumed,5.290780885396e-05
7425,1350,1080,EX_fe3_e,co-consumed,0.2539856748570928
7426,1350,1080,EX_gal_e,co-consumed,0.015297723096571323
7427,1350,1080,EX_gly_asn__L_e,co-consumed,0.01798827822953449
7428,1350,1080,EX_glyald_e,co-consumed,1.6631856234273665
7429,1350,1080,EX_glygln_e,co-consumed,0.1284790199539067
7430,1350,1080,EX_h2s_e,co-consumed,0.018360240954817714
7431,1350,1080,EX_h_e,co-consumed,0.17888914915507573
7432,1350,1080,EX_ile__L_e,co-consumed,0.016327387249486534
7433,1350,1080,EX_k_e,co-consumed,0.01456591528015751
7434,1350,1080,EX_malt_e,co-consumed,0.024316272548759867
7435,1350,1080,EX_mg2_e,co-consumed,0.000647355765087112
7436,1350,1080,EX_mn2_e,co-consumed,5.1564593668596e-05
7437,1350,1080,EX_o2_e,co-consumed,4.000000001268809
7438,1350,1080,EX_pi_e,co-consumed,0.11485945952391907
7439,1350,1080,EX_pyovd_kt_e,co-consumed,0.08162460805035757
7440,1350,1080,EX_ser__L_e,co-consumed,0.1556379087786258
7441,1350,1080,EX_so4_e,co-consumed,0.000323716092813068
7442,1350,1080,EX_stfrnA_e,co-consumed,0.08562607366209049
7443,1350,1080,EX_stfrnB_e,co-consumed,0.08560076402816279
7444,1350,1080,EX_thm_e,co-consumed,1.6419537479584e-05
7445,1350,1080,EX_tyr__L_e,co-consumed,0.010290447363563479
7446,1350,1080,EX_zn2_e,co-consumed,2.5446491987588002e-05
7447,1350,1234,EX_acald_e,received,1.917460305183066
7448,1350,1234,EX_arg__L_e,co-consumed,0.04480527367546154
7449,1350,1234,EX_ca2_e,co-consumed,0.000388408448178276
7450,1350,1234,EX_cit_e,co-consumed,0.00038843042398383203
7451,1350,1234,EX_cl_e,co-consumed,0.000388413463840176
7452,1350,1234,EX_cobalt2_e,co-consumed,7.46231436586e-06
7453,1350,1234,EX_cu2_e,co-consumed,5.290780885396e-05
7454,1350,1234,EX_fe3_e,co-consumed,0.1012688559048006
7455,1350,1234,EX_gly_asn__L_e,co-consumed,0.01798827822953449
7456,1350,1234,EX_glyc_e,provided,1.5041397989079013
7457,1350,1234,EX_glygln_e,co-consumed,0.1284790199539067
7458,1350,1234,EX_h2s_e,co-consumed,0.018360240954817714
7459,1350,1234,EX_h_e,co-consumed,0.17888914915507573
7460,1350,1234,EX_ile__L_e,co-consumed,0.016327387249486534
7461,1350,1234,EX_k_e,co-consumed,0.01456591528015751
7462,1350,1234,EX_lys__L_e,co-consumed,0.02635395491518484
7463,1350,1234,EX_malt_e,co-consumed,0.024316272548759867
7464,1350,1234,EX_mg2_e,co-consumed,0.000647355765087112
7465,1350,1234,EX_mn2_e,co-consumed,5.1564593668596e-05
7466,1350,1234,EX_nh4_e,provided,0.10453527812462682
7467,1350,1234,EX_o2_e,co-consumed,4.000000001268809
7468,1350,1234,EX_orn_e,provided,0.006236717596360448
7469,1350,1234,EX_pi_e,co-consumed,0.11485945952391907
7470,1350,1234,EX_pyovd_kt_e,co-consumed,0.08164225635842604
7471,1350,1234,EX_so4_e,co-consumed,0.000323716092813068
7472,1350,1234,EX_tyr__L_e,co-consumed,0.010290447363563479
7473,1350,1234,EX_zn2_e,co-consumed,2.5446491987588002e-05
7474,1350,459,EX_acald_e,received,1.917460305183066
7475,1350,459,EX_arg__L_e,co-consumed,0.04480527367546154
7476,1350,459,EX_ca2_e,co-consumed,0.000388408448178276
7477,1350,459,EX_cl_e,co-consumed,0.000388413463840176
7478,1350,459,EX_cobalt2_e,co-consumed,7.46231436586e-06
7479,1350,459,EX_cu2_e,co-consumed,5.290780885396e-05
7480,1350,459,EX_fe3_e,co-consumed,0.09975758485025954
7481,1350,459,EX_gly_asn__L_e,co-consumed,0.01798827822953449
7482,1350,459,EX_glyc_e,provided,0.5603564379780037
7483,1350,459,EX_glygln_e,co-consumed,0.1284790199539067
7484,1350,459,EX_h2s_e,co-consumed,0.018360240954817714
7485,1350,459,EX_h_e,co-consumed,0.17888914915507573
7486,1350,459,EX_ile__L_e,co-consumed,0.016327387249486534
7487,1350,459,EX_k_e,co-consumed,0.01456591528015751
7488,1350,459,EX_lys__L_e,co-consumed,0.02635395491518484
7489,1350,459,EX_mg2_e,co-consumed,0.000647355765087112
7490,1350,459,EX_mn2_e,co-consumed,5.1564593668596e-05
7491,1350,459,EX_nh4_e,provided,0.10453527812462682
7492,1350,459,EX_o2_e,co-consumed,4.000000001268809
7493,1350,459,EX_orn_e,provided,1.308345766382397e-06
7494,1350,459,EX_pi_e,co-consumed,0.11485945952391907
7495,1350,459,EX_pyovd_kt_e,co-consumed,0.08164225635842604
7496,1350,459,EX_so4_e,co-consumed,0.000323716092813068
7497,1350,459,EX_tyr__L_e,co-consumed,0.010290447363563479
7498,1350,459,EX_ura_e,co-consumed,0.0019525092422970841
7499,1350,459,EX_zn2_e,co-consumed,2.5446491987588002e-05
7500,1350,939,EX_acald_e,co-consumed,1.917460305183066
7501,1350,939,EX_arg__L_e,co-consumed,0.04480527367546154
7502,1350,939,EX_ca2_e,co-consumed,0.000388408448178276
7503,1350,939,EX_cit_e,co-consumed,0.00038843042398383203
7504,1350,939,EX_cl_e,co-consumed,0.000388413463840176
7505,1350,939,EX_co2_e,provided,3.9999931267347986
7506,1350,939,EX_cobalt2_e,co-consumed,7.46231436586e-06
7507,1350,939,EX_cu2_e,co-consumed,5.290780885396e-05
7508,1350,939,EX_fe3_e,co-consumed,0.2539856748570928
7509,1350,939,EX_gly_asn__L_e,co-consumed,0.01798827822953449
7510,1350,939,EX_glygln_e,co-consumed,0.1284790199539067
7511,1350,939,EX_h2s_e,co-consumed,0.018360240954817714
7512,1350,939,EX_h_e,co-consumed,0.17888914915507573
7513,1350,939,EX_ile__L_e,co-consumed,0.016327387249486534
7514,1350,939,EX_k_e,co-consumed,0.01456591528015751
7515,1350,939,EX_malt_e,co-consumed,0.024316272548759867
7516,1350,939,EX_mg2_e,co-consumed,0.000647355765087112
7517,1350,939,EX_mn2_e,co-consumed,5.1564593668596e-05
7518,1350,939,EX_o2_e,co-consumed,4.000000001268809
7519,1350,939,EX_pi_e,co-consumed,0.11485945952391907
7520,1350,939,EX_pyovd_kt_e,co-consumed,0.08164225635842604
7521,1350,939,EX_so4_e,co-consumed,0.000323716092813068
7522,1350,939,EX_stfrnA_e,co-consumed,0.08564058922336161
7523,1350,939,EX_stfrnB_e,co-consumed,0.08561906502578104
7524,1350,939,EX_thm_e,co-consumed,1.6419537479584e-05
7525,1350,939,EX_tyr__L_e,co-consumed,0.010290447363563479
7526,1350,939,EX_ura_e,co-consumed,0.0019525092422970841
7527,1350,939,EX_zn2_e,co-consumed,2.5446491987588002e-05
7528,1350,1101,EX_acald_e,co-consumed,1.7386622935093572
7529,1350,1101,EX_arg__L_e,co-consumed,0.04480527367546154
7530,1350,1101,EX_ca2_e,co-consumed,0.000388408448178276
7531,1350,1101,EX_cl_e,co-consumed,0.000388413463840176
7532,1350,1101,EX_cobalt2_e,co-consumed,7.46231436586e-06
7533,1350,1101,EX_cu2_e,co-consumed,5.290780885396e-05
7534,1350,1101,EX_fe3_e,co-consumed,0.09965199913962736
7535,1350,1101,EX_gly_asn__L_e,co-consumed,0.01798827822953449
7536,1350,1101,EX_glyc_e,provided,0.8585038357276302
7537,1350,1101,EX_glygln_e,co-consumed,0.1284790199539067
7538,1350,1101,EX_gua_e,provided,0.00195256487725718
7539,1350,1101,EX_h2s_e,co-consumed,0.018360240954817714
7540,1350,1101,EX_h_e,co-consumed,0.17888914915507573
7541,1350,1101,EX_ile__L_e,co-consumed,0.016327387249486534
7542,1350,1101,EX_k_e,co-consumed,0.01456591528015751
7543,1350,1101,EX_lys__L_e,co-consumed,0.02635395491518484
7544,1350,1101,EX_mg2_e,co-consumed,0.000647355765087112
7545,1350,1101,EX_mn2_e,co-consumed,5.1564593668596e-05
7546,1350,1101,EX_nh4_e,provided,0.10453527812462682
7547,1350,1101,EX_o2_e,co-consumed,4.000000001268809
7548,1350,1101,EX_orn_e,provided,0.006236717596360448
7549,1350,1101,EX_pi_e,co-consumed,0.11485945952391907
7550,1350,1101,EX_pyovd_kt_e,co-consumed,0.08164225635842604
7551,1350,1101,EX_so4_e,co-consumed,0.000323716092813068
7552,1350,1101,EX_thm_e,received,1.6419537479584e-05
7553,1350,1101,EX_tyr__L_e,co-consumed,0.010290447363563479
7554,1350,1101,EX_ura_e,co-consumed,0.0019525092422970841
7555,1350,1101,EX_zn2_e,co-consumed,2.5446491987588002e-05
7556,1350,895,EX_acald_e,co-consumed,1.917460305183066
7557,1350,895,EX_ala__L_e,co-consumed,0.047262238141825307
7558,1350,895,EX_arg__L_e,co-consumed,0.04480527367546154
7559,1350,895,EX_ca2_e,co-consumed,0.000388408448178276
7560,1350,895,EX_cit_e,co-consumed,0.00038843042398383203
7561,1350,895,EX_cl_e,co-consumed,0.000388413463840176
7562,1350,895,EX_cobalt2_e,co-consumed,7.46231436586e-06
7563,1350,895,EX_cu2_e,co-consumed,5.290780885396e-05
7564,1350,895,EX_fe3_e,co-consumed,0.2539856748570928
7565,1350,895,EX_fe3pyovd_kt_e,provided,0.08164225639464798
7566,1350,895,EX_gal_e,co-consumed,0.015297723096571323
7567,1350,895,EX_gly_asn__L_e,co-consumed,0.01798827822953449
7568,1350,895,EX_glygln_e,co-consumed,0.1284790199539067
7569,1350,895,EX_h2s_e,co-consumed,0.018360240954817714
7570,1350,895,EX_h_e,received,0.17888914915507573
7571,1350,895,EX_istfrnA_e,provided,0.08564058922336149
7572,1350,895,EX_istfrnB_e,provided,0.08561906502445447
7573,1350,895,EX_k_e,co-consumed,0.01456591528015751
7574,1350,895,EX_lys__L_e,co-consumed,0.02635395491518484
7575,1350,895,EX_mal__L_e,provided,3.623053652186e-05
7576,1350,895,EX_mg2_e,co-consumed,0.000647355765087112
7577,1350,895,EX_mn2_e,co-consumed,5.1564593668596e-05
7578,1350,895,EX_o2_e,co-consumed,3.9999999806049624
7579,1350,895,EX_orn_e,provided,0.006236717596360448
7580,1350,895,EX_pi_e,co-consumed,0.11485945952391907
7581,1350,895,EX_pyovd_kt_e,received,0.08164225635842604
7582,1350,895,EX_so4_e,co-consumed,0.000323716092813068
7583,1350,895,EX_stfrnA_e,received,0.08564058922336161
7584,1350,895,EX_stfrnB_e,received,0.08561906502578104
7585,1350,895,EX_zn2_e,co-consumed,2.5446491987588002e-05
7586,1350,1174,EX_acald_e,co-consumed,1.3753633387686748e-06
7587,1350,1174,EX_arg__L_e,co-consumed,0.04480527367546154
7588,1350,1174,EX_ca2_e,co-consumed,0.000388408448178276
7589,1350,1174,EX_cl_e,co-consumed,0.000388413463840176
7590,1350,1174,EX_cobalt2_e,co-consumed,7.46231436586e-06
7591,1350,1174,EX_cu2_e,co-consumed,5.290780885396e-05
7592,1350,1174,EX_fe3_e,co-consumed,0.252709713225035
7593,1350,1174,EX_gly_asn__L_e,co-consumed,0.01798827822953449
7594,1350,1174,EX_glyc_e,provided,0.36072456643691775
7595,1350,1174,EX_glygln_e,co-consumed,0.1284790199539067
7596,1350,1174,EX_h2s_e,co-consumed,0.018360240954817714
7597,1350,1174,EX_h_e,co-consumed,0.17888914915507573
7598,1350,1174,EX_ile__L_e,co-consumed,0.016327387249486534
7599,1350,1174,EX_k_e,co-consumed,0.01456591528015751
7600,1350,1174,EX_lys__L_e,co-consumed,0.02635395491518484
7601,1350,1174,EX_malt_e,co-consumed,0.024316272548759867
7602,1350,1174,EX_mg2_e,co-consumed,0.000647355765087112
7603,1350,1174,EX_mn2_e,co-consumed,5.1564593668596e-05
7604,1350,1174,EX_nh4_e,provided,0.10453527812462682
7605,1350,1174,EX_o2_e,co-consumed,4.000000001268809
7606,1350,1174,EX_pi_e,co-consumed,0.11485945952391907
7607,1350,1174,EX_pyovd_kt_e,co-consumed,0.08157835839235565
7608,1350,1174,EX_ser__L_e,co-consumed,0.10350235365771697
7609,1350,1174,EX_so4_e,co-consumed,0.000323716092813068
7610,1350,1174,EX_stfrnA_e,co-consumed,0.0855760688585592
7611,1350,1174,EX_stfrnB_e,co-consumed,0.08555523452901823
7612,1350,1174,EX_ura_e,co-consumed,0.0019525092422970841
7613,1350,1174,EX_zn2_e,co-consumed,2.5446491987588002e-05
7614,1350,638,EX_acald_e,received,1.917460305183066
7615,1350,638,EX_acmana_e,co-consumed,0.010894953243991508
7616,1350,638,EX_arg__L_e,co-consumed,0.04480527367546154
7617,1350,638,EX_ca2_e,co-consumed,0.000388408448178276
7618,1350,638,EX_cl_e,co-consumed,0.000388413463840176
7619,1350,638,EX_cobalt2_e,co-consumed,7.46231436586e-06
7620,1350,638,EX_cu2_e,co-consumed,5.290780885396e-05
7621,1350,638,EX_fe3_e,co-consumed,0.2539856748570928
7622,1350,638,EX_glygln_e,co-consumed,0.1284790199539067
7623,1350,638,EX_h2s_e,received,0.018360240954817714
7624,1350,638,EX_h_e,co-consumed,0.17888914915507573
7625,1350,638,EX_ile__L_e,co-consumed,0.016327387249486534
7626,1350,638,EX_k_e,co-consumed,0.01456591528015751
7627,1350,638,EX_lys__L_e,co-consumed,0.02635395491518484
7628,1350,638,EX_mal__L_e,provided,3.623053652186e-05
7629,1350,638,EX_malt_e,co-consumed,0.024316272548759867
7630,1350,638,EX_mg2_e,co-consumed,0.000647355765087112
7631,1350,638,EX_mn2_e,co-consumed,5.1564593668596e-05
7632,1350,638,EX_nh4_e,provided,0.10453527812462682
7633,1350,638,EX_o2_e,co-consumed,4.0000000003571925
7634,1350,638,EX_pi_e,co-consumed,0.11485945952391907
7635,1350,638,EX_pyovd_kt_e,co-consumed,0.08164225635842604
7636,1350,638,EX_ser__L_e,co-consumed,0.16210184535107958
7637,1350,638,EX_so4_e,co-consumed,0.000323716092813068
7638,1350,638,EX_stfrnA_e,co-consumed,0.08564058922336161
7639,1350,638,EX_stfrnB_e,co-consumed,0.08561906502578104
7640,1350,638,EX_thm_e,co-consumed,1.6419537479584e-05
7641,1350,638,EX_tyr__L_e,co-consumed,0.010290447363563479
7642,1350,638,EX_zn2_e,co-consumed,2.5446491987588002e-05
7643,1350,1252,EX_acald_e,co-consumed,1.917460305183066
7644,1350,1252,EX_ala__D_e,received,0.002329016365736748
7645,1350,1252,EX_arg__L_e,co-consumed,0.04480527367546154
7646,1350,1252,EX_ca2_e,co-consumed,0.000388408448178276
7647,1350,1252,EX_cit_e,co-consumed,0.00038843042398383203
7648,1350,1252,EX_cl_e,co-consumed,0.000388413463840176
7649,1350,1252,EX_cobalt2_e,co-consumed,7.46231436586e-06
7650,1350,1252,EX_cu2_e,co-consumed,5.290780885396e-05
7651,1350,1252,EX_fe3_e,co-consumed,0.10010262645074329
7652,1350,1252,EX_gal_e,co-consumed,0.015297723096571323
7653,1350,1252,EX_gly_asn__L_e,co-consumed,0.01798827822953449
7654,1350,1252,EX_glyc_e,provided,2.5718014938363035e-06
7655,1350,1252,EX_glygln_e,co-consumed,0.1284790199539067
7656,1350,1252,EX_h2s_e,co-consumed,0.018360240954817714
7657,1350,1252,EX_h_e,co-consumed,0.17888914915507573
7658,1350,1252,EX_ile__L_e,co-consumed,0.016327387249486534
7659,1350,1252,EX_k_e,co-consumed,0.01456591528015751
7660,1350,1252,EX_lys__L_e,co-consumed,0.02635395491518484
7661,1350,1252,EX_mg2_e,co-consumed,0.000647355765087112
7662,1350,1252,EX_mn2_e,co-consumed,5.1564593668596e-05
7663,1350,1252,EX_o2_e,co-consumed,4.000000001268809
7664,1350,1252,EX_orn_e,provided,0.006236717596360448
7665,1350,1252,EX_pi_e,co-consumed,0.11485945952391907
7666,1350,1252,EX_pyovd_kt_e,co-consumed,0.08164225635842604
7667,1350,1252,EX_skm_e,co-consumed,3.605085836898865e-06
7668,1350,1252,EX_so4_e,co-consumed,0.000323716092813068
7669,1350,1252,EX_tyr__L_e,co-consumed,0.010290447363563479
7670,1350,1252,EX_zn2_e,co-consumed,2.5446491987588002e-05
7671,262,1208,EX_acald_e,co-consumed,0.031528264551958556
7672,262,1208,EX_arg__L_e,co-consumed,0.010515392853133068
7673,262,1208,EX_ca2_e,co-consumed,0.000185037459311756
7674,262,1208,EX_cgly_e,received,1.1637137648433104e-06
7675,262,1208,EX_cl_e,co-consumed,0.00018503746083356002
7676,262,1208,EX_cobalt2_e,co-consumed,3.554994415211502e-06
7677,262,1208,EX_cu2_e,co-consumed,2.5204910403848e-05
7678,262,1208,EX_fe2_e,co-consumed,0.00023873883590635602
7679,262,1208,EX_fe3_e,co-consumed,0.09825562569376221
7680,262,1208,EX_glu__L_e,received,1.0558889299769023e-06
7681,262,1208,EX_glyald_e,co-consumed,0.03544535160748722
7682,262,1208,EX_gthrd_e,provided,1.16268181321189e-06
7683,262,1208,EX_h2o_e,co-consumed,0.44188172090410993
7684,262,1208,EX_h2s_e,co-consumed,0.00547056092920584
7685,262,1208,EX_h_e,received,3.024212848729982
7686,262,1208,EX_ile__L_e,co-consumed,0.011053439265323308
7687,262,1208,EX_k_e,co-consumed,0.006939100248883789
7688,262,1208,EX_lys__L_e,co-consumed,0.012199306937354772
7689,262,1208,EX_mg2_e,co-consumed,0.000308395771808992
7690,262,1208,EX_mn2_e,co-consumed,2.4565011409108002e-05
7691,262,1208,EX_nh4_e,received,1.085392418635606
7692,262,1208,EX_o2_e,co-consumed,3.9999999827833617
7693,262,1208,EX_pi_e,co-consumed,0.04983466476348048
7694,262,1208,EX_pyovd_kt_e,co-consumed,0.08157885504853672
7695,262,1208,EX_ser__L_e,co-consumed,0.5345198923037778
7696,262,1208,EX_so4_e,co-consumed,0.00015421954251966
7697,262,1208,EX_tyr__L_e,co-consumed,0.004910088625336588
7698,262,1208,EX_zn2_e,co-consumed,1.2122530955867999e-05
7699,262,1334,EX_arg__L_e,co-consumed,0.038608070545978
7700,262,1334,EX_bz_e,co-consumed,1.3059379269832e-05
7701,262,1334,EX_ca2_e,co-consumed,0.0006793794336395401
7702,262,1334,EX_cgly_e,received,3.999663377603634
7703,262,1334,EX_cl_e,co-consumed,0.00067937942944234
7704,262,1334,EX_cobalt2_e,co-consumed,1.305243863054e-05
7705,262,1334,EX_cu2_e,co-consumed,9.254178989055201e-05
7706,262,1334,EX_fe2_e,co-consumed,0.00087650510841338
7707,262,1334,EX_fe3_e,co-consumed,0.09825562569376221
7708,262,1334,EX_glu__L_e,co-consumed,3.9999995818905236
7709,262,1334,EX_gly_asn__L_e,co-consumed,0.03146355398006519
7710,262,1334,EX_glyald_e,co-consumed,0.03544535160748722
7711,262,1334,EX_gthrd_e,provided,3.9996633774051347
7712,262,1334,EX_h2o_e,co-consumed,3.9999997466492805
7713,262,1334,EX_h2s_e,co-consumed,0.020089283009825425
7714,262,1334,EX_h_e,co-consumed,1.0810525813379293
7715,262,1334,EX_ile__L_e,co-consumed,0.04058313148740553
7716,262,1334,EX_k_e,co-consumed,0.025477446536117086
7717,262,1334,EX_lys__L_e,received,0.1617181671147805
7718,262,1334,EX_mg2_e,co-consumed,0.0011322990512711
7719,262,1334,EX_mn2_e,co-consumed,9.019235093705599e-05
7720,262,1334,EX_nh4_e,received,1.4546589208535525
7721,262,1334,EX_o2_e,co-consumed,3.9999999947191163
7722,262,1334,EX_orn_e,provided,0.02841741718383033
7723,262,1334,EX_pi_e,co-consumed,0.1832505419051775
7724,262,1334,EX_pyovd_kt_e,co-consumed,0.08174269204197179
7725,262,1334,EX_ser__L_e,co-consumed,0.5345198923037778
7726,262,1334,EX_so4_e,co-consumed,0.000566218747882516
7727,262,1334,EX_tyr__L_e,co-consumed,0.01802789882693641
7728,262,1334,EX_zn2_e,co-consumed,4.4508815730152e-05
7729,262,397,EX_arg__L_e,co-consumed,0.06920866969908211
7730,262,397,EX_bz_e,co-consumed,2.3404863776383998e-05
7731,262,397,EX_ca2_e,co-consumed,0.001217852818750344
7732,262,397,EX_cl_e,co-consumed,0.001217852822333104
7733,262,397,EX_cobalt2_e,co-consumed,2.339774867916e-05
7734,262,397,EX_cu2_e,co-consumed,0.000165890038135252
7735,262,397,EX_fe2_e,co-consumed,0.0016230509548978839
7736,262,397,EX_fe3_e,co-consumed,0.09825562569376221
7737,262,397,EX_glyc_e,provided,0.03544539127576483
7738,262,397,EX_gua_e,co-consumed,0.056909822510723636
7739,262,397,EX_h2o_e,received,3.9999997466492805
7740,262,397,EX_h2s_e,received,0.07291709950822621
7741,262,397,EX_h_e,co-consumed,3.9999999358706617
7742,262,397,EX_ile__L_e,co-consumed,0.06797735190551758
7743,262,397,EX_indole_e,co-consumed,0.01329998742891936
7744,262,397,EX_k_e,co-consumed,0.045670767579315284
7745,262,397,EX_lys__L_e,co-consumed,0.0802919326984846
7746,262,397,EX_mg2_e,co-consumed,0.002029754698458512
7747,262,397,EX_mn2_e,co-consumed,0.000161678443373004
7748,262,397,EX_nh4_e,co-consumed,0.4893943352087682
7749,262,397,EX_o2_e,co-consumed,4.000000005716123
7750,262,397,EX_orn_e,provided,0.05172166304865404
7751,262,397,EX_pi_e,co-consumed,0.22556046007853384
7752,262,397,EX_pyovd_kt_e,co-consumed,0.08168261366841971
7753,262,397,EX_so4_e,co-consumed,0.001015003960146008
7754,262,397,EX_tyr__L_e,co-consumed,0.03231674507244956
7755,262,397,EX_zn2_e,co-consumed,7.9786322995936e-05
7756,262,790,EX_acald_e,co-consumed,2.3331030225877964
7757,262,790,EX_arg__L_e,co-consumed,0.0643513465484833
7758,262,790,EX_bz_e,co-consumed,2.1815775779456e-05
7759,262,790,EX_ca2_e,co-consumed,0.0011323795243763201
7760,262,790,EX_cl_e,co-consumed,0.001132379475451076
7761,262,790,EX_cobalt2_e,co-consumed,2.175560948702e-05
7762,262,790,EX_cu2_e,co-consumed,0.000154264017236172
7763,262,790,EX_etoh_e,provided,1.3486580099658077e-06
7764,262,790,EX_fe2_e,co-consumed,0.001508712915426732
7765,262,790,EX_fe3_e,co-consumed,0.09825562569376221
7766,262,790,EX_glu__L_e,co-consumed,0.2379628279478169
7767,262,790,EX_glyald_e,received,1.929223644074665e-06
7768,262,790,EX_glyc_e,provided,5.115498198920001e-06
7769,262,790,EX_gua_e,co-consumed,1.4960626605072258e-06
7770,262,790,EX_h2o_e,received,2.033944102906e-05
7771,262,790,EX_h2s_e,co-consumed,0.05358084316260509
7772,262,790,EX_h_e,co-consumed,3.9999999358706617
7773,262,790,EX_ile__L_e,co-consumed,0.0632063717651916
7774,262,790,EX_indole_e,co-consumed,0.012366520040754805
7775,262,790,EX_k_e,co-consumed,0.042465426826002066
7776,262,790,EX_lys__L_e,co-consumed,0.07465664481291695
7777,262,790,EX_mg2_e,co-consumed,0.0018872991181296081
7778,262,790,EX_mn2_e,co-consumed,0.000150331261555316
7779,262,790,EX_nh4_e,received,1.4546589208535525
7780,262,790,EX_o2_e,co-consumed,4.000000005716123
7781,262,790,EX_orn_e,provided,0.04809132745711527
7782,262,790,EX_pi_e,co-consumed,0.20959968283663044
7783,262,790,EX_pyovd_kt_e,co-consumed,0.08168969220271365
7784,262,790,EX_so4_e,co-consumed,0.000943764545232616
7785,262,790,EX_tyr__L_e,received,0.06509001758092595
7786,262,790,EX_zn2_e,co-consumed,7.418662835074e-05
7787,262,947,EX_acald_e,received,2.3331030225877964
7788,262,947,EX_arg__L_e,co-consumed,0.07014177111137566
7789,262,947,EX_asp__L_e,co-consumed,0.3083016036155272
7790,262,947,EX_ca2_e,co-consumed,0.00123427219400334
7791,262,947,EX_cl_e,co-consumed,0.0012342722029121001
7792,262,947,EX_cobalt2_e,co-consumed,2.3713174407356e-05
7793,262,947,EX_cu2_e,co-consumed,0.000168126606253288
7794,262,947,EX_etoh_e,provided,3.999999445026909
7795,262,947,EX_fe2_e,co-consumed,0.0016975131417780078
7796,262,947,EX_fe3_e,co-consumed,0.09825562569376221
7797,262,947,EX_fru_e,co-consumed,0.1927436662743324
7798,262,947,EX_gly_asn__L_e,co-consumed,0.05716190124390364
7799,262,947,EX_glyc_e,provided,0.03544539127576483
7800,262,947,EX_h2o_e,received,3.9999997466492805
7801,262,947,EX_h2s_e,co-consumed,0.036494787671598944
7802,262,947,EX_h_e,co-consumed,3.9999999358706617
7803,262,947,EX_indole_e,co-consumed,0.013479294341799253
7804,262,947,EX_k_e,co-consumed,0.04628651150126695
7805,262,947,EX_lys__L_e,co-consumed,0.08137446490217075
7806,262,947,EX_mg2_e,co-consumed,0.0020571203234276882
7807,262,947,EX_mn2_e,co-consumed,0.000163858229789876
7808,262,947,EX_nh4_e,co-consumed,0.8581781074640575
7809,262,947,EX_o2_e,co-consumed,4.000000005716123
7810,262,947,EX_pi_e,co-consumed,0.22859835619422186
7811,262,947,EX_pyovd_kt_e,co-consumed,0.08172432925127425
7812,262,947,EX_so4_e,co-consumed,0.00102869325506434
7813,262,947,EX_zn2_e,co-consumed,8.0862020779088e-05
7814,262,997,EX_acald_e,co-consumed,0.6015655253815413
7815,262,997,EX_arg__L_e,co-consumed,0.05929959856276623
7816,262,997,EX_bz_e,co-consumed,2.0096298488695998e-05
7817,262,997,EX_ca2_e,co-consumed,0.0010434847208092
7818,262,997,EX_cgly_e,received,1.45917122985018e-06
7819,262,997,EX_cl_e,co-consumed,0.00104348472257708
7820,262,997,EX_cobalt2_e,co-consumed,2.0047737191336e-05
7821,262,997,EX_cu2_e,co-consumed,0.000142138456686592
7822,262,997,EX_etoh_e,provided,1.5971720553081045e-06
7823,262,997,EX_fe2_e,co-consumed,0.001390731870040848
7824,262,997,EX_fe3_e,co-consumed,0.09825562569376221
7825,262,997,EX_glu__L_e,received,1.4547662932545256e-06
7826,262,997,EX_gly_asn__L_e,co-consumed,0.04832607565121119
7827,262,997,EX_glyald_e,received,9.487526180424001e-06
7828,262,997,EX_glyc_e,provided,0.027880222580512305
7829,262,997,EX_gthrd_e,provided,1.4356304749597735e-06
7830,262,997,EX_gua_e,co-consumed,0.0487618761801338
7831,262,997,EX_h2o_e,received,3.9999997466492805
7832,262,997,EX_h2s_e,co-consumed,0.04932917039706491
7833,262,997,EX_h_e,co-consumed,3.9999999358706617
7834,262,997,EX_ile__L_e,co-consumed,0.05824451862096163
7835,262,997,EX_indole_e,co-consumed,0.011395739851250869
7836,262,997,EX_k_e,co-consumed,0.03913177965589056
7837,262,997,EX_lys__L_e,co-consumed,0.0687959983179711
7838,262,997,EX_mg2_e,co-consumed,0.001739141201779196
7839,262,997,EX_mn2_e,co-consumed,0.000138529863992152
7840,262,997,EX_nh4_e,received,1.0906162008932012
7841,262,997,EX_o2_e,co-consumed,4.000000005716123
7842,262,997,EX_orn_e,provided,0.04431628766154045
7843,262,997,EX_pyovd_kt_e,co-consumed,0.09783777430282699
7844,262,997,EX_ser__L_e,co-consumed,0.09015960816453393
7845,262,997,EX_so4_e,co-consumed,0.000869810833913784
7846,262,997,EX_tyr__L_e,co-consumed,0.02764506582847024
7847,262,997,EX_ura_e,received,0.15589050628441417
7848,262,997,EX_zn2_e,co-consumed,6.8362783822464e-05
7849,262,1114,EX_arg__L_e,co-consumed,0.0046357303882063276
7850,262,1114,EX_asp__L_e,co-consumed,0.011399098370460896
7851,262,1114,EX_bz_e,co-consumed,1.5686153384505792e-06
7852,262,1114,EX_ca2_e,co-consumed,8.157368052924399e-05
7853,262,1114,EX_cl_e,co-consumed,8.1573673573936e-05
7854,262,1114,EX_cobalt2_e,co-consumed,1.5672176856355215e-06
7855,262,1114,EX_cu2_e,co-consumed,1.0660673623368001e-05
7856,262,1114,EX_fe2_e,co-consumed,0.000105202132142988
7857,262,1114,EX_fe3_e,co-consumed,0.09825562569376221
7858,262,1114,EX_gly_asn__L_e,co-consumed,0.003777855372185156
7859,262,1114,EX_glyald_e,received,0.03544535160748722
7860,262,1114,EX_glyc_e,provided,0.03544539127576483
7861,262,1114,EX_h2o_e,received,3.9999997466492805
7862,262,1114,EX_h2s_e,co-consumed,0.0038483196513773637
7863,262,1114,EX_h_e,received,0.00112623464957868
7864,262,1114,EX_ile__L_e,co-consumed,0.004872935060638228
7865,262,1114,EX_k_e,co-consumed,0.003059099217122536
7866,262,1114,EX_lys__L_e,co-consumed,0.005534792074785936
7867,262,1114,EX_mg2_e,co-consumed,0.000135956138154524
7868,262,1114,EX_mn2_e,co-consumed,1.082947420774e-05
7869,262,1114,EX_nh4_e,received,0.04547024196706147
7870,262,1114,EX_o2_e,co-consumed,3.8457435539662432
7871,262,1114,EX_orn_e,provided,0.003464318233193924
7872,262,1114,EX_pyovd_kt_e,co-consumed,0.08153202518695611
7873,262,1114,EX_so4_e,co-consumed,6.7900542683388e-05
7874,262,1114,EX_tyr__L_e,co-consumed,0.002161134730962664
7875,262,1114,EX_zn2_e,co-consumed,5.344212308016e-06
7876,262,1362,EX_acald_e,received,2.3331030225877964
7877,262,1362,EX_arg__L_e,co-consumed,0.13939505062621846
7878,262,1362,EX_asp__L_e,co-consumed,3.1584524819393966e-06
7879,262,1362,EX_bz_e,received,4.7064646417284e-05
7880,262,1362,EX_ca2_e,co-consumed,0.0024529104295559277
7881,262,1362,EX_cgly_e,received,1.6802571514112338e-06
7882,262,1362,EX_cl_e,co-consumed,0.00245291043100516
7883,262,1362,EX_cobalt2_e,co-consumed,4.7126040831452005e-05
7884,262,1362,EX_cu2_e,co-consumed,0.000334123629495
7885,262,1362,EX_fe2_e,co-consumed,0.003562307845017832
7886,262,1362,EX_fe3_e,co-consumed,0.09825562569376221
7887,262,1362,EX_fru_e,co-consumed,3.910384050240785
7888,262,1362,EX_glc__D_e,co-consumed,3.3528711935522004
7889,262,1362,EX_glu__L_e,received,3.999996139122461
7890,262,1362,EX_gly_asn__L_e,co-consumed,0.1135996777948417
7891,262,1362,EX_glyald_e,received,0.03544535160748722
7892,262,1362,EX_glyc_e,provided,0.03544539127576483
7893,262,1362,EX_gthrd_e,provided,1.696468469366609e-06
7894,262,1362,EX_gua_e,co-consumed,0.11462372236362665
7895,262,1362,EX_h2o_e,received,3.9999997466492805
7896,262,1362,EX_h2s_e,received,0.11606566632490467
7897,262,1362,EX_h_e,co-consumed,3.9999999358706617
7898,262,1362,EX_indole_e,received,0.026787848841981675
7899,262,1362,EX_k_e,co-consumed,0.0919867328801378
7900,262,1362,EX_mg2_e,co-consumed,0.004088184035296432
7901,262,1362,EX_mn2_e,co-consumed,0.000325640942145336
7902,262,1362,EX_nh4_e,co-consumed,0.01835854082437485
7903,262,1362,EX_o2_e,co-consumed,4.000000005716123
7904,262,1362,EX_pi_e,co-consumed,0.4543136955359811
7905,262,1362,EX_pyovd_kt_e,co-consumed,0.09708401242788707
7906,262,1362,EX_so4_e,co-consumed,0.00204435203036386
7907,262,1362,EX_zn2_e,co-consumed,0.00016069979923529602
7908,262,428,EX_acald_e,co-consumed,2.3331030225877964
7909,262,428,EX_arg__L_e,co-consumed,0.08270622101590855
7910,262,428,EX_bz_e,co-consumed,2.7960846569208e-05
7911,262,428,EX_ca2_e,co-consumed,0.001455367113996248
7912,262,428,EX_cgly_e,received,0.6658464524278002
7913,262,428,EX_cl_e,co-consumed,0.001455367112419864
7914,262,428,EX_cobalt2_e,co-consumed,2.7960943592624002e-05
7915,262,428,EX_cu2_e,co-consumed,0.000198243090071724
7916,262,428,EX_etoh_e,provided,3.9999901691965394
7917,262,428,EX_fe2_e,co-consumed,0.001938810426974312
7918,262,428,EX_fe3_e,co-consumed,0.09825562569376221
7919,262,428,EX_glu__L_e,received,0.6658464473984848
7920,262,428,EX_gly_asn__L_e,co-consumed,0.06740129790001674
7921,262,428,EX_glyc_e,provided,0.03544539127576483
7922,262,428,EX_gthrd_e,provided,0.6658465393503891
7923,262,428,EX_h2o_e,received,1.5908916895398881
7924,262,428,EX_h2s_e,co-consumed,0.04303388535733
7925,262,428,EX_h_e,co-consumed,3.9999999358706617
7926,262,428,EX_ile__L_e,co-consumed,0.08123464914254601
7927,262,428,EX_indole_e,co-consumed,0.015893834215524313
7928,262,428,EX_k_e,co-consumed,0.05457780462675701
7929,262,428,EX_lys__L_e,co-consumed,0.09595082637275765
7930,262,428,EX_mg2_e,co-consumed,0.002425611846484028
7931,262,428,EX_mn2_e,co-consumed,0.000193210120225052
7932,262,428,EX_nh4_e,co-consumed,0.5711387962245577
7933,262,428,EX_o2_e,co-consumed,4.000000005716123
7934,262,428,EX_pi_e,co-consumed,0.2695095713140418
7935,262,428,EX_pyovd_kt_e,co-consumed,0.08186765301658698
7936,262,428,EX_ser__L_e,co-consumed,0.19433213116147038
7937,262,428,EX_so4_e,co-consumed,0.00121296412708714
7938,262,428,EX_tyr__L_e,co-consumed,0.038619371405905024
7939,262,428,EX_ura_e,co-consumed,0.09249307473258073
7940,262,428,EX_zn2_e,co-consumed,9.5346817650856e-05
7941,262,796,EX_acald_e,co-consumed,0.002836909054187548
7942,262,796,EX_arg__L_e,co-consumed,0.06294170452915404
7943,262,796,EX_asp__L_e,co-consumed,2.2083547877845074e-06
7944,262,796,EX_ca2_e,co-consumed,0.001107574281398108
7945,262,796,EX_cl_e,co-consumed,0.0011075742753872161
7946,262,796,EX_cobalt2_e,co-consumed,2.1279044663959997e-05
7947,262,796,EX_cu2_e,co-consumed,0.000150868424905576
7948,262,796,EX_etoh_e,provided,0.1831971585221885
7949,262,796,EX_fe2_e,co-consumed,0.0014762008737501159
7950,262,796,EX_fe3_e,co-consumed,0.09825562569376221
7951,262,796,EX_gly_asn__L_e,co-consumed,0.051294202073340886
7952,262,796,EX_glyald_e,received,0.03544535160748722
7953,262,796,EX_glyc_e,provided,0.03544539127576483
7954,262,796,EX_h2o_e,received,3.9999997466492805
7955,262,796,EX_h2s_e,received,0.11606566632490467
7956,262,796,EX_h_e,co-consumed,3.9999999187499555
7957,262,796,EX_ile__L_e,co-consumed,0.06182178988472924
7958,262,796,EX_indole_e,co-consumed,0.012095646042858097
7959,262,796,EX_k_e,co-consumed,0.041535205650924285
7960,262,796,EX_lys__L_e,co-consumed,0.07302137681343995
7961,262,796,EX_mg2_e,co-consumed,0.001845957120454128
7962,262,796,EX_mn2_e,co-consumed,0.000147038197718252
7963,262,796,EX_nh4_e,co-consumed,5.81020049542e-06
7964,262,796,EX_o2_e,co-consumed,4.000000005716123
7965,262,796,EX_orn_e,provided,0.047038335753491874
7966,262,796,EX_pi_e,co-consumed,0.20513428815441953
7967,262,796,EX_pyovd_kt_e,co-consumed,0.08161142134172414
7968,262,796,EX_so4_e,co-consumed,0.00204435203036386
7969,262,796,EX_ura_e,co-consumed,0.07038945814940765
7970,262,796,EX_zn2_e,co-consumed,7.256154230407201e-05
7971,262,1350,EX_acald_e,co-consumed,1.917460305183066
7972,262,1350,EX_adn_e,received,1.658415016889638e-06
7973,262,1350,EX_arg__L_e,co-consumed,0.04480527367546154
7974,262,1350,EX_ca2_e,co-consumed,0.000388408448178276
7975,262,1350,EX_cl_e,co-consumed,0.000388413463840176
7976,262,1350,EX_cobalt2_e,co-consumed,7.46231436586e-06
7977,262,1350,EX_cu2_e,co-consumed,5.290780885396e-05
7978,262,1350,EX_fe3_e,co-consumed,0.09825562569376221
7979,262,1350,EX_gly_asn__L_e,co-consumed,0.01798827822953449
7980,262,1350,EX_glyald_e,co-consumed,0.03544535160748722
7981,262,1350,EX_gua_e,received,0.00195256487725718
7982,262,1350,EX_h2s_e,co-consumed,0.018360240954817714
7983,262,1350,EX_h_e,co-consumed,0.17888914915507573
7984,262,1350,EX_ile__L_e,co-consumed,0.016327387249486534
7985,262,1350,EX_k_e,co-consumed,0.01456591528015751
7986,262,1350,EX_lys__L_e,co-consumed,0.02635395491518484
7987,262,1350,EX_mg2_e,co-consumed,0.000647355765087112
7988,262,1350,EX_mn2_e,co-consumed,5.1564593668596e-05
7989,262,1350,EX_nh4_e,received,0.10453527812462682
7990,262,1350,EX_o2_e,co-consumed,4.000000001268809
7991,262,1350,EX_pi_e,co-consumed,0.11485945952391907
7992,262,1350,EX_pyovd_kt_e,co-consumed,0.08164225635842604
7993,262,1350,EX_ser__L_e,co-consumed,0.16210184535107958
7994,262,1350,EX_so4_e,co-consumed,0.000323716092813068
7995,262,1350,EX_tyr__L_e,co-consumed,0.010290447363563479
7996,262,1350,EX_ura_e,co-consumed,0.0019525092422970841
7997,262,1350,EX_xyl__D_e,provided,1.7936077270873327e-06
7998,262,1350,EX_zn2_e,co-consumed,2.5446491987588002e-05
7999,262,978,EX_acald_e,co-consumed,2.3331030225877964
8000,262,978,EX_arg__L_e,co-consumed,0.03493271998263871
8001,262,978,EX_bz_e,co-consumed,1.178109358972e-05
8002,262,978,EX_ca2_e,co-consumed,0.000614705407725804
8003,262,978,EX_cgly_e,co-consumed,2.2365464156387875
8004,262,978,EX_cl_e,co-consumed,0.000614705397849888
8005,262,978,EX_cobalt2_e,co-consumed,1.1809901884912e-05
8006,262,978,EX_cu2_e,co-consumed,8.373220436403201e-05
8007,262,978,EX_fe2_e,co-consumed,0.0007928112618444481
8008,262,978,EX_fe3_e,co-consumed,0.09825562569376221
8009,262,978,EX_glu__L_e,co-consumed,2.2365464042867877
8010,262,978,EX_glyc_e,provided,0.03544539127576483
8011,262,978,EX_h2o_e,co-consumed,3.999999718465075
8012,262,978,EX_h2s_e,co-consumed,0.029059921706837077
8013,262,978,EX_h_e,co-consumed,3.999999719834292
8014,262,978,EX_ile__L_e,co-consumed,0.03672040273140531
8015,262,978,EX_k_e,co-consumed,0.02305210178621846
8016,262,978,EX_lys__L_e,co-consumed,0.04170792875179372
8017,262,978,EX_mg2_e,co-consumed,0.00102450898582638
8018,262,978,EX_mn2_e,co-consumed,8.1606422024748e-05
8019,262,978,EX_nh4_e,co-consumed,0.15221570128204553
8020,262,978,EX_o2_e,co-consumed,3.999999987126816
8021,262,978,EX_orn_e,provided,0.02610624975975622
8022,262,978,EX_pi_e,co-consumed,0.16582010592256907
8023,262,978,EX_pyovd_kt_e,co-consumed,0.08177217094967777
8024,262,978,EX_ser__L_e,co-consumed,0.09209531243799896
8025,262,978,EX_so4_e,co-consumed,0.000512315308719196
8026,262,978,EX_zn2_e,co-consumed,4.0266750851668e-05
8027,262,1338,EX_acald_e,received,2.3331030225877964
8028,262,1338,EX_arg__L_e,co-consumed,0.13939505062621846
8029,262,1338,EX_bz_e,co-consumed,4.7064646417284e-05
8030,262,1338,EX_ca2_e,co-consumed,0.0024529104295559277
8031,262,1338,EX_cgly_e,received,0.8714742567696998
8032,262,1338,EX_cl_e,co-consumed,0.00245291043100516
8033,262,1338,EX_cobalt2_e,co-consumed,4.7126040831452005e-05
8034,262,1338,EX_cu2_e,co-consumed,0.000334123629495
8035,262,1338,EX_fe2_e,co-consumed,0.003402087946900608
8036,262,1338,EX_fe3_e,co-consumed,0.09825562569376221
8037,262,1338,EX_fru_e,co-consumed,2.2968780248755074
8038,262,1338,EX_glc__D_e,co-consumed,2.9855868055751724
8039,262,1338,EX_glu__L_e,received,0.5985558432159503
8040,262,1338,EX_gly_asn__L_e,co-consumed,0.1135996777948417
8041,262,1338,EX_glyald_e,received,0.03544535160748722
8042,262,1338,EX_glyc_e,provided,0.03544539127576483
8043,262,1338,EX_gthrd_e,provided,0.8714742749677248
8044,262,1338,EX_gua_e,co-consumed,0.11462372236362665
8045,262,1338,EX_h2o_e,received,3.9999997466492805
8046,262,1338,EX_h2s_e,co-consumed,0.11606566632490467
8047,262,1338,EX_h_e,co-consumed,3.99999984176356
8048,262,1338,EX_ile__L_e,co-consumed,0.136914781424848
8049,262,1338,EX_indole_e,co-consumed,0.026787848841981675
8050,262,1338,EX_k_e,co-consumed,0.0919867328801378
8051,262,1338,EX_lys__L_e,co-consumed,0.1617181671147805
8052,262,1338,EX_mg2_e,co-consumed,0.004088184035296432
8053,262,1338,EX_mn2_e,co-consumed,0.000325640942145336
8054,262,1338,EX_nh4_e,received,1.4546589208535525
8055,262,1338,EX_o2_e,co-consumed,4.000000005716123
8056,262,1338,EX_orn_e,provided,0.10839807062895389
8057,262,1338,EX_pi_e,co-consumed,0.4543136955359811
8058,262,1338,EX_pyovd_kt_e,co-consumed,0.09715883992988676
8059,262,1338,EX_ser__L_e,co-consumed,0.5345198923037778
8060,262,1338,EX_so4_e,co-consumed,0.00204435203036386
8061,262,1338,EX_tyr__L_e,co-consumed,0.06509001758092595
8062,262,1338,EX_zn2_e,co-consumed,0.00016069979923529602
8063,262,1357,EX_acald_e,co-consumed,1.35859842204089
8064,262,1357,EX_arg__L_e,co-consumed,0.07409311905358083
8065,262,1357,EX_bz_e,co-consumed,2.5053005366268003e-05
8066,262,1357,EX_ca2_e,co-consumed,0.001303803745359452
8067,262,1357,EX_cl_e,co-consumed,0.0013038037393576522
8068,262,1357,EX_cobalt2_e,co-consumed,2.504906331142e-05
8069,262,1357,EX_cu2_e,co-consumed,0.000177615054287412
8070,262,1357,EX_etoh_e,provided,1.2935053489466327e-06
8071,262,1357,EX_fe2_e,co-consumed,0.001736825051244268
8072,262,1357,EX_fe3_e,co-consumed,0.09825562569376221
8073,262,1357,EX_glc__D_e,co-consumed,0.11170276684463472
8074,262,1357,EX_glyc_e,provided,0.03544539127576483
8075,262,1357,EX_h2o_e,received,1.0911453003108098
8076,262,1357,EX_h2s_e,co-consumed,0.061693457951051085
8077,262,1357,EX_h_e,co-consumed,3.9999999358706617
8078,262,1357,EX_ile__L_e,co-consumed,0.07277490655242234
8079,262,1357,EX_indole_e,co-consumed,0.014238646584827628
8080,262,1357,EX_k_e,co-consumed,0.04889401814946166
8081,262,1357,EX_lys__L_e,co-consumed,0.08595861066855712
8082,262,1357,EX_mg2_e,co-consumed,0.0021730062497658
8083,262,1357,EX_mn2_e,co-consumed,0.000173089025632868
8084,262,1357,EX_nh4_e,received,1.4546589208535525
8085,262,1357,EX_o2_e,co-consumed,4.000000005716123
8086,262,1357,EX_orn_e,provided,0.05537209138249047
8087,262,1357,EX_pi_e,co-consumed,0.24148695362315242
8088,262,1357,EX_pyovd_kt_e,co-consumed,0.09747692068785542
8089,262,1357,EX_so4_e,co-consumed,0.001086645104511944
8090,262,1357,EX_tyr__L_e,co-consumed,0.0345975202625863
8091,262,1357,EX_zn2_e,co-consumed,8.5417305891944e-05
8092,262,2751,EX_cgly_e,received,0.6995529005912845
8093,262,2751,EX_fe3_e,co-consumed,0.09825562569376221
8094,262,2751,EX_glu__L_e,received,0.6995528978121673
8095,262,2751,EX_glyald_e,received,0.03544535160748722
8096,262,2751,EX_glyc_e,provided,0.03544539127576483
8097,262,2751,EX_gthrd_e,provided,0.6995528918791749
8098,262,2751,EX_h2o_e,received,3.171311417312431
8099,262,2751,EX_h2s_e,co-consumed,0.11606566632490467
8100,262,2751,EX_h_e,received,3.9999999358706617
8101,262,2751,EX_nh4_e,co-consumed,0.7901715688895377
8102,262,2751,EX_o2_e,co-consumed,3.999999925117265
8103,262,2751,EX_pyovd_kt_e,co-consumed,0.08140781945174283
8104,262,709,EX_acald_e,co-consumed,2.3331030225877964
8105,262,709,EX_arg__L_e,received,0.13939505062621846
8106,262,709,EX_asp__L_e,co-consumed,2.3364666711578006
8107,262,709,EX_co2_e,provided,3.9999992468984384
8108,262,709,EX_fe2_e,co-consumed,0.001004880035867944
8109,262,709,EX_fe3_e,co-consumed,0.09825562569376221
8110,262,709,EX_glyald_e,co-consumed,0.03544535160748722
8111,262,709,EX_h2o_e,received,3.9999997466492805
8112,262,709,EX_h2s_e,co-consumed,0.036008770359333114
8113,262,709,EX_h_e,co-consumed,3.9999997443327784
8114,262,709,EX_nh4_e,co-consumed,1.2529140989344e-05
8115,262,709,EX_o2_e,co-consumed,3.9999999885236144
8116,262,709,EX_orn_e,provided,1.4931246106364882
8117,262,709,EX_pi_e,received,1.2724910709637248e-06
8118,262,709,EX_pyovd_kt_e,co-consumed,0.08162271012892948
8119,262,709,EX_ser__L_e,co-consumed,0.5345198923037778
8120,262,1080,EX_acald_e,co-consumed,2.3331030225877964
8121,262,1080,EX_arg__L_e,co-consumed,0.09774477676403731
8122,262,1080,EX_asp__L_e,co-consumed,0.0017179471956249041
8123,262,1080,EX_bz_e,co-consumed,3.299013178626e-05
8124,262,1080,EX_ca2_e,co-consumed,0.0017199988518446041
8125,262,1080,EX_cl_e,co-consumed,0.001719998833413928
8126,262,1080,EX_cobalt2_e,co-consumed,3.3045126410572e-05
8127,262,1080,EX_cu2_e,co-consumed,0.00023428994625097202
8128,262,1080,EX_fe2_e,co-consumed,0.002292361233621388
8129,262,1080,EX_fe3_e,co-consumed,0.09825562569376221
8130,262,1080,EX_gly_asn__L_e,co-consumed,0.07965697718288292
8131,262,1080,EX_glyald_e,co-consumed,0.03544535160748722
8132,262,1080,EX_h2o_e,received,3.9999997466492805
8133,262,1080,EX_h2s_e,co-consumed,0.05085931955435928
8134,262,1080,EX_h_e,co-consumed,3.9999999358706617
8135,262,1080,EX_ile__L_e,co-consumed,0.09600566677600285
8136,262,1080,EX_indole_e,co-consumed,0.0187838402181919
8137,262,1080,EX_k_e,co-consumed,0.0645017735945925
8138,262,1080,EX_mg2_e,co-consumed,0.002866664713725084
8139,262,1080,EX_mn2_e,co-consumed,0.000228341823497068
8140,262,1080,EX_nh4_e,received,1.4546589208535525
8141,262,1080,EX_o2_e,co-consumed,4.000000005716123
8142,262,1080,EX_pi_e,co-consumed,0.317846700613507
8143,262,1080,EX_pyovd_kt_e,co-consumed,0.08162460805035757
8144,262,1080,EX_ser__L_e,co-consumed,0.1556379087786258
8145,262,1080,EX_so4_e,co-consumed,0.001433538678428896
8146,262,1080,EX_tyr__L_e,co-consumed,0.04556790367744402
8147,262,1080,EX_zn2_e,co-consumed,0.00011268388106005601
8148,262,1234,EX_acald_e,received,1.9985361270235371
8149,262,1234,EX_arg__L_e,co-consumed,0.13939505062621846
8150,262,1234,EX_bz_e,co-consumed,4.7064646417284e-05
8151,262,1234,EX_ca2_e,co-consumed,0.0024529104295559277
8152,262,1234,EX_cgly_e,received,1.3905833167600032e-06
8153,262,1234,EX_cl_e,co-consumed,0.00245291043100516
8154,262,1234,EX_cobalt2_e,co-consumed,4.7126040831452005e-05
8155,262,1234,EX_cu2_e,co-consumed,0.000334123629495
8156,262,1234,EX_fe2_e,co-consumed,0.004128071044394212
8157,262,1234,EX_fe3_e,co-consumed,0.09825562569376221
8158,262,1234,EX_glu__L_e,received,1.3939495782268335e-06
8159,262,1234,EX_gly_asn__L_e,co-consumed,0.1135996777948417
8160,262,1234,EX_glyc_e,provided,0.03544539127576483
8161,262,1234,EX_gthrd_e,provided,1.4065100262110147e-06
8162,262,1234,EX_h2o_e,co-consumed,0.657708615030396
8163,262,1234,EX_h2s_e,co-consumed,0.09158317848303064
8164,262,1234,EX_h_e,co-consumed,3.9999999358706617
8165,262,1234,EX_ile__L_e,co-consumed,0.136914781424848
8166,262,1234,EX_indole_e,co-consumed,0.026787848841981675
8167,262,1234,EX_k_e,co-consumed,0.0919867328801378
8168,262,1234,EX_lys__L_e,co-consumed,0.1617181671147805
8169,262,1234,EX_mg2_e,co-consumed,0.004088184035296432
8170,262,1234,EX_mn2_e,co-consumed,0.000325640942145336
8171,262,1234,EX_nh4_e,co-consumed,1.4546589208535525
8172,262,1234,EX_o2_e,co-consumed,4.000000005716123
8173,262,1234,EX_orn_e,provided,0.13155441536141965
8174,262,1234,EX_pi_e,co-consumed,0.4543136955359811
8175,262,1234,EX_pyovd_kt_e,co-consumed,0.0966212167263657
8176,262,1234,EX_so4_e,co-consumed,0.00204435203036386
8177,262,1234,EX_tyr__L_e,co-consumed,0.06509001758092595
8178,262,1234,EX_zn2_e,co-consumed,0.00016069979923529602
8179,262,459,EX_acald_e,received,2.3331030225877964
8180,262,459,EX_adn_e,received,1.1000462399344416e-06
8181,262,459,EX_arg__L_e,co-consumed,0.0752507675809346
8182,262,459,EX_bz_e,co-consumed,2.5439122619448e-05
8183,262,459,EX_ca2_e,co-consumed,0.001324174641914416
8184,262,459,EX_cl_e,co-consumed,0.001324174648216012
8185,262,459,EX_cobalt2_e,co-consumed,2.5440435039219997e-05
8186,262,459,EX_cu2_e,co-consumed,0.000180390647390964
8187,262,459,EX_etoh_e,provided,3.525817915228069
8188,262,459,EX_fe2_e,co-consumed,0.001764986478475996
8189,262,459,EX_fe3_e,co-consumed,0.09825562569376221
8190,262,459,EX_gly_asn__L_e,co-consumed,0.06132544409948123
8191,262,459,EX_glyc_e,provided,0.03544539127576483
8192,262,459,EX_gua_e,received,0.029323899499775583
8193,262,459,EX_h2o_e,received,3.9999997466492805
8194,262,459,EX_h2s_e,co-consumed,0.06265178161169169
8195,262,459,EX_h_e,co-consumed,3.9999999358706617
8196,262,459,EX_ile__L_e,co-consumed,0.07391186520346255
8197,262,459,EX_indole_e,co-consumed,0.014461106596512244
8198,262,459,EX_k_e,co-consumed,0.049657948366106826
8199,262,459,EX_lys__L_e,co-consumed,0.05673698394769787
8200,262,459,EX_mg2_e,co-consumed,0.002206957731340756
8201,262,459,EX_mn2_e,co-consumed,0.000175793406121016
8202,262,459,EX_ncam_e,received,0.001073277955324624
8203,262,459,EX_nh4_e,co-consumed,0.39438734493157057
8204,262,459,EX_o2_e,co-consumed,4.000000005716123
8205,262,459,EX_orn_e,provided,1.308345766382397e-06
8206,262,459,EX_pi_e,co-consumed,0.24524313539055015
8207,262,459,EX_pyovd_kt_e,co-consumed,0.09777116056894272
8208,262,459,EX_so4_e,co-consumed,0.0011036054317014401
8209,262,459,EX_tyr__L_e,co-consumed,0.035138067082458264
8210,262,459,EX_ura_e,co-consumed,0.08415546426400097
8211,262,459,EX_zn2_e,co-consumed,8.675188348374e-05
8212,262,939,EX_acald_e,co-consumed,2.3331030225877964
8213,262,939,EX_arg__L_e,co-consumed,0.09830545590351224
8214,262,939,EX_asp__L_e,co-consumed,3.7421089295866063
8215,262,939,EX_bz_e,co-consumed,3.3232014882852e-05
8216,262,939,EX_ca2_e,co-consumed,0.001729864292236908
8217,262,939,EX_cl_e,co-consumed,0.0017298642985617162
8218,262,939,EX_co2_e,provided,3.9999931267347986
8219,262,939,EX_cobalt2_e,co-consumed,3.3234664594716e-05
8220,262,939,EX_cu2_e,co-consumed,0.000235650970620524
8221,262,939,EX_etoh_e,provided,3.9999986151031823
8222,262,939,EX_fe2_e,co-consumed,0.002304981749567044
8223,262,939,EX_fe3_e,co-consumed,0.09825562569376221
8224,262,939,EX_glu__L_e,co-consumed,0.7326833773435338
8225,262,939,EX_gly_asn__L_e,co-consumed,0.08011383168303018
8226,262,939,EX_gua_e,received,0.11462372236362665
8227,262,939,EX_h2o_e,received,3.9999997466492805
8228,262,939,EX_h2s_e,co-consumed,0.051150502675831995
8229,262,939,EX_h_e,co-consumed,3.9999999358706617
8230,262,939,EX_ile__L_e,co-consumed,0.09655632339616185
8231,262,939,EX_indole_e,co-consumed,0.01889157864291596
8232,262,939,EX_k_e,co-consumed,0.06487173886236564
8233,262,939,EX_mg2_e,co-consumed,0.002883107157740876
8234,262,939,EX_mn2_e,co-consumed,0.000229651532349492
8235,262,939,EX_nh4_e,received,1.4546589208535525
8236,262,939,EX_o2_e,co-consumed,4.000000005716123
8237,262,939,EX_pi_e,co-consumed,0.21639201496887295
8238,262,939,EX_pyovd_kt_e,co-consumed,0.08179167806008131
8239,262,939,EX_so4_e,co-consumed,0.0014417620006114402
8240,262,939,EX_tyr__L_e,co-consumed,0.0458292680808313
8241,262,939,EX_ura_e,co-consumed,0.10993626824722248
8242,262,939,EX_zn2_e,co-consumed,0.000113330206267984
8243,262,1101,EX_acald_e,co-consumed,1.7386622935093572
8244,262,1101,EX_arg__L_e,co-consumed,0.0708719972398029
8245,262,1101,EX_bz_e,co-consumed,2.3960537358676e-05
8246,262,1101,EX_ca2_e,co-consumed,0.001247118090470048
8247,262,1101,EX_cl_e,co-consumed,0.001247118089766604
8248,262,1101,EX_cobalt2_e,co-consumed,2.3960001738136e-05
8249,262,1101,EX_cu2_e,co-consumed,0.000169893680116944
8250,262,1101,EX_etoh_e,provided,1.6528803451039475e-06
8251,262,1101,EX_fe2_e,co-consumed,0.001662285257221172
8252,262,1101,EX_fe3_e,co-consumed,0.09825562569376221
8253,262,1101,EX_gly_asn__L_e,co-consumed,0.05775678414611285
8254,262,1101,EX_glyc_e,provided,0.03544539127576483
8255,262,1101,EX_gua_e,co-consumed,0.013918972514455676
8256,262,1101,EX_h2o_e,received,3.9999997466492805
8257,262,1101,EX_h2s_e,co-consumed,0.03687654426009199
8258,262,1101,EX_h_e,co-consumed,3.9999999358706617
8259,262,1101,EX_ile__L_e,co-consumed,0.06961074539346983
8260,262,1101,EX_indole_e,co-consumed,0.013619584923228826
8261,262,1101,EX_k_e,co-consumed,0.04676824619272245
8262,262,1101,EX_lys__L_e,co-consumed,0.08222137421269764
8263,262,1101,EX_mg2_e,co-consumed,0.0020785301475042483
8264,262,1101,EX_mn2_e,co-consumed,0.00016556361201052803
8265,262,1101,EX_nh4_e,co-consumed,0.1584479661111053
8266,262,1101,EX_o2_e,co-consumed,4.000000005716123
8267,262,1101,EX_orn_e,provided,0.05296448255771899
8268,262,1101,EX_pi_e,co-consumed,0.2309763883790603
8269,262,1101,EX_pyovd_kt_e,co-consumed,0.09778118568073929
8270,262,1101,EX_so4_e,co-consumed,0.0010394015906126839
8271,262,1101,EX_tyr__L_e,co-consumed,0.033429170991171486
8272,262,1101,EX_ura_e,co-consumed,0.07925822142510183
8273,262,1101,EX_zn2_e,co-consumed,8.1703605927048e-05
8274,262,895,EX_acald_e,co-consumed,2.3331030225877964
8275,262,895,EX_arg__L_e,co-consumed,0.04662316792854972
8276,262,895,EX_ca2_e,co-consumed,0.000820419769612432
8277,262,895,EX_cl_e,co-consumed,0.000820419769612432
8278,262,895,EX_cobalt2_e,co-consumed,1.5762147350859998e-05
8279,262,895,EX_cu2_e,co-consumed,0.00011175362471762
8280,262,895,EX_fe2_e,received,0.007054245154801132
8281,262,895,EX_fe3_e,co-consumed,0.09825562569376221
8282,262,895,EX_fe3pyovd_kt_e,provided,0.09825560367075717
8283,262,895,EX_glu__L_e,co-consumed,3.9999995818905236
8284,262,895,EX_gly_asn__L_e,co-consumed,0.03799544068859324
8285,262,895,EX_h2o_e,received,1.630954304756127
8286,262,895,EX_h2s_e,co-consumed,0.03881892788041594
8287,262,895,EX_h_e,received,3.9999999358706617
8288,262,895,EX_indole_e,co-consumed,0.008959674706269403
8289,262,895,EX_k_e,co-consumed,0.03076660827857057
8290,262,895,EX_lys__L_e,co-consumed,0.05408952397600663
8291,262,895,EX_mg2_e,co-consumed,0.001367366289552788
8292,262,895,EX_mn2_e,co-consumed,0.00010891643819446402
8293,262,895,EX_nh4_e,received,1.4546589208535525
8294,262,895,EX_o2_e,co-consumed,3.9999999806049624
8295,262,895,EX_orn_e,provided,0.0348428136409918
8296,262,895,EX_pi_e,co-consumed,0.15194507879906127
8297,262,895,EX_pyovd_kt_e,received,0.09825560329901174
8298,262,895,EX_so4_e,co-consumed,0.0006837934442837
8299,262,895,EX_zn2_e,co-consumed,5.374892246644001e-05
8300,262,1174,EX_acald_e,co-consumed,1.3753633387686748e-06
8301,262,1174,EX_arg__L_e,co-consumed,0.05605769184233719
8302,262,1174,EX_ca2_e,co-consumed,0.000986437759824856
8303,262,1174,EX_cl_e,co-consumed,0.00098643776142874
8304,262,1174,EX_cobalt2_e,co-consumed,1.895173409846e-05
8305,262,1174,EX_cu2_e,co-consumed,0.00013436779475808
8306,262,1174,EX_etoh_e,provided,1.4944651258840753
8307,262,1174,EX_fe2_e,co-consumed,0.0027943848852446363
8308,262,1174,EX_fe3_e,co-consumed,0.09825562569376221
8309,262,1174,EX_gly_asn__L_e,co-consumed,0.04568414125757652
8310,262,1174,EX_glyc_e,provided,0.03544539127576483
8311,262,1174,EX_h2o_e,received,3.9999997466492805
8312,262,1174,EX_h2s_e,co-consumed,0.02916697578508537
8313,262,1174,EX_h_e,co-consumed,3.9999999358706617
8314,262,1174,EX_ile__L_e,co-consumed,0.055060282718296175
8315,262,1174,EX_k_e,co-consumed,0.0369924583388076
8316,262,1174,EX_lys__L_e,co-consumed,0.06503486075269914
8317,262,1174,EX_mg2_e,co-consumed,0.001644062933833644
8318,262,1174,EX_mn2_e,co-consumed,0.00013095648262036002
8319,262,1174,EX_nh4_e,co-consumed,0.3070393874160899
8320,262,1174,EX_o2_e,co-consumed,4.000000005716123
8321,262,1174,EX_pi_e,co-consumed,0.18053216455657164
8322,262,1174,EX_pyovd_kt_e,co-consumed,0.08157835839235565
8323,262,1174,EX_ser__L_e,co-consumed,0.10350235365771697
8324,262,1174,EX_so4_e,co-consumed,0.000822122439672656
8325,262,1174,EX_ura_e,co-consumed,0.06269127962800343
8326,262,1174,EX_zn2_e,co-consumed,6.4625413275748e-05
8327,262,638,EX_acald_e,received,2.3331030225877964
8328,262,638,EX_arg__L_e,co-consumed,0.13939505062621846
8329,262,638,EX_ca2_e,co-consumed,0.0022704574125995644
8330,262,638,EX_cl_e,co-consumed,0.00227045742129362
8331,262,638,EX_cobalt2_e,co-consumed,4.3620699700512e-05
8332,262,638,EX_cu2_e,co-consumed,0.000309270760876628
8333,262,638,EX_fe2_e,co-consumed,0.002929125572479568
8334,262,638,EX_fe3_e,co-consumed,0.09825562569376221
8335,262,638,EX_gua_e,received,0.011413676712646004
8336,262,638,EX_h2o_e,received,3.9999997466492805
8337,262,638,EX_h2s_e,received,0.11606566632490467
8338,262,638,EX_h_e,co-consumed,3.9999999358706617
8339,262,638,EX_ile__L_e,co-consumed,0.13562939800545407
8340,262,638,EX_k_e,co-consumed,0.08514455236642081
8341,262,638,EX_lys__L_e,co-consumed,0.154051264809716
8342,262,638,EX_mg2_e,co-consumed,0.0037840956883606605
8343,262,638,EX_mn2_e,co-consumed,0.000301419034930536
8344,262,638,EX_nh4_e,co-consumed,0.5506591393670807
8345,262,638,EX_o2_e,co-consumed,4.0000000003571925
8346,262,638,EX_pi_e,co-consumed,0.4543136955359811
8347,262,638,EX_pyovd_kt_e,co-consumed,0.08183482317024428
8348,262,638,EX_ser__L_e,co-consumed,0.2205969746734422
8349,262,638,EX_so4_e,co-consumed,0.00204435203036386
8350,262,638,EX_tyr__L_e,co-consumed,0.060151225681881935
8351,262,638,EX_zn2_e,co-consumed,0.000148746585978744
8352,262,1252,EX_acald_e,co-consumed,2.3331030225877964
8353,262,1252,EX_arg__L_e,co-consumed,0.04958276460367674
8354,262,1252,EX_ca2_e,co-consumed,0.000872499182630916
8355,262,1252,EX_cgly_e,received,3.159583648507262e-06
8356,262,1252,EX_cl_e,co-consumed,0.0008724991859140641
8357,262,1252,EX_cobalt2_e,co-consumed,1.6762632508992e-05
8358,262,1252,EX_cu2_e,co-consumed,0.00011884763121716
8359,262,1252,EX_fe3_e,co-consumed,0.09825562569376221
8360,262,1252,EX_glu__L_e,co-consumed,1.156763161269979
8361,262,1252,EX_gly_asn__L_e,co-consumed,0.040407353390169966
8362,262,1252,EX_glyc_e,provided,2.5718014938363035e-06
8363,262,1252,EX_gthrd_e,provided,3.1177770936651037e-06
8364,262,1252,EX_h2o_e,received,1.6854540583242033
8365,262,1252,EX_h2s_e,co-consumed,0.025799261722311503
8366,262,1252,EX_h_e,co-consumed,3.9999999358706617
8367,262,1252,EX_ile__L_e,co-consumed,0.04870053056460484
8368,262,1252,EX_indole_e,co-consumed,0.009528431344488265
8369,262,1252,EX_k_e,co-consumed,0.03271964129784373
8370,262,1252,EX_lys__L_e,co-consumed,0.05752308177107786
8371,262,1252,EX_mg2_e,co-consumed,0.001454165301560156
8372,262,1252,EX_mn2_e,co-consumed,0.00011583034153456801
8373,262,1252,EX_nh4_e,received,1.4546589208535525
8374,262,1252,EX_o2_e,co-consumed,4.000000005716123
8375,262,1252,EX_orn_e,provided,0.03705476110979352
8376,262,1252,EX_pi_e,co-consumed,0.16625355329077693
8377,262,1252,EX_pyovd_kt_e,co-consumed,0.09763087271135708
8378,262,1252,EX_so4_e,co-consumed,0.0007271911647131201
8379,262,1252,EX_tyr__L_e,co-consumed,0.02315249065739494
8380,262,1252,EX_zn2_e,co-consumed,5.7160849428843996e-05
8381,978,1208,EX_acald_e,co-consumed,0.031528264551958556
8382,978,1208,EX_arg__L_e,co-consumed,0.010515392853133068
8383,978,1208,EX_asn__L_e,co-consumed,0.008569462400046269
8384,978,1208,EX_ca2_e,co-consumed,0.000185037459311756
8385,978,1208,EX_cgly_e,received,1.1637137648433104e-06
8386,978,1208,EX_cl_e,co-consumed,0.00018503746083356002
8387,978,1208,EX_cobalt2_e,co-consumed,3.554994415211502e-06
8388,978,1208,EX_cu2_e,co-consumed,2.5204910403848e-05
8389,978,1208,EX_fe2_e,co-consumed,0.00023873883590635602
8390,978,1208,EX_fe3_e,co-consumed,0.2529801586337414
8391,978,1208,EX_glu__L_e,received,1.0558889299769023e-06
8392,978,1208,EX_glyc2p_e,co-consumed,1.0397915284202196e-06
8393,978,1208,EX_glyc_e,received,0.24764740041469416
8394,978,1208,EX_glygln_e,co-consumed,0.05348671039292357
8395,978,1208,EX_gthrd_e,provided,1.16268181321189e-06
8396,978,1208,EX_h2o_e,co-consumed,0.44188172090410993
8397,978,1208,EX_h2s_e,co-consumed,0.00547056092920584
8398,978,1208,EX_h_e,received,3.024212848729982
8399,978,1208,EX_ile__L_e,co-consumed,0.011053439265323308
8400,978,1208,EX_k_e,co-consumed,0.006939100248883789
8401,978,1208,EX_lys__L_e,co-consumed,0.012199306937354772
8402,978,1208,EX_mg2_e,co-consumed,0.000308395771808992
8403,978,1208,EX_mn2_e,co-consumed,2.4565011409108002e-05
8404,978,1208,EX_nh4_e,received,0.15221570128204553
8405,978,1208,EX_o2_e,co-consumed,3.9999999827833617
8406,978,1208,EX_orn_e,received,0.02610624975975622
8407,978,1208,EX_pi_e,co-consumed,0.04983466476348048
8408,978,1208,EX_pyovd_kt_e,co-consumed,0.08157885504853672
8409,978,1208,EX_ser__L_e,co-consumed,0.09209531243799896
8410,978,1208,EX_so4_e,co-consumed,0.00015421954251966
8411,978,1208,EX_stfrnA_e,co-consumed,0.08557217889577441
8412,978,1208,EX_stfrnB_e,co-consumed,0.08555159790369211
8413,978,1208,EX_zn2_e,co-consumed,1.2122530955867999e-05
8414,978,1334,EX_arg__L_e,co-consumed,0.03493271998263871
8415,978,1334,EX_bz_e,co-consumed,1.178109358972e-05
8416,978,1334,EX_ca2_e,co-consumed,0.000614705407725804
8417,978,1334,EX_cgly_e,received,2.2365464156387875
8418,978,1334,EX_cl_e,co-consumed,0.000614705397849888
8419,978,1334,EX_cobalt2_e,co-consumed,1.1809901884912e-05
8420,978,1334,EX_cu2_e,co-consumed,8.373220436403201e-05
8421,978,1334,EX_fe2_e,co-consumed,0.0007928112618444481
8422,978,1334,EX_fe3_e,co-consumed,0.25421123036778265
8423,978,1334,EX_glu__L_e,co-consumed,2.2365464042867877
8424,978,1334,EX_glyc_e,received,0.24764740041469416
8425,978,1334,EX_gthrd_e,provided,2.2365464018026535
8426,978,1334,EX_h2o_e,co-consumed,3.999999718465075
8427,978,1334,EX_h2s_e,co-consumed,0.020089283009825425
8428,978,1334,EX_h_e,co-consumed,1.0810525813379293
8429,978,1334,EX_ile__L_e,co-consumed,0.03672040273140531
8430,978,1334,EX_k_e,co-consumed,0.02305210178621846
8431,978,1334,EX_lac__L_e,co-consumed,0.6259845512466978
8432,978,1334,EX_lys__L_e,received,0.04170792875179372
8433,978,1334,EX_mg2_e,co-consumed,0.00102450898582638
8434,978,1334,EX_mn2_e,co-consumed,8.1606422024748e-05
8435,978,1334,EX_nh4_e,received,0.15221570128204553
8436,978,1334,EX_o2_e,co-consumed,3.999999987126816
8437,978,1334,EX_orn_e,co-consumed,0.02610624975975622
8438,978,1334,EX_pi_e,co-consumed,0.16582010592256907
8439,978,1334,EX_pyovd_kt_e,co-consumed,0.08174269204197179
8440,978,1334,EX_ser__L_e,co-consumed,0.09209531243799896
8441,978,1334,EX_so4_e,co-consumed,0.000512315308719196
8442,978,1334,EX_stfrnA_e,co-consumed,0.08574002981856813
8443,978,1334,EX_stfrnB_e,co-consumed,0.08571011538482924
8444,978,1334,EX_zn2_e,co-consumed,4.0266750851668e-05
8445,978,397,EX_arg__L_e,co-consumed,0.03493271998263871
8446,978,397,EX_asn__L_e,co-consumed,0.014519594738247956
8447,978,397,EX_bz_e,co-consumed,1.178109358972e-05
8448,978,397,EX_ca2_e,co-consumed,0.000614705407725804
8449,978,397,EX_cl_e,co-consumed,0.000614705397849888
8450,978,397,EX_co_e,provided,9.345755130370001e-05
8451,978,397,EX_cobalt2_e,co-consumed,1.1809901884912e-05
8452,978,397,EX_cu2_e,co-consumed,8.373220436403201e-05
8453,978,397,EX_fe2_e,co-consumed,0.0007928112618444481
8454,978,397,EX_fe3_e,co-consumed,0.25421123036778265
8455,978,397,EX_glyc_e,co-consumed,0.18638663939230632
8456,978,397,EX_glygln_e,co-consumed,0.16531970933720153
8457,978,397,EX_h2o_e,received,3.999999718465075
8458,978,397,EX_h2s_e,received,0.029059921706837077
8459,978,397,EX_h_e,co-consumed,3.999999719834292
8460,978,397,EX_ile__L_e,co-consumed,0.03672040273140531
8461,978,397,EX_k_e,co-consumed,0.02305210178621846
8462,978,397,EX_lys__L_e,co-consumed,0.04170792875179372
8463,978,397,EX_mg2_e,co-consumed,0.00102450898582638
8464,978,397,EX_mn2_e,co-consumed,8.1606422024748e-05
8465,978,397,EX_nh4_e,co-consumed,0.15221570128204553
8466,978,397,EX_o2_e,co-consumed,3.999999987126816
8467,978,397,EX_orn_e,co-consumed,0.02610624975975622
8468,978,397,EX_pi_e,co-consumed,0.16582010592256907
8469,978,397,EX_pyovd_kt_e,co-consumed,0.08168261366841971
8470,978,397,EX_so4_e,co-consumed,0.000512315308719196
8471,978,397,EX_stfrnA_e,co-consumed,0.08568619093024499
8472,978,397,EX_stfrnB_e,co-consumed,0.08566524854270875
8473,978,397,EX_zn2_e,co-consumed,4.0266750851668e-05
8474,978,790,EX_acald_e,co-consumed,2.93522760138418
8475,978,790,EX_arg__L_e,co-consumed,0.03493271998263871
8476,978,790,EX_asn__L_e,co-consumed,0.028468349702540367
8477,978,790,EX_bz_e,co-consumed,1.178109358972e-05
8478,978,790,EX_ca2_e,co-consumed,0.000614705407725804
8479,978,790,EX_cl_e,co-consumed,0.000614705397849888
8480,978,790,EX_co_e,provided,8.6963135624944e-05
8481,978,790,EX_cobalt2_e,co-consumed,1.1809901884912e-05
8482,978,790,EX_cu2_e,co-consumed,8.373220436403201e-05
8483,978,790,EX_fe2_e,co-consumed,0.0007928112618444481
8484,978,790,EX_fe3_e,co-consumed,0.25421123036778265
8485,978,790,EX_glu__L_e,co-consumed,0.2379628279478169
8486,978,790,EX_glyc_e,co-consumed,5.115498198920001e-06
8487,978,790,EX_glygln_e,co-consumed,0.16531970933720153
8488,978,790,EX_h2o_e,received,2.033944102906e-05
8489,978,790,EX_h2s_e,co-consumed,0.029059921706837077
8490,978,790,EX_h_e,co-consumed,3.999999719834292
8491,978,790,EX_ile__L_e,co-consumed,0.03672040273140531
8492,978,790,EX_k_e,co-consumed,0.02305210178621846
8493,978,790,EX_lys__L_e,co-consumed,0.04170792875179372
8494,978,790,EX_mg2_e,co-consumed,0.00102450898582638
8495,978,790,EX_mn2_e,co-consumed,8.1606422024748e-05
8496,978,790,EX_nh4_e,received,0.15221570128204553
8497,978,790,EX_o2_e,co-consumed,3.999999987126816
8498,978,790,EX_orn_e,co-consumed,0.02610624975975622
8499,978,790,EX_pi_e,co-consumed,0.16582010592256907
8500,978,790,EX_pyovd_kt_e,co-consumed,0.08168969220271365
8501,978,790,EX_quin_e,co-consumed,0.04495718201968427
8502,978,790,EX_so4_e,co-consumed,0.000512315308719196
8503,978,790,EX_stfrnA_e,co-consumed,0.0856930507974858
8504,978,790,EX_stfrnB_e,co-consumed,0.0856674522874954
8505,978,790,EX_thr__L_e,co-consumed,0.02590302123606469
8506,978,790,EX_zn2_e,co-consumed,4.0266750851668e-05
8507,978,947,EX_acald_e,received,3.8316336657903487
8508,978,947,EX_arg__L_e,co-consumed,0.03493271998263871
8509,978,947,EX_ca2_e,co-consumed,0.000614705407725804
8510,978,947,EX_cl_e,co-consumed,0.000614705397849888
8511,978,947,EX_co_e,provided,0.000168305542711704
8512,978,947,EX_cobalt2_e,co-consumed,1.1809901884912e-05
8513,978,947,EX_cu2_e,co-consumed,8.373220436403201e-05
8514,978,947,EX_fe2_e,co-consumed,0.0007928112618444481
8515,978,947,EX_fe3_e,co-consumed,0.25421123036778265
8516,978,947,EX_glyc2p_e,co-consumed,1.0643967071158908e-06
8517,978,947,EX_glyc_e,co-consumed,0.24764740041469416
8518,978,947,EX_glygln_e,co-consumed,0.16531970933720153
8519,978,947,EX_h2o_e,received,3.999999718465075
8520,978,947,EX_h2s_e,co-consumed,0.029059921706837077
8521,978,947,EX_h_e,co-consumed,3.999999719834292
8522,978,947,EX_k_e,co-consumed,0.02305210178621846
8523,978,947,EX_lys__L_e,co-consumed,0.04170792875179372
8524,978,947,EX_mg2_e,co-consumed,0.00102450898582638
8525,978,947,EX_mn2_e,co-consumed,8.1606422024748e-05
8526,978,947,EX_nh4_e,co-consumed,0.15221570128204553
8527,978,947,EX_o2_e,co-consumed,3.999999987126816
8528,978,947,EX_orn_e,received,0.02610624975975622
8529,978,947,EX_pi_e,co-consumed,0.16582010592256907
8530,978,947,EX_pyovd_kt_e,co-consumed,0.08172432925127425
8531,978,947,EX_so4_e,co-consumed,0.000512315308719196
8532,978,947,EX_stfrnA_e,co-consumed,0.08572703856581225
8533,978,947,EX_stfrnB_e,co-consumed,0.08570291328544478
8534,978,947,EX_zn2_e,co-consumed,4.0266750851668e-05
8535,978,997,EX_acald_e,co-consumed,0.6015655253815413
8536,978,997,EX_arg__L_e,co-consumed,0.03493271998263871
8537,978,997,EX_asp__D_e,co-consumed,0.02947288471119753
8538,978,997,EX_bz_e,co-consumed,1.178109358972e-05
8539,978,997,EX_ca2_e,co-consumed,0.000614705407725804
8540,978,997,EX_cgly_e,received,1.45917122985018e-06
8541,978,997,EX_cl_e,co-consumed,0.000614705397849888
8542,978,997,EX_cobalt2_e,co-consumed,1.1809901884912e-05
8543,978,997,EX_cu2_e,co-consumed,8.373220436403201e-05
8544,978,997,EX_fe2_e,co-consumed,0.0007928112618444481
8545,978,997,EX_fe3_e,co-consumed,0.09940322317984002
8546,978,997,EX_glu__L_e,received,1.4547662932545256e-06
8547,978,997,EX_glyc_e,co-consumed,0.027880222580512305
8548,978,997,EX_glygln_e,co-consumed,0.16531970933720153
8549,978,997,EX_gthrd_e,provided,1.4356304749597735e-06
8550,978,997,EX_h2o_e,received,3.999999718465075
8551,978,997,EX_h2s_e,co-consumed,0.029059921706837077
8552,978,997,EX_h_e,co-consumed,3.999999719834292
8553,978,997,EX_ile__L_e,co-consumed,0.03672040273140531
8554,978,997,EX_k_e,co-consumed,0.02305210178621846
8555,978,997,EX_lys__L_e,co-consumed,0.04170792875179372
8556,978,997,EX_mg2_e,co-consumed,0.00102450898582638
8557,978,997,EX_mn2_e,co-consumed,8.1606422024748e-05
8558,978,997,EX_nh4_e,received,0.15221570128204553
8559,978,997,EX_o2_e,co-consumed,3.999999987126816
8560,978,997,EX_orn_e,co-consumed,0.02610624975975622
8561,978,997,EX_pyovd_kt_e,co-consumed,0.08177217094967777
8562,978,997,EX_ser__L_e,co-consumed,0.09015960816453393
8563,978,997,EX_so4_e,co-consumed,0.000512315308719196
8564,978,997,EX_thm_e,co-consumed,2.6335884137236003e-05
8565,978,997,EX_zn2_e,co-consumed,4.0266750851668e-05
8566,978,1114,EX_arg__L_e,co-consumed,0.0046357303882063276
8567,978,1114,EX_bz_e,co-consumed,1.5686153384505792e-06
8568,978,1114,EX_ca2_e,co-consumed,8.157368052924399e-05
8569,978,1114,EX_cl_e,co-consumed,8.1573673573936e-05
8570,978,1114,EX_cobalt2_e,co-consumed,1.5672176856355215e-06
8571,978,1114,EX_cu2_e,co-consumed,1.0660673623368001e-05
8572,978,1114,EX_fe2_e,co-consumed,0.000105202132142988
8573,978,1114,EX_fe3_e,co-consumed,0.2526625386113989
8574,978,1114,EX_gal_e,received,0.1149330845625809
8575,978,1114,EX_glyc_e,co-consumed,0.24764740041469416
8576,978,1114,EX_glygln_e,co-consumed,0.042553588203818285
8577,978,1114,EX_h2o_e,received,3.999999718465075
8578,978,1114,EX_h2s_e,co-consumed,0.0038483196513773637
8579,978,1114,EX_h_e,received,0.00112623464957868
8580,978,1114,EX_ile__L_e,co-consumed,0.004872935060638228
8581,978,1114,EX_k_e,co-consumed,0.003059099217122536
8582,978,1114,EX_lys__L_e,co-consumed,0.005534792074785936
8583,978,1114,EX_mg2_e,co-consumed,0.000135956138154524
8584,978,1114,EX_mn2_e,co-consumed,1.082947420774e-05
8585,978,1114,EX_nh4_e,received,0.04547024196706147
8586,978,1114,EX_o2_e,co-consumed,3.8457435539662432
8587,978,1114,EX_orn_e,co-consumed,0.003464318233193924
8588,978,1114,EX_pyovd_kt_e,co-consumed,0.08153202518695611
8589,978,1114,EX_so4_e,co-consumed,6.7900542683388e-05
8590,978,1114,EX_stfrnA_e,co-consumed,0.08551769571185876
8591,978,1114,EX_stfrnB_e,co-consumed,0.0854905751777392
8592,978,1114,EX_thm_e,co-consumed,3.4862392137499753e-06
8593,978,1114,EX_thr__L_e,co-consumed,0.003975755864866173
8594,978,1114,EX_zn2_e,co-consumed,5.344212308016e-06
8595,978,1362,EX_acald_e,received,3.9999998664308722
8596,978,1362,EX_arg__L_e,co-consumed,0.03493271998263871
8597,978,1362,EX_asp__D_e,co-consumed,0.02947288471119753
8598,978,1362,EX_bz_e,received,1.178109358972e-05
8599,978,1362,EX_ca2_e,co-consumed,0.000614705407725804
8600,978,1362,EX_cgly_e,received,1.6802571514112338e-06
8601,978,1362,EX_cl_e,co-consumed,0.000614705397849888
8602,978,1362,EX_cobalt2_e,co-consumed,1.1809901884912e-05
8603,978,1362,EX_cu2_e,co-consumed,8.373220436403201e-05
8604,978,1362,EX_fe2_e,co-consumed,0.0007928112618444481
8605,978,1362,EX_fe3_e,co-consumed,0.10109349937422764
8606,978,1362,EX_glu__L_e,received,2.2365464042867877
8607,978,1362,EX_glyc_e,co-consumed,0.24764740041469416
8608,978,1362,EX_gthrd_e,provided,1.696468469366609e-06
8609,978,1362,EX_h2o_e,received,3.999999718465075
8610,978,1362,EX_h2s_e,received,0.029059921706837077
8611,978,1362,EX_h_e,co-consumed,3.999999719834292
8612,978,1362,EX_k_e,co-consumed,0.02305210178621846
8613,978,1362,EX_mg2_e,co-consumed,0.00102450898582638
8614,978,1362,EX_mn2_e,co-consumed,8.1606422024748e-05
8615,978,1362,EX_nh4_e,co-consumed,0.01835854082437485
8616,978,1362,EX_o2_e,co-consumed,3.999999987126816
8617,978,1362,EX_pi_e,co-consumed,0.16582010592256907
8618,978,1362,EX_pyovd_kt_e,co-consumed,0.08177217094967777
8619,978,1362,EX_quin_e,co-consumed,0.04495718201968427
8620,978,1362,EX_so4_e,co-consumed,0.000512315308719196
8621,978,1362,EX_zn2_e,co-consumed,4.0266750851668e-05
8622,978,428,EX_acald_e,co-consumed,3.9999992800442308
8623,978,428,EX_arg__L_e,co-consumed,0.03493271998263871
8624,978,428,EX_bz_e,co-consumed,1.178109358972e-05
8625,978,428,EX_ca2_e,co-consumed,0.000614705407725804
8626,978,428,EX_cgly_e,received,0.6658464524278002
8627,978,428,EX_cl_e,co-consumed,0.000614705397849888
8628,978,428,EX_cobalt2_e,co-consumed,1.1809901884912e-05
8629,978,428,EX_cu2_e,co-consumed,8.373220436403201e-05
8630,978,428,EX_fe2_e,co-consumed,0.0007928112618444481
8631,978,428,EX_fe3_e,co-consumed,0.25421123036778265
8632,978,428,EX_glu__L_e,received,0.6658464473984848
8633,978,428,EX_glyc_e,co-consumed,0.24764740041469416
8634,978,428,EX_glygln_e,co-consumed,0.16531970933720153
8635,978,428,EX_gthrd_e,provided,0.6658465393503891
8636,978,428,EX_h2o_e,received,1.5908916895398881
8637,978,428,EX_h2s_e,co-consumed,0.029059921706837077
8638,978,428,EX_h_e,co-consumed,3.999999719834292
8639,978,428,EX_ile__L_e,co-consumed,0.03672040273140531
8640,978,428,EX_k_e,co-consumed,0.02305210178621846
8641,978,428,EX_lys__L_e,co-consumed,0.04170792875179372
8642,978,428,EX_mg2_e,co-consumed,0.00102450898582638
8643,978,428,EX_mn2_e,co-consumed,8.1606422024748e-05
8644,978,428,EX_nh4_e,co-consumed,0.15221570128204553
8645,978,428,EX_o2_e,co-consumed,3.999999987126816
8646,978,428,EX_pi_e,co-consumed,0.16582010592256907
8647,978,428,EX_pyovd_kt_e,co-consumed,0.08177217094967777
8648,978,428,EX_ser__L_e,co-consumed,0.09209531243799896
8649,978,428,EX_so4_e,co-consumed,0.000512315308719196
8650,978,428,EX_stfrnA_e,co-consumed,0.08577318102997826
8651,978,428,EX_stfrnB_e,co-consumed,0.08574355525679864
8652,978,428,EX_zn2_e,co-consumed,4.0266750851668e-05
8653,978,796,EX_acald_e,co-consumed,0.002836909054187548
8654,978,796,EX_arg__L_e,co-consumed,0.03493271998263871
8655,978,796,EX_ca2_e,co-consumed,0.000614705407725804
8656,978,796,EX_cl_e,co-consumed,0.000614705397849888
8657,978,796,EX_co_e,provided,8.5100383024136e-05
8658,978,796,EX_cobalt2_e,co-consumed,1.1809901884912e-05
8659,978,796,EX_cu2_e,co-consumed,8.373220436403201e-05
8660,978,796,EX_fe2_e,co-consumed,0.0007928112618444481
8661,978,796,EX_fe3_e,co-consumed,0.25421123036778265
8662,978,796,EX_gal_e,co-consumed,0.1149330845625809
8663,978,796,EX_glyc_e,co-consumed,0.24764740041469416
8664,978,796,EX_glygln_e,co-consumed,0.16531970933720153
8665,978,796,EX_h2o_e,received,3.999999718465075
8666,978,796,EX_h2s_e,received,0.029059921706837077
8667,978,796,EX_h_e,co-consumed,3.999999719834292
8668,978,796,EX_ile__L_e,co-consumed,0.03672040273140531
8669,978,796,EX_k_e,co-consumed,0.02305210178621846
8670,978,796,EX_lys__L_e,co-consumed,0.04170792875179372
8671,978,796,EX_meoh_e,received,6.7869655286704e-05
8672,978,796,EX_mg2_e,co-consumed,0.00102450898582638
8673,978,796,EX_mn2_e,co-consumed,8.1606422024748e-05
8674,978,796,EX_nh4_e,co-consumed,5.81020049542e-06
8675,978,796,EX_o2_e,co-consumed,3.999999987126816
8676,978,796,EX_orn_e,co-consumed,0.02610624975975622
8677,978,796,EX_pi_e,co-consumed,0.16582010592256907
8678,978,796,EX_pyovd_kt_e,co-consumed,0.08161142134172414
8679,978,796,EX_so4_e,co-consumed,0.000512315308719196
8680,978,796,EX_stfrnA_e,co-consumed,0.08560896902501572
8681,978,796,EX_stfrnB_e,co-consumed,0.08559065192532496
8682,978,796,EX_zn2_e,co-consumed,4.0266750851668e-05
8683,978,1350,EX_acald_e,co-consumed,1.917460305183066
8684,978,1350,EX_ala__L_e,co-consumed,0.047262238141825307
8685,978,1350,EX_arg__L_e,co-consumed,0.03493271998263871
8686,978,1350,EX_ca2_e,co-consumed,0.000388408448178276
8687,978,1350,EX_cl_e,co-consumed,0.000388413463840176
8688,978,1350,EX_cobalt2_e,co-consumed,7.46231436586e-06
8689,978,1350,EX_cu2_e,co-consumed,5.290780885396e-05
8690,978,1350,EX_fe3_e,co-consumed,0.2539856748570928
8691,978,1350,EX_gal_e,co-consumed,0.015297723096571323
8692,978,1350,EX_glyc_e,received,0.24764740041469416
8693,978,1350,EX_glygln_e,co-consumed,0.1284790199539067
8694,978,1350,EX_h2s_e,co-consumed,0.018360240954817714
8695,978,1350,EX_h_e,co-consumed,0.17888914915507573
8696,978,1350,EX_ile__L_e,co-consumed,0.016327387249486534
8697,978,1350,EX_k_e,co-consumed,0.01456591528015751
8698,978,1350,EX_lys__L_e,co-consumed,0.02635395491518484
8699,978,1350,EX_mg2_e,co-consumed,0.000647355765087112
8700,978,1350,EX_mn2_e,co-consumed,5.1564593668596e-05
8701,978,1350,EX_nh4_e,received,0.10453527812462682
8702,978,1350,EX_o2_e,co-consumed,3.999999987126816
8703,978,1350,EX_orn_e,received,0.006236717596360448
8704,978,1350,EX_pi_e,co-consumed,0.11485945952391907
8705,978,1350,EX_pyovd_kt_e,co-consumed,0.08164225635842604
8706,978,1350,EX_ser__L_e,co-consumed,0.09209531243799896
8707,978,1350,EX_so4_e,co-consumed,0.000323716092813068
8708,978,1350,EX_stfrnA_e,co-consumed,0.08564058922336161
8709,978,1350,EX_stfrnB_e,co-consumed,0.08561906502578104
8710,978,1350,EX_thm_e,co-consumed,1.6419537479584e-05
8711,978,1350,EX_thr__L_e,co-consumed,0.018930339665510935
8712,978,1350,EX_zn2_e,co-consumed,2.5446491987588002e-05
8713,978,262,EX_acald_e,co-consumed,2.3331030225877964
8714,978,262,EX_arg__L_e,co-consumed,0.03493271998263871
8715,978,262,EX_bz_e,co-consumed,1.178109358972e-05
8716,978,262,EX_ca2_e,co-consumed,0.000614705407725804
8717,978,262,EX_cgly_e,co-consumed,2.2365464156387875
8718,978,262,EX_cl_e,co-consumed,0.000614705397849888
8719,978,262,EX_cobalt2_e,co-consumed,1.1809901884912e-05
8720,978,262,EX_cu2_e,co-consumed,8.373220436403201e-05
8721,978,262,EX_fe2_e,co-consumed,0.0007928112618444481
8722,978,262,EX_fe3_e,co-consumed,0.09825562569376221
8723,978,262,EX_glu__L_e,co-consumed,2.2365464042867877
8724,978,262,EX_glyc_e,received,0.03544539127576483
8725,978,262,EX_h2o_e,co-consumed,3.999999718465075
8726,978,262,EX_h2s_e,co-consumed,0.029059921706837077
8727,978,262,EX_h_e,co-consumed,3.999999719834292
8728,978,262,EX_ile__L_e,co-consumed,0.03672040273140531
8729,978,262,EX_k_e,co-consumed,0.02305210178621846
8730,978,262,EX_lys__L_e,co-consumed,0.04170792875179372
8731,978,262,EX_mg2_e,co-consumed,0.00102450898582638
8732,978,262,EX_mn2_e,co-consumed,8.1606422024748e-05
8733,978,262,EX_nh4_e,co-consumed,0.15221570128204553
8734,978,262,EX_o2_e,co-consumed,3.999999987126816
8735,978,262,EX_orn_e,received,0.02610624975975622
8736,978,262,EX_pi_e,co-consumed,0.16582010592256907
8737,978,262,EX_pyovd_kt_e,co-consumed,0.08177217094967777
8738,978,262,EX_ser__L_e,co-consumed,0.09209531243799896
8739,978,262,EX_so4_e,co-consumed,0.000512315308719196
8740,978,262,EX_zn2_e,co-consumed,4.0266750851668e-05
8741,978,1338,EX_acald_e,received,3.9999998664308722
8742,978,1338,EX_arg__L_e,co-consumed,0.03493271998263871
8743,978,1338,EX_bz_e,co-consumed,1.178109358972e-05
8744,978,1338,EX_ca2_e,co-consumed,0.000614705407725804
8745,978,1338,EX_cgly_e,received,0.8714742567696998
8746,978,1338,EX_cl_e,co-consumed,0.000614705397849888
8747,978,1338,EX_co_e,provided,0.000196124531918444
8748,978,1338,EX_cobalt2_e,co-consumed,1.1809901884912e-05
8749,978,1338,EX_cu2_e,co-consumed,8.373220436403201e-05
8750,978,1338,EX_fe2_e,co-consumed,0.0007928112618444481
8751,978,1338,EX_fe3_e,co-consumed,0.10098779478597139
8752,978,1338,EX_glu__L_e,received,0.5985558432159503
8753,978,1338,EX_glyc_e,co-consumed,0.24764740041469416
8754,978,1338,EX_gthrd_e,provided,0.8714742749677248
8755,978,1338,EX_h2o_e,received,3.999999718465075
8756,978,1338,EX_h2s_e,co-consumed,0.029059921706837077
8757,978,1338,EX_h_e,co-consumed,3.999999719834292
8758,978,1338,EX_ile__L_e,co-consumed,0.03672040273140531
8759,978,1338,EX_k_e,co-consumed,0.02305210178621846
8760,978,1338,EX_lys__L_e,co-consumed,0.04170792875179372
8761,978,1338,EX_mg2_e,co-consumed,0.00102450898582638
8762,978,1338,EX_mn2_e,co-consumed,8.1606422024748e-05
8763,978,1338,EX_nh4_e,received,0.15221570128204553
8764,978,1338,EX_o2_e,co-consumed,3.999999987126816
8765,978,1338,EX_orn_e,co-consumed,0.02610624975975622
8766,978,1338,EX_pi_e,co-consumed,0.16582010592256907
8767,978,1338,EX_pyovd_kt_e,co-consumed,0.08177217094967777
8768,978,1338,EX_ser__L_e,co-consumed,0.09209531243799896
8769,978,1338,EX_so4_e,co-consumed,0.000512315308719196
8770,978,1338,EX_zn2_e,co-consumed,4.0266750851668e-05
8771,978,1357,EX_acald_e,co-consumed,1.35859842204089
8772,978,1357,EX_ala__L_e,co-consumed,0.10694683813334424
8773,978,1357,EX_arg__L_e,co-consumed,0.03493271998263871
8774,978,1357,EX_bz_e,co-consumed,1.178109358972e-05
8775,978,1357,EX_ca2_e,co-consumed,0.000614705407725804
8776,978,1357,EX_cl_e,co-consumed,0.000614705397849888
8777,978,1357,EX_cobalt2_e,co-consumed,1.1809901884912e-05
8778,978,1357,EX_cu2_e,co-consumed,8.373220436403201e-05
8779,978,1357,EX_fe2_e,co-consumed,0.0007928112618444481
8780,978,1357,EX_fe3_e,co-consumed,0.09943419479300797
8781,978,1357,EX_glyc_e,co-consumed,0.24764740041469416
8782,978,1357,EX_glygln_e,co-consumed,0.16531970933720153
8783,978,1357,EX_h2o_e,received,1.0911453003108098
8784,978,1357,EX_h2s_e,co-consumed,0.029059921706837077
8785,978,1357,EX_h_e,co-consumed,3.999999719834292
8786,978,1357,EX_ile__L_e,co-consumed,0.03672040273140531
8787,978,1357,EX_k_e,co-consumed,0.02305210178621846
8788,978,1357,EX_lys__L_e,co-consumed,0.04170792875179372
8789,978,1357,EX_mg2_e,co-consumed,0.00102450898582638
8790,978,1357,EX_mn2_e,co-consumed,8.1606422024748e-05
8791,978,1357,EX_nh4_e,received,0.15221570128204553
8792,978,1357,EX_o2_e,co-consumed,3.999999987126816
8793,978,1357,EX_orn_e,co-consumed,0.02610624975975622
8794,978,1357,EX_pi_e,co-consumed,0.16582010592256907
8795,978,1357,EX_pyovd_kt_e,co-consumed,0.08177217094967777
8796,978,1357,EX_so4_e,co-consumed,0.000512315308719196
8797,978,1357,EX_zn2_e,co-consumed,4.0266750851668e-05
8798,978,2751,EX_cgly_e,received,0.6995529005912845
8799,978,2751,EX_fe3_e,co-consumed,0.25214261553782036
8800,978,2751,EX_glu__L_e,received,0.6995528978121673
8801,978,2751,EX_glyc_e,co-consumed,0.24764740041469416
8802,978,2751,EX_gthrd_e,provided,0.6995528918791749
8803,978,2751,EX_h2o_e,received,3.171311417312431
8804,978,2751,EX_h2s_e,co-consumed,0.029059921706837077
8805,978,2751,EX_h_e,received,3.999999719834292
8806,978,2751,EX_lac__L_e,received,1.9431042672358652
8807,978,2751,EX_nh4_e,co-consumed,0.15221570128204553
8808,978,2751,EX_o2_e,co-consumed,3.999999925117265
8809,978,2751,EX_pyovd_kt_e,co-consumed,0.08140781945174283
8810,978,2751,EX_stfrnA_e,co-consumed,0.0853751819941325
8811,978,2751,EX_stfrnB_e,co-consumed,0.08535991256867606
8812,978,709,EX_acald_e,co-consumed,3.999999565435491
8813,978,709,EX_ala__L_e,co-consumed,0.10694683813334424
8814,978,709,EX_arg__L_e,received,0.03493271998263871
8815,978,709,EX_asp__D_e,received,0.02947288471119753
8816,978,709,EX_co2_e,provided,3.9999992468984384
8817,978,709,EX_fe2_e,co-consumed,0.0007928112618444481
8818,978,709,EX_fe3_e,co-consumed,0.25283877006317557
8819,978,709,EX_glyc_e,received,0.24764740041469416
8820,978,709,EX_h2o_e,received,3.999999718465075
8821,978,709,EX_h2s_e,co-consumed,0.029059921706837077
8822,978,709,EX_h_e,co-consumed,3.999999719834292
8823,978,709,EX_lac__L_e,received,3.9999995561385284
8824,978,709,EX_nh4_e,co-consumed,1.2529140989344e-05
8825,978,709,EX_o2_e,co-consumed,3.999999987126816
8826,978,709,EX_orn_e,co-consumed,0.02610624975975622
8827,978,709,EX_pi_e,received,1.2724910709637248e-06
8828,978,709,EX_pyovd_kt_e,co-consumed,0.08162271012892948
8829,978,709,EX_ser__L_e,co-consumed,0.09209531243799896
8830,978,709,EX_stfrnA_e,co-consumed,0.08561876966794828
8831,978,709,EX_stfrnB_e,co-consumed,0.08559728795379533
8832,978,1080,EX_acald_e,co-consumed,3.9999998664308722
8833,978,1080,EX_arg__L_e,co-consumed,0.03493271998263871
8834,978,1080,EX_asp__D_e,co-consumed,0.02947288471119753
8835,978,1080,EX_bz_e,co-consumed,1.178109358972e-05
8836,978,1080,EX_ca2_e,co-consumed,0.000614705407725804
8837,978,1080,EX_cl_e,co-consumed,0.000614705397849888
8838,978,1080,EX_cobalt2_e,co-consumed,1.1809901884912e-05
8839,978,1080,EX_cu2_e,co-consumed,8.373220436403201e-05
8840,978,1080,EX_fe2_e,co-consumed,0.0007928112618444481
8841,978,1080,EX_fe3_e,co-consumed,0.25421123036778265
8842,978,1080,EX_gal_e,co-consumed,0.1149330845625809
8843,978,1080,EX_glyc_e,received,0.24764740041469416
8844,978,1080,EX_glygln_e,co-consumed,0.16531970933720153
8845,978,1080,EX_h2o_e,received,3.999999718465075
8846,978,1080,EX_h2s_e,co-consumed,0.029059921706837077
8847,978,1080,EX_h_e,co-consumed,3.999999719834292
8848,978,1080,EX_ile__L_e,co-consumed,0.03672040273140531
8849,978,1080,EX_k_e,co-consumed,0.02305210178621846
8850,978,1080,EX_mg2_e,co-consumed,0.00102450898582638
8851,978,1080,EX_mn2_e,co-consumed,8.1606422024748e-05
8852,978,1080,EX_nh4_e,received,0.15221570128204553
8853,978,1080,EX_o2_e,co-consumed,3.999999987126816
8854,978,1080,EX_pi_e,co-consumed,0.16582010592256907
8855,978,1080,EX_pyovd_kt_e,co-consumed,0.08162460805035757
8856,978,1080,EX_ser__L_e,co-consumed,0.09209531243799896
8857,978,1080,EX_so4_e,co-consumed,0.000512315308719196
8858,978,1080,EX_stfrnA_e,co-consumed,0.08562607366209049
8859,978,1080,EX_stfrnB_e,co-consumed,0.08560076402816279
8860,978,1080,EX_thm_e,co-consumed,2.6335884137236003e-05
8861,978,1080,EX_zn2_e,co-consumed,4.0266750851668e-05
8862,978,1234,EX_acald_e,received,1.9985361270235371
8863,978,1234,EX_arg__L_e,co-consumed,0.03493271998263871
8864,978,1234,EX_bz_e,co-consumed,1.178109358972e-05
8865,978,1234,EX_ca2_e,co-consumed,0.000614705407725804
8866,978,1234,EX_cgly_e,received,1.3905833167600032e-06
8867,978,1234,EX_cl_e,co-consumed,0.000614705397849888
8868,978,1234,EX_cobalt2_e,co-consumed,1.1809901884912e-05
8869,978,1234,EX_cu2_e,co-consumed,8.373220436403201e-05
8870,978,1234,EX_fe2_e,co-consumed,0.0007928112618444481
8871,978,1234,EX_fe3_e,co-consumed,0.1012688559048006
8872,978,1234,EX_glu__L_e,received,1.3939495782268335e-06
8873,978,1234,EX_glyc_e,co-consumed,0.24764740041469416
8874,978,1234,EX_glygln_e,co-consumed,0.16531970933720153
8875,978,1234,EX_gthrd_e,provided,1.4065100262110147e-06
8876,978,1234,EX_h2o_e,co-consumed,0.657708615030396
8877,978,1234,EX_h2s_e,co-consumed,0.029059921706837077
8878,978,1234,EX_h_e,co-consumed,3.999999719834292
8879,978,1234,EX_ile__L_e,co-consumed,0.03672040273140531
8880,978,1234,EX_k_e,co-consumed,0.02305210178621846
8881,978,1234,EX_lys__L_e,co-consumed,0.04170792875179372
8882,978,1234,EX_meoh_e,co-consumed,6.7869655286704e-05
8883,978,1234,EX_mg2_e,co-consumed,0.00102450898582638
8884,978,1234,EX_mn2_e,co-consumed,8.1606422024748e-05
8885,978,1234,EX_nh4_e,co-consumed,0.15221570128204553
8886,978,1234,EX_o2_e,co-consumed,3.999999987126816
8887,978,1234,EX_orn_e,co-consumed,0.02610624975975622
8888,978,1234,EX_pi_e,co-consumed,0.16582010592256907
8889,978,1234,EX_pyovd_kt_e,co-consumed,0.08177217094967777
8890,978,1234,EX_so4_e,co-consumed,0.000512315308719196
8891,978,1234,EX_zn2_e,co-consumed,4.0266750851668e-05
8892,978,459,EX_acald_e,received,3.9999998664308722
8893,978,459,EX_arg__L_e,co-consumed,0.03493271998263871
8894,978,459,EX_bz_e,co-consumed,1.178109358972e-05
8895,978,459,EX_ca2_e,co-consumed,0.000614705407725804
8896,978,459,EX_cl_e,co-consumed,0.000614705397849888
8897,978,459,EX_co_e,provided,1.7996924166142676e-06
8898,978,459,EX_cobalt2_e,co-consumed,1.1809901884912e-05
8899,978,459,EX_cu2_e,co-consumed,8.373220436403201e-05
8900,978,459,EX_fe2_e,co-consumed,0.0007928112618444481
8901,978,459,EX_fe3_e,co-consumed,0.09975758485025954
8902,978,459,EX_glyc_e,co-consumed,0.24764740041469416
8903,978,459,EX_glygln_e,co-consumed,0.16531970933720153
8904,978,459,EX_h2o_e,received,3.999999718465075
8905,978,459,EX_h2s_e,co-consumed,0.029059921706837077
8906,978,459,EX_h_e,co-consumed,3.999999719834292
8907,978,459,EX_ile__L_e,co-consumed,0.03672040273140531
8908,978,459,EX_k_e,co-consumed,0.02305210178621846
8909,978,459,EX_lac__L_e,co-consumed,3.444571779387561
8910,978,459,EX_lys__L_e,co-consumed,0.04170792875179372
8911,978,459,EX_meoh_e,co-consumed,6.7869655286704e-05
8912,978,459,EX_mg2_e,co-consumed,0.00102450898582638
8913,978,459,EX_mn2_e,co-consumed,8.1606422024748e-05
8914,978,459,EX_nh4_e,co-consumed,0.15221570128204553
8915,978,459,EX_o2_e,co-consumed,3.999999987126816
8916,978,459,EX_orn_e,co-consumed,1.308345766382397e-06
8917,978,459,EX_pi_e,co-consumed,0.16582010592256907
8918,978,459,EX_pyovd_kt_e,co-consumed,0.08177217094967777
8919,978,459,EX_so4_e,co-consumed,0.000512315308719196
8920,978,459,EX_zn2_e,co-consumed,4.0266750851668e-05
8921,978,939,EX_acald_e,co-consumed,3.9999998664308722
8922,978,939,EX_arg__L_e,co-consumed,0.03493271998263871
8923,978,939,EX_bz_e,co-consumed,1.178109358972e-05
8924,978,939,EX_ca2_e,co-consumed,0.000614705407725804
8925,978,939,EX_cl_e,co-consumed,0.000614705397849888
8926,978,939,EX_co2_e,provided,3.9999931267347986
8927,978,939,EX_cobalt2_e,co-consumed,1.1809901884912e-05
8928,978,939,EX_cu2_e,co-consumed,8.373220436403201e-05
8929,978,939,EX_fe2_e,co-consumed,0.0007928112618444481
8930,978,939,EX_fe3_e,co-consumed,0.25421123036778265
8931,978,939,EX_glu__L_e,co-consumed,0.7326833773435338
8932,978,939,EX_glyc_e,received,0.024997015534810717
8933,978,939,EX_glygln_e,co-consumed,0.16531970933720153
8934,978,939,EX_h2o_e,received,3.999999718465075
8935,978,939,EX_h2s_e,co-consumed,0.029059921706837077
8936,978,939,EX_h_e,co-consumed,3.999999719834292
8937,978,939,EX_ile__L_e,co-consumed,0.03672040273140531
8938,978,939,EX_k_e,co-consumed,0.02305210178621846
8939,978,939,EX_lac__L_e,co-consumed,1.1283645295789803e-06
8940,978,939,EX_mg2_e,co-consumed,0.00102450898582638
8941,978,939,EX_mn2_e,co-consumed,8.1606422024748e-05
8942,978,939,EX_nh4_e,received,0.15221570128204553
8943,978,939,EX_o2_e,co-consumed,3.999999987126816
8944,978,939,EX_pi_e,co-consumed,0.16582010592256907
8945,978,939,EX_pyovd_kt_e,co-consumed,0.08177217094967777
8946,978,939,EX_so4_e,co-consumed,0.000512315308719196
8947,978,939,EX_stfrnA_e,co-consumed,0.08577318102997826
8948,978,939,EX_stfrnB_e,co-consumed,0.08574355525679864
8949,978,939,EX_thm_e,co-consumed,2.6335884137236003e-05
8950,978,939,EX_zn2_e,co-consumed,4.0266750851668e-05
8951,978,1101,EX_acald_e,co-consumed,1.7386622935093572
8952,978,1101,EX_arg__L_e,co-consumed,0.03493271998263871
8953,978,1101,EX_bz_e,co-consumed,1.178109358972e-05
8954,978,1101,EX_ca2_e,co-consumed,0.000614705407725804
8955,978,1101,EX_cl_e,co-consumed,0.000614705397849888
8956,978,1101,EX_cobalt2_e,co-consumed,1.1809901884912e-05
8957,978,1101,EX_cu2_e,co-consumed,8.373220436403201e-05
8958,978,1101,EX_fe2_e,co-consumed,0.0007928112618444481
8959,978,1101,EX_fe3_e,co-consumed,0.09965199913962736
8960,978,1101,EX_glyc2p_e,co-consumed,1.0643967071158908e-06
8961,978,1101,EX_glyc_e,co-consumed,0.24764740041469416
8962,978,1101,EX_glygln_e,co-consumed,0.16531970933720153
8963,978,1101,EX_h2o_e,received,3.999999718465075
8964,978,1101,EX_h2s_e,co-consumed,0.029059921706837077
8965,978,1101,EX_h_e,co-consumed,3.999999719834292
8966,978,1101,EX_ile__L_e,co-consumed,0.03672040273140531
8967,978,1101,EX_k_e,co-consumed,0.02305210178621846
8968,978,1101,EX_lys__L_e,co-consumed,0.04170792875179372
8969,978,1101,EX_meoh_e,co-consumed,6.7869655286704e-05
8970,978,1101,EX_mg2_e,co-consumed,0.00102450898582638
8971,978,1101,EX_mn2_e,co-consumed,8.1606422024748e-05
8972,978,1101,EX_nh4_e,co-consumed,0.15221570128204553
8973,978,1101,EX_o2_e,co-consumed,3.999999987126816
8974,978,1101,EX_orn_e,co-consumed,0.02610624975975622
8975,978,1101,EX_pi_e,co-consumed,0.16582010592256907
8976,978,1101,EX_pyovd_kt_e,co-consumed,0.08177217094967777
8977,978,1101,EX_so4_e,co-consumed,0.000512315308719196
8978,978,1101,EX_thm_e,received,2.6335884137236003e-05
8979,978,1101,EX_zn2_e,co-consumed,4.0266750851668e-05
8980,978,895,EX_acald_e,co-consumed,3.9999998664308722
8981,978,895,EX_ala__L_e,co-consumed,0.10694683813334424
8982,978,895,EX_arg__L_e,co-consumed,0.03493271998263871
8983,978,895,EX_asp__D_e,received,0.02947288471119753
8984,978,895,EX_ca2_e,co-consumed,0.000614705407725804
8985,978,895,EX_cl_e,co-consumed,0.000614705397849888
8986,978,895,EX_cobalt2_e,co-consumed,1.1809901884912e-05
8987,978,895,EX_cu2_e,co-consumed,8.373220436403201e-05
8988,978,895,EX_fe2_e,received,0.0007928112618444481
8989,978,895,EX_fe3_e,co-consumed,0.25421123036778265
8990,978,895,EX_fe3pyovd_kt_e,provided,0.08177217128794477
8991,978,895,EX_gal_e,co-consumed,0.1149330845625809
8992,978,895,EX_glu__L_e,co-consumed,2.2365464042867877
8993,978,895,EX_glygln_e,co-consumed,0.16531970933720153
8994,978,895,EX_h2o_e,received,1.630954304756127
8995,978,895,EX_h2s_e,co-consumed,0.029059921706837077
8996,978,895,EX_h_e,received,3.999999719834292
8997,978,895,EX_istfrnA_e,provided,0.0857731810299784
8998,978,895,EX_istfrnB_e,provided,0.0857435552574466
8999,978,895,EX_k_e,co-consumed,0.02305210178621846
9000,978,895,EX_lys__L_e,co-consumed,0.04170792875179372
9001,978,895,EX_mg2_e,co-consumed,0.00102450898582638
9002,978,895,EX_mn2_e,co-consumed,8.1606422024748e-05
9003,978,895,EX_nh4_e,received,0.15221570128204553
9004,978,895,EX_o2_e,co-consumed,3.9999999806049624
9005,978,895,EX_orn_e,co-consumed,0.02610624975975622
9006,978,895,EX_pi_e,co-consumed,0.15194507879906127
9007,978,895,EX_pyovd_kt_e,received,0.08177217094967777
9008,978,895,EX_so4_e,co-consumed,0.000512315308719196
9009,978,895,EX_stfrnA_e,received,0.08577318102997826
9010,978,895,EX_stfrnB_e,received,0.08574355525679864
9011,978,895,EX_zn2_e,co-consumed,4.0266750851668e-05
9012,978,1174,EX_acald_e,co-consumed,1.3753633387686748e-06
9013,978,1174,EX_arg__L_e,co-consumed,0.03493271998263871
9014,978,1174,EX_ca2_e,co-consumed,0.000614705407725804
9015,978,1174,EX_cl_e,co-consumed,0.000614705397849888
9016,978,1174,EX_cobalt2_e,co-consumed,1.1809901884912e-05
9017,978,1174,EX_cu2_e,co-consumed,8.373220436403201e-05
9018,978,1174,EX_fe2_e,co-consumed,0.0007928112618444481
9019,978,1174,EX_fe3_e,co-consumed,0.252709713225035
9020,978,1174,EX_glyc_e,co-consumed,0.24764740041469416
9021,978,1174,EX_glygln_e,co-consumed,0.16531970933720153
9022,978,1174,EX_h2o_e,received,3.999999718465075
9023,978,1174,EX_h2s_e,co-consumed,0.029059921706837077
9024,978,1174,EX_h_e,co-consumed,3.999999719834292
9025,978,1174,EX_ile__L_e,co-consumed,0.03672040273140531
9026,978,1174,EX_k_e,co-consumed,0.02305210178621846
9027,978,1174,EX_lys__L_e,co-consumed,0.04170792875179372
9028,978,1174,EX_mg2_e,co-consumed,0.00102450898582638
9029,978,1174,EX_mn2_e,co-consumed,8.1606422024748e-05
9030,978,1174,EX_nh4_e,co-consumed,0.15221570128204553
9031,978,1174,EX_o2_e,co-consumed,3.999999987126816
9032,978,1174,EX_orn_e,received,0.02610624975975622
9033,978,1174,EX_pi_e,co-consumed,0.16582010592256907
9034,978,1174,EX_pyovd_kt_e,co-consumed,0.08157835839235565
9035,978,1174,EX_quin_e,co-consumed,0.04495718201968427
9036,978,1174,EX_ser__L_e,co-consumed,0.09209531243799896
9037,978,1174,EX_so4_e,co-consumed,0.000512315308719196
9038,978,1174,EX_stfrnA_e,co-consumed,0.0855760688585592
9039,978,1174,EX_stfrnB_e,co-consumed,0.08555523452901823
9040,978,1174,EX_zn2_e,co-consumed,4.0266750851668e-05
9041,978,638,EX_acald_e,received,3.9999998664308722
9042,978,638,EX_arg__L_e,co-consumed,0.03493271998263871
9043,978,638,EX_ca2_e,co-consumed,0.000614705407725804
9044,978,638,EX_cl_e,co-consumed,0.000614705397849888
9045,978,638,EX_cobalt2_e,co-consumed,1.1809901884912e-05
9046,978,638,EX_cu2_e,co-consumed,8.373220436403201e-05
9047,978,638,EX_fe2_e,co-consumed,0.0007928112618444481
9048,978,638,EX_fe3_e,co-consumed,0.25421123036778265
9049,978,638,EX_glygln_e,co-consumed,0.16531970933720153
9050,978,638,EX_h2o_e,received,3.999999718465075
9051,978,638,EX_h2s_e,received,0.029059921706837077
9052,978,638,EX_h_e,co-consumed,3.999999719834292
9053,978,638,EX_ile__L_e,co-consumed,0.03672040273140531
9054,978,638,EX_k_e,co-consumed,0.02305210178621846
9055,978,638,EX_lys__L_e,co-consumed,0.04170792875179372
9056,978,638,EX_mg2_e,co-consumed,0.00102450898582638
9057,978,638,EX_mn2_e,co-consumed,8.1606422024748e-05
9058,978,638,EX_nh4_e,co-consumed,0.15221570128204553
9059,978,638,EX_o2_e,co-consumed,3.999999987126816
9060,978,638,EX_orn_e,received,0.02610624975975622
9061,978,638,EX_pi_e,co-consumed,0.16582010592256907
9062,978,638,EX_pyovd_kt_e,co-consumed,0.08177217094967777
9063,978,638,EX_ser__L_e,co-consumed,0.09209531243799896
9064,978,638,EX_so4_e,co-consumed,0.000512315308719196
9065,978,638,EX_stfrnA_e,co-consumed,0.08577318102997826
9066,978,638,EX_stfrnB_e,co-consumed,0.08574355525679864
9067,978,638,EX_thm_e,co-consumed,2.6335884137236003e-05
9068,978,638,EX_zn2_e,co-consumed,4.0266750851668e-05
9069,978,1252,EX_acald_e,co-consumed,3.9999997904593902
9070,978,1252,EX_arg__L_e,co-consumed,0.03493271998263871
9071,978,1252,EX_asp__D_e,co-consumed,0.02947288471119753
9072,978,1252,EX_ca2_e,co-consumed,0.000614705407725804
9073,978,1252,EX_cgly_e,received,3.159583648507262e-06
9074,978,1252,EX_cl_e,co-consumed,0.000614705397849888
9075,978,1252,EX_cobalt2_e,co-consumed,1.1809901884912e-05
9076,978,1252,EX_cu2_e,co-consumed,8.373220436403201e-05
9077,978,1252,EX_fe3_e,co-consumed,0.10010262645074329
9078,978,1252,EX_gal_e,co-consumed,0.1149330845625809
9079,978,1252,EX_glu__L_e,co-consumed,1.156763161269979
9080,978,1252,EX_glyc_e,co-consumed,2.5718014938363035e-06
9081,978,1252,EX_glygln_e,co-consumed,0.16531970933720153
9082,978,1252,EX_gthrd_e,provided,3.1177770936651037e-06
9083,978,1252,EX_h2o_e,received,1.6854540583242033
9084,978,1252,EX_h2s_e,co-consumed,0.025799261722311503
9085,978,1252,EX_h_e,co-consumed,3.999999719834292
9086,978,1252,EX_ile__L_e,co-consumed,0.03672040273140531
9087,978,1252,EX_k_e,co-consumed,0.02305210178621846
9088,978,1252,EX_lys__L_e,co-consumed,0.04170792875179372
9089,978,1252,EX_meoh_e,co-consumed,6.7869655286704e-05
9090,978,1252,EX_mg2_e,co-consumed,0.00102450898582638
9091,978,1252,EX_mn2_e,co-consumed,8.1606422024748e-05
9092,978,1252,EX_nh4_e,received,0.15221570128204553
9093,978,1252,EX_o2_e,co-consumed,3.999999987126816
9094,978,1252,EX_orn_e,co-consumed,0.02610624975975622
9095,978,1252,EX_pi_e,co-consumed,0.16582010592256907
9096,978,1252,EX_pyovd_kt_e,co-consumed,0.08177217094967777
9097,978,1252,EX_so4_e,co-consumed,0.000512315308719196
9098,978,1252,EX_zn2_e,co-consumed,4.0266750851668e-05
9099,1338,1208,EX_acald_e,provided,0.031528264551958556
9100,1338,1208,EX_arg__L_e,co-consumed,0.010515392853133068
9101,1338,1208,EX_ca2_e,co-consumed,0.000185037459311756
9102,1338,1208,EX_cl_e,co-consumed,0.00018503746083356002
9103,1338,1208,EX_cobalt2_e,co-consumed,3.554994415211502e-06
9104,1338,1208,EX_cu2_e,co-consumed,2.5204910403848e-05
9105,1338,1208,EX_fe2_e,co-consumed,0.00023873883590635602
9106,1338,1208,EX_fe3_e,co-consumed,0.10098779478597139
9107,1338,1208,EX_glyald_e,provided,3.9996827205025487
9108,1338,1208,EX_glyc_e,received,3.9996828759297043
9109,1338,1208,EX_gthrd_e,co-consumed,1.16268181321189e-06
9110,1338,1208,EX_h2o_e,provided,0.44188172090410993
9111,1338,1208,EX_h2s_e,co-consumed,0.00547056092920584
9112,1338,1208,EX_h_e,received,3.024212848729982
9113,1338,1208,EX_ile__L_e,co-consumed,0.011053439265323308
9114,1338,1208,EX_k_e,co-consumed,0.006939100248883789
9115,1338,1208,EX_lys__L_e,co-consumed,0.012199306937354772
9116,1338,1208,EX_mg2_e,co-consumed,0.000308395771808992
9117,1338,1208,EX_mn2_e,co-consumed,2.4565011409108002e-05
9118,1338,1208,EX_o2_e,co-consumed,3.9999999827833617
9119,1338,1208,EX_orn_e,received,0.10839807062895389
9120,1338,1208,EX_pi_e,co-consumed,0.04983466476348048
9121,1338,1208,EX_pyovd_kt_e,co-consumed,0.08157885504853672
9122,1338,1208,EX_ser__L_e,co-consumed,0.9128963053162753
9123,1338,1208,EX_so4_e,co-consumed,0.00015421954251966
9124,1338,1208,EX_tyr__L_e,co-consumed,0.004910088625336588
9125,1338,1208,EX_zn2_e,co-consumed,1.2122530955867999e-05
9126,1338,1334,EX_arg__L_e,co-consumed,0.038608070545978
9127,1338,1334,EX_bz_e,co-consumed,1.3059379269832e-05
9128,1338,1334,EX_ca2_e,co-consumed,0.0006793794336395401
9129,1338,1334,EX_cl_e,co-consumed,0.00067937942944234
9130,1338,1334,EX_co_e,received,0.000196124531918444
9131,1338,1334,EX_cobalt2_e,co-consumed,1.305243863054e-05
9132,1338,1334,EX_cu2_e,co-consumed,9.254178989055201e-05
9133,1338,1334,EX_fe2_e,co-consumed,0.00087650510841338
9134,1338,1334,EX_fe3_e,co-consumed,0.10098779478597139
9135,1338,1334,EX_fum_e,co-consumed,1.8117422824553342
9136,1338,1334,EX_glu__L_e,provided,0.5985558432159503
9137,1338,1334,EX_gly_asn__L_e,co-consumed,0.03146355398006519
9138,1338,1334,EX_glyald_e,provided,3.9996827205025487
9139,1338,1334,EX_glyc_e,received,3.9996828759297043
9140,1338,1334,EX_gthrd_e,co-consumed,0.8714742749677248
9141,1338,1334,EX_h2o_e,provided,3.999999949116735
9142,1338,1334,EX_h2s_e,co-consumed,0.020089283009825425
9143,1338,1334,EX_h_e,co-consumed,1.0810525813379293
9144,1338,1334,EX_ile__L_e,co-consumed,0.04058313148740553
9145,1338,1334,EX_ins_e,received,0.10036834327364864
9146,1338,1334,EX_k_e,co-consumed,0.025477446536117086
9147,1338,1334,EX_lys__L_e,received,0.1682748944796095
9148,1338,1334,EX_mal__L_e,co-consumed,1.0846396296286787e-06
9149,1338,1334,EX_mg2_e,co-consumed,0.0011322990512711
9150,1338,1334,EX_mn2_e,co-consumed,9.019235093705599e-05
9151,1338,1334,EX_no2_e,provided,1.011687584279431e-06
9152,1338,1334,EX_o2_e,co-consumed,3.9999999947191163
9153,1338,1334,EX_orn_e,co-consumed,0.02841741718383033
9154,1338,1334,EX_pi_e,co-consumed,0.1832505419051775
9155,1338,1334,EX_pyovd_kt_e,co-consumed,0.08174269204197179
9156,1338,1334,EX_ser__L_e,co-consumed,0.9128963053162753
9157,1338,1334,EX_so4_e,co-consumed,0.000566218747882516
9158,1338,1334,EX_tyr__L_e,co-consumed,0.01802789882693641
9159,1338,1334,EX_zn2_e,co-consumed,4.4508815730152e-05
9160,1338,397,EX_arg__L_e,co-consumed,0.06920866969908211
9161,1338,397,EX_bz_e,co-consumed,2.3404863776383998e-05
9162,1338,397,EX_ca2_e,co-consumed,0.001217852818750344
9163,1338,397,EX_cl_e,co-consumed,0.001217852822333104
9164,1338,397,EX_co_e,co-consumed,9.345755130370001e-05
9165,1338,397,EX_cobalt2_e,co-consumed,2.339774867916e-05
9166,1338,397,EX_cu2_e,co-consumed,0.000165890038135252
9167,1338,397,EX_fe2_e,co-consumed,0.0016230509548978839
9168,1338,397,EX_fe3_e,co-consumed,0.10098779478597139
9169,1338,397,EX_glyc_e,co-consumed,0.18638663939230632
9170,1338,397,EX_gua_e,co-consumed,0.056909822510723636
9171,1338,397,EX_h2s_e,received,0.07291709950822621
9172,1338,397,EX_h_e,co-consumed,3.99999984176356
9173,1338,397,EX_ile__L_e,co-consumed,0.06797735190551758
9174,1338,397,EX_indole_e,co-consumed,0.01329998742891936
9175,1338,397,EX_k_e,co-consumed,0.045670767579315284
9176,1338,397,EX_lys__L_e,co-consumed,0.0802919326984846
9177,1338,397,EX_mg2_e,co-consumed,0.002029754698458512
9178,1338,397,EX_mn2_e,co-consumed,0.000161678443373004
9179,1338,397,EX_nh4_e,provided,0.4893943352087682
9180,1338,397,EX_o2_e,co-consumed,4.0000000080151406
9181,1338,397,EX_orn_e,co-consumed,0.05172166304865404
9182,1338,397,EX_pheme_e,co-consumed,5.217097049218e-05
9183,1338,397,EX_pi_e,co-consumed,0.22556046007853384
9184,1338,397,EX_pyovd_kt_e,co-consumed,0.08168261366841971
9185,1338,397,EX_so4_e,co-consumed,0.001015003960146008
9186,1338,397,EX_tyr__L_e,co-consumed,0.03231674507244956
9187,1338,397,EX_zn2_e,co-consumed,7.9786322995936e-05
9188,1338,790,EX_acald_e,provided,2.93522760138418
9189,1338,790,EX_arg__L_e,co-consumed,0.0643513465484833
9190,1338,790,EX_bz_e,co-consumed,2.1815775779456e-05
9191,1338,790,EX_ca2_e,co-consumed,0.0011323795243763201
9192,1338,790,EX_cl_e,co-consumed,0.001132379475451076
9193,1338,790,EX_co_e,co-consumed,8.6963135624944e-05
9194,1338,790,EX_cobalt2_e,co-consumed,2.175560948702e-05
9195,1338,790,EX_cu2_e,co-consumed,0.000154264017236172
9196,1338,790,EX_etoh_e,provided,1.3486580099658077e-06
9197,1338,790,EX_fe2_e,co-consumed,0.001508712915426732
9198,1338,790,EX_fe3_e,co-consumed,0.10098779478597139
9199,1338,790,EX_glu__L_e,provided,0.2379628279478169
9200,1338,790,EX_glyc_e,co-consumed,5.115498198920001e-06
9201,1338,790,EX_gua_e,co-consumed,1.4960626605072258e-06
9202,1338,790,EX_h2s_e,co-consumed,0.05358084316260509
9203,1338,790,EX_h_e,co-consumed,3.99999984176356
9204,1338,790,EX_ile__L_e,co-consumed,0.0632063717651916
9205,1338,790,EX_indole_e,co-consumed,0.012366520040754805
9206,1338,790,EX_k_e,co-consumed,0.042465426826002066
9207,1338,790,EX_lys__L_e,co-consumed,0.07465664481291695
9208,1338,790,EX_mg2_e,co-consumed,0.0018872991181296081
9209,1338,790,EX_mn2_e,co-consumed,0.000150331261555316
9210,1338,790,EX_o2_e,co-consumed,4.000000008075555
9211,1338,790,EX_orn_e,co-consumed,0.04809132745711527
9212,1338,790,EX_pheme_e,co-consumed,4.851410567494e-05
9213,1338,790,EX_pi_e,co-consumed,0.20959968283663044
9214,1338,790,EX_pyovd_kt_e,co-consumed,0.08168969220271365
9215,1338,790,EX_so4_e,co-consumed,0.000943764545232616
9216,1338,790,EX_tyr__L_e,received,0.06772902993430932
9217,1338,790,EX_zn2_e,co-consumed,7.418662835074e-05
9218,1338,947,EX_arg__L_e,co-consumed,0.07014177111137566
9219,1338,947,EX_ca2_e,co-consumed,0.00123427219400334
9220,1338,947,EX_cl_e,co-consumed,0.0012342722029121001
9221,1338,947,EX_co_e,co-consumed,0.000168305542711704
9222,1338,947,EX_cobalt2_e,co-consumed,2.3713174407356e-05
9223,1338,947,EX_cu2_e,co-consumed,0.000168126606253288
9224,1338,947,EX_etoh_e,provided,0.00032043276375097603
9225,1338,947,EX_fe2_e,co-consumed,0.0016975131417780078
9226,1338,947,EX_fe3_e,co-consumed,0.10098779478597139
9227,1338,947,EX_fru_e,co-consumed,0.1927436662743324
9228,1338,947,EX_gly_asn__L_e,co-consumed,0.05716190124390364
9229,1338,947,EX_glyc_e,co-consumed,1.7232041453052638
9230,1338,947,EX_h2s_e,co-consumed,0.036494787671598944
9231,1338,947,EX_h_e,co-consumed,3.99999984176356
9232,1338,947,EX_indole_e,co-consumed,0.013479294341799253
9233,1338,947,EX_k_e,co-consumed,0.04628651150126695
9234,1338,947,EX_lys__L_e,co-consumed,0.08137446490217075
9235,1338,947,EX_mg2_e,co-consumed,0.0020571203234276882
9236,1338,947,EX_mn2_e,co-consumed,0.000163858229789876
9237,1338,947,EX_nh4_e,provided,0.8581781074640575
9238,1338,947,EX_o2_e,co-consumed,4.0000000079260385
9239,1338,947,EX_orn_e,received,0.10839807062895389
9240,1338,947,EX_pi_e,co-consumed,0.22859835619422186
9241,1338,947,EX_pyovd_kt_e,co-consumed,0.08172432925127425
9242,1338,947,EX_s_e,provided,0.021905712410731422
9243,1338,947,EX_so4_e,co-consumed,0.00102869325506434
9244,1338,947,EX_zn2_e,co-consumed,8.0862020779088e-05
9245,1338,997,EX_acald_e,provided,0.6015655253815413
9246,1338,997,EX_arg__L_e,co-consumed,0.05929959856276623
9247,1338,997,EX_bz_e,co-consumed,2.0096298488695998e-05
9248,1338,997,EX_ca2_e,co-consumed,0.0010434847208092
9249,1338,997,EX_cl_e,co-consumed,0.00104348472257708
9250,1338,997,EX_cobalt2_e,co-consumed,2.0047737191336e-05
9251,1338,997,EX_cu2_e,co-consumed,0.000142138456686592
9252,1338,997,EX_etoh_e,provided,1.5971720553081045e-06
9253,1338,997,EX_fe2_e,co-consumed,0.001390731870040848
9254,1338,997,EX_fe3_e,co-consumed,0.09940322317984002
9255,1338,997,EX_gly_asn__L_e,co-consumed,0.04832607565121119
9256,1338,997,EX_glyc_e,co-consumed,0.027880222580512305
9257,1338,997,EX_gthrd_e,co-consumed,1.4356304749597735e-06
9258,1338,997,EX_gua_e,co-consumed,0.0487618761801338
9259,1338,997,EX_h2s_e,co-consumed,0.04932917039706491
9260,1338,997,EX_h_e,co-consumed,3.99999984176356
9261,1338,997,EX_ile__L_e,co-consumed,0.05824451862096163
9262,1338,997,EX_indole_e,co-consumed,0.011395739851250869
9263,1338,997,EX_k_e,co-consumed,0.03913177965589056
9264,1338,997,EX_lys__L_e,co-consumed,0.0687959983179711
9265,1338,997,EX_mg2_e,co-consumed,0.001739141201779196
9266,1338,997,EX_mn2_e,co-consumed,0.000138529863992152
9267,1338,997,EX_o2_e,co-consumed,4.000000008075873
9268,1338,997,EX_orn_e,co-consumed,0.04431628766154045
9269,1338,997,EX_pheme_e,co-consumed,4.4700229887944004e-05
9270,1338,997,EX_pyovd_kt_e,co-consumed,0.09715883992988676
9271,1338,997,EX_ser__L_e,co-consumed,0.09015960816453393
9272,1338,997,EX_so4_e,co-consumed,0.000869810833913784
9273,1338,997,EX_tyr__L_e,co-consumed,0.02764506582847024
9274,1338,997,EX_zn2_e,co-consumed,6.8362783822464e-05
9275,1338,1114,EX_arg__L_e,co-consumed,0.0046357303882063276
9276,1338,1114,EX_bz_e,co-consumed,1.5686153384505792e-06
9277,1338,1114,EX_ca2_e,co-consumed,8.157368052924399e-05
9278,1338,1114,EX_cl_e,co-consumed,8.1573673573936e-05
9279,1338,1114,EX_cobalt2_e,co-consumed,1.5672176856355215e-06
9280,1338,1114,EX_cu2_e,co-consumed,1.0660673623368001e-05
9281,1338,1114,EX_fe2_e,co-consumed,0.000105202132142988
9282,1338,1114,EX_fe3_e,co-consumed,0.10098779478597139
9283,1338,1114,EX_gly_asn__L_e,co-consumed,0.003777855372185156
9284,1338,1114,EX_glyc_e,co-consumed,3.591211762186692
9285,1338,1114,EX_h2s_e,co-consumed,0.0038483196513773637
9286,1338,1114,EX_h_e,received,0.00112623464957868
9287,1338,1114,EX_ile__L_e,co-consumed,0.004872935060638228
9288,1338,1114,EX_k_e,co-consumed,0.003059099217122536
9289,1338,1114,EX_lys__L_e,co-consumed,0.005534792074785936
9290,1338,1114,EX_mg2_e,co-consumed,0.000135956138154524
9291,1338,1114,EX_mn2_e,co-consumed,1.082947420774e-05
9292,1338,1114,EX_o2_e,co-consumed,3.8457435539662432
9293,1338,1114,EX_orn_e,co-consumed,0.003464318233193924
9294,1338,1114,EX_pyovd_kt_e,co-consumed,0.08153202518695611
9295,1338,1114,EX_so4_e,co-consumed,6.7900542683388e-05
9296,1338,1114,EX_tyr__L_e,co-consumed,0.002161134730962664
9297,1338,1114,EX_zn2_e,co-consumed,5.344212308016e-06
9298,1338,1362,EX_arg__L_e,co-consumed,0.14504670550558305
9299,1338,1362,EX_bz_e,received,4.9036722629772e-05
9300,1338,1362,EX_ca2_e,co-consumed,0.0025523615473371443
9301,1338,1362,EX_cl_e,co-consumed,0.00255236153706398
9302,1338,1362,EX_co_e,received,3.962312104651579e-06
9303,1338,1362,EX_cobalt2_e,co-consumed,4.9036725213007996e-05
9304,1338,1362,EX_cu2_e,co-consumed,0.000347670381760236
9305,1338,1362,EX_fe2_e,co-consumed,0.003402087946900608
9306,1338,1362,EX_fe3_e,co-consumed,0.10098779478597139
9307,1338,1362,EX_fru_e,co-consumed,2.2968780248755074
9308,1338,1362,EX_glc__D_e,co-consumed,2.9855868055751724
9309,1338,1362,EX_gly_asn__L_e,co-consumed,0.11820552310118831
9310,1338,1362,EX_glyc_e,co-consumed,3.9996828759297043
9311,1338,1362,EX_gthrd_e,co-consumed,1.696468469366609e-06
9312,1338,1362,EX_gua_e,co-consumed,0.11927081725904311
9313,1338,1362,EX_h2s_e,received,0.29905245700335514
9314,1338,1362,EX_h_e,co-consumed,3.99999984176356
9315,1338,1362,EX_indole_e,received,0.02787394686242238
9316,1338,1362,EX_k_e,co-consumed,0.09571625504503004
9317,1338,1362,EX_mg2_e,co-consumed,0.0042539359103182526
9318,1338,1362,EX_mn2_e,co-consumed,0.000338843771649004
9319,1338,1362,EX_nh4_e,provided,0.01835854082437485
9320,1338,1362,EX_no2_e,provided,0.449654285960827
9321,1338,1362,EX_o2_e,co-consumed,4.0000000073171
9322,1338,1362,EX_pheme_e,co-consumed,0.000109338281060112
9323,1338,1362,EX_pi_e,co-consumed,0.4733005374489946
9324,1338,1362,EX_pyovd_kt_e,co-consumed,0.09708401242788707
9325,1338,1362,EX_s_e,provided,0.4255168250624084
9326,1338,1362,EX_so4_e,co-consumed,0.002127211543286632
9327,1338,1362,EX_zn2_e,co-consumed,0.0001672152329765
9328,1338,428,EX_acald_e,provided,3.9999992800442308
9329,1338,428,EX_arg__L_e,co-consumed,0.08270622101590855
9330,1338,428,EX_bz_e,co-consumed,2.7960846569208e-05
9331,1338,428,EX_ca2_e,co-consumed,0.001455367113996248
9332,1338,428,EX_cl_e,co-consumed,0.001455367112419864
9333,1338,428,EX_co_e,received,0.000196124531918444
9334,1338,428,EX_cobalt2_e,co-consumed,2.7960943592624002e-05
9335,1338,428,EX_cu2_e,co-consumed,0.000198243090071724
9336,1338,428,EX_etoh_e,provided,0.00032043276375097603
9337,1338,428,EX_fe2_e,co-consumed,0.001938810426974312
9338,1338,428,EX_fe3_e,co-consumed,0.10098779478597139
9339,1338,428,EX_gly_asn__L_e,co-consumed,0.06740129790001674
9340,1338,428,EX_glyc_e,co-consumed,1.6099709835040856
9341,1338,428,EX_gthrd_e,co-consumed,0.6658465393503891
9342,1338,428,EX_h2s_e,co-consumed,0.04303388535733
9343,1338,428,EX_h_e,co-consumed,3.99999984176356
9344,1338,428,EX_ile__L_e,co-consumed,0.08123464914254601
9345,1338,428,EX_indole_e,co-consumed,0.015893834215524313
9346,1338,428,EX_k_e,co-consumed,0.05457780462675701
9347,1338,428,EX_lys__L_e,co-consumed,0.09595082637275765
9348,1338,428,EX_mg2_e,co-consumed,0.002425611846484028
9349,1338,428,EX_mn2_e,co-consumed,0.000193210120225052
9350,1338,428,EX_nh4_e,provided,0.5711387962245577
9351,1338,428,EX_o2_e,co-consumed,4.000000008075317
9352,1338,428,EX_pheme_e,co-consumed,6.234547232358e-05
9353,1338,428,EX_pi_e,co-consumed,0.2695095713140418
9354,1338,428,EX_pyovd_kt_e,co-consumed,0.08186765301658698
9355,1338,428,EX_s_e,provided,0.02583021928916667
9356,1338,428,EX_ser__L_e,co-consumed,0.19433213116147038
9357,1338,428,EX_so4_e,co-consumed,0.00121296412708714
9358,1338,428,EX_tyr__L_e,co-consumed,0.038619371405905024
9359,1338,428,EX_zn2_e,co-consumed,9.5346817650856e-05
9360,1338,796,EX_acald_e,provided,0.002836909054187548
9361,1338,796,EX_arg__L_e,co-consumed,0.06294170452915404
9362,1338,796,EX_ca2_e,co-consumed,0.001107574281398108
9363,1338,796,EX_cl_e,co-consumed,0.0011075742753872161
9364,1338,796,EX_co_e,co-consumed,8.5100383024136e-05
9365,1338,796,EX_cobalt2_e,co-consumed,2.1279044663959997e-05
9366,1338,796,EX_cu2_e,co-consumed,0.000150868424905576
9367,1338,796,EX_etoh_e,provided,0.00032043276375097603
9368,1338,796,EX_fe2_e,co-consumed,0.0014762008737501159
9369,1338,796,EX_fe3_e,co-consumed,0.10098779478597139
9370,1338,796,EX_gly_asn__L_e,co-consumed,0.051294202073340886
9371,1338,796,EX_glyc_e,co-consumed,3.9996828759297043
9372,1338,796,EX_h2s_e,received,0.6272066739162415
9373,1338,796,EX_h_e,co-consumed,3.99999984176356
9374,1338,796,EX_ile__L_e,co-consumed,0.06182178988472924
9375,1338,796,EX_indole_e,co-consumed,0.012095646042858097
9376,1338,796,EX_k_e,co-consumed,0.041535205650924285
9377,1338,796,EX_lys__L_e,co-consumed,0.07302137681343995
9378,1338,796,EX_mal__L_e,co-consumed,1.0846396296286787e-06
9379,1338,796,EX_mg2_e,co-consumed,0.001845957120454128
9380,1338,796,EX_mn2_e,co-consumed,0.000147038197718252
9381,1338,796,EX_nh4_e,provided,5.81020049542e-06
9382,1338,796,EX_o2_e,co-consumed,4.000000007062814
9383,1338,796,EX_orn_e,co-consumed,0.047038335753491874
9384,1338,796,EX_pheme_e,co-consumed,4.7443022883936004e-05
9385,1338,796,EX_pi_e,co-consumed,0.20513428815441953
9386,1338,796,EX_pyovd_kt_e,co-consumed,0.08161142134172414
9387,1338,796,EX_so4_e,co-consumed,0.002127211543286632
9388,1338,796,EX_zn2_e,co-consumed,7.256154230407201e-05
9389,1338,1350,EX_acald_e,provided,1.917460305183066
9390,1338,1350,EX_arg__L_e,co-consumed,0.04480527367546154
9391,1338,1350,EX_ca2_e,co-consumed,0.000388408448178276
9392,1338,1350,EX_cl_e,co-consumed,0.000388413463840176
9393,1338,1350,EX_cobalt2_e,co-consumed,7.46231436586e-06
9394,1338,1350,EX_cu2_e,co-consumed,5.290780885396e-05
9395,1338,1350,EX_fe3_e,co-consumed,0.10098779478597139
9396,1338,1350,EX_gly_asn__L_e,co-consumed,0.01798827822953449
9397,1338,1350,EX_glyald_e,provided,1.6631856234273665
9398,1338,1350,EX_glyc_e,received,1.5954828384321473
9399,1338,1350,EX_gua_e,received,0.00195256487725718
9400,1338,1350,EX_h2s_e,co-consumed,0.018360240954817714
9401,1338,1350,EX_h_e,co-consumed,0.17888914915507573
9402,1338,1350,EX_ile__L_e,co-consumed,0.016327387249486534
9403,1338,1350,EX_k_e,co-consumed,0.01456591528015751
9404,1338,1350,EX_lys__L_e,co-consumed,0.02635395491518484
9405,1338,1350,EX_mal__L_e,received,1.0846396296286787e-06
9406,1338,1350,EX_mg2_e,co-consumed,0.000647355765087112
9407,1338,1350,EX_mn2_e,co-consumed,5.1564593668596e-05
9408,1338,1350,EX_o2_e,co-consumed,4.000000001268809
9409,1338,1350,EX_orn_e,received,0.006236717596360448
9410,1338,1350,EX_pi_e,co-consumed,0.11485945952391907
9411,1338,1350,EX_pyovd_kt_e,co-consumed,0.08164225635842604
9412,1338,1350,EX_ser__L_e,co-consumed,0.16210184535107958
9413,1338,1350,EX_so4_e,co-consumed,0.000323716092813068
9414,1338,1350,EX_tyr__L_e,co-consumed,0.010290447363563479
9415,1338,1350,EX_zn2_e,co-consumed,2.5446491987588002e-05
9416,1338,262,EX_acald_e,provided,2.3331030225877964
9417,1338,262,EX_arg__L_e,co-consumed,0.13939505062621846
9418,1338,262,EX_bz_e,co-consumed,4.7064646417284e-05
9419,1338,262,EX_ca2_e,co-consumed,0.0024529104295559277
9420,1338,262,EX_cgly_e,provided,0.8714742567696998
9421,1338,262,EX_cl_e,co-consumed,0.00245291043100516
9422,1338,262,EX_cobalt2_e,co-consumed,4.7126040831452005e-05
9423,1338,262,EX_cu2_e,co-consumed,0.000334123629495
9424,1338,262,EX_fe2_e,co-consumed,0.003402087946900608
9425,1338,262,EX_fe3_e,co-consumed,0.09825562569376221
9426,1338,262,EX_fru_e,co-consumed,2.2968780248755074
9427,1338,262,EX_glc__D_e,co-consumed,2.9855868055751724
9428,1338,262,EX_glu__L_e,provided,0.5985558432159503
9429,1338,262,EX_gly_asn__L_e,co-consumed,0.1135996777948417
9430,1338,262,EX_glyald_e,provided,0.03544535160748722
9431,1338,262,EX_glyc_e,received,0.03544539127576483
9432,1338,262,EX_gthrd_e,received,0.8714742749677248
9433,1338,262,EX_gua_e,co-consumed,0.11462372236362665
9434,1338,262,EX_h2o_e,provided,3.9999997466492805
9435,1338,262,EX_h2s_e,co-consumed,0.11606566632490467
9436,1338,262,EX_h_e,co-consumed,3.99999984176356
9437,1338,262,EX_ile__L_e,co-consumed,0.136914781424848
9438,1338,262,EX_indole_e,co-consumed,0.026787848841981675
9439,1338,262,EX_k_e,co-consumed,0.0919867328801378
9440,1338,262,EX_lys__L_e,co-consumed,0.1617181671147805
9441,1338,262,EX_mg2_e,co-consumed,0.004088184035296432
9442,1338,262,EX_mn2_e,co-consumed,0.000325640942145336
9443,1338,262,EX_nh4_e,provided,1.4546589208535525
9444,1338,262,EX_o2_e,co-consumed,4.000000005716123
9445,1338,262,EX_orn_e,received,0.10839807062895389
9446,1338,262,EX_pi_e,co-consumed,0.4543136955359811
9447,1338,262,EX_pyovd_kt_e,co-consumed,0.09715883992988676
9448,1338,262,EX_ser__L_e,co-consumed,0.5345198923037778
9449,1338,262,EX_so4_e,co-consumed,0.00204435203036386
9450,1338,262,EX_tyr__L_e,co-consumed,0.06509001758092595
9451,1338,262,EX_zn2_e,co-consumed,0.00016069979923529602
9452,1338,978,EX_acald_e,provided,3.9999998664308722
9453,1338,978,EX_arg__L_e,co-consumed,0.03493271998263871
9454,1338,978,EX_bz_e,co-consumed,1.178109358972e-05
9455,1338,978,EX_ca2_e,co-consumed,0.000614705407725804
9456,1338,978,EX_cgly_e,provided,0.8714742567696998
9457,1338,978,EX_cl_e,co-consumed,0.000614705397849888
9458,1338,978,EX_co_e,received,0.000196124531918444
9459,1338,978,EX_cobalt2_e,co-consumed,1.1809901884912e-05
9460,1338,978,EX_cu2_e,co-consumed,8.373220436403201e-05
9461,1338,978,EX_fe2_e,co-consumed,0.0007928112618444481
9462,1338,978,EX_fe3_e,co-consumed,0.10098779478597139
9463,1338,978,EX_glu__L_e,provided,0.5985558432159503
9464,1338,978,EX_glyc_e,co-consumed,0.24764740041469416
9465,1338,978,EX_gthrd_e,received,0.8714742749677248
9466,1338,978,EX_h2o_e,provided,3.999999718465075
9467,1338,978,EX_h2s_e,co-consumed,0.029059921706837077
9468,1338,978,EX_h_e,co-consumed,3.999999719834292
9469,1338,978,EX_ile__L_e,co-consumed,0.03672040273140531
9470,1338,978,EX_k_e,co-consumed,0.02305210178621846
9471,1338,978,EX_lys__L_e,co-consumed,0.04170792875179372
9472,1338,978,EX_mg2_e,co-consumed,0.00102450898582638
9473,1338,978,EX_mn2_e,co-consumed,8.1606422024748e-05
9474,1338,978,EX_nh4_e,provided,0.15221570128204553
9475,1338,978,EX_o2_e,co-consumed,3.999999987126816
9476,1338,978,EX_orn_e,co-consumed,0.02610624975975622
9477,1338,978,EX_pi_e,co-consumed,0.16582010592256907
9478,1338,978,EX_pyovd_kt_e,co-consumed,0.08177217094967777
9479,1338,978,EX_ser__L_e,co-consumed,0.09209531243799896
9480,1338,978,EX_so4_e,co-consumed,0.000512315308719196
9481,1338,978,EX_zn2_e,co-consumed,4.0266750851668e-05
9482,1338,1357,EX_acald_e,provided,1.35859842204089
9483,1338,1357,EX_arg__L_e,co-consumed,0.07409311905358083
9484,1338,1357,EX_bz_e,co-consumed,2.5053005366268003e-05
9485,1338,1357,EX_ca2_e,co-consumed,0.001303803745359452
9486,1338,1357,EX_cl_e,co-consumed,0.0013038037393576522
9487,1338,1357,EX_co_e,received,0.000196124531918444
9488,1338,1357,EX_cobalt2_e,co-consumed,2.504906331142e-05
9489,1338,1357,EX_cu2_e,co-consumed,0.000177615054287412
9490,1338,1357,EX_etoh_e,provided,1.2935053489466327e-06
9491,1338,1357,EX_fe2_e,co-consumed,0.001736825051244268
9492,1338,1357,EX_fe3_e,co-consumed,0.09943419479300797
9493,1338,1357,EX_glc__D_e,co-consumed,0.11170276684463472
9494,1338,1357,EX_glyc_e,co-consumed,0.2992554826238624
9495,1338,1357,EX_h2s_e,co-consumed,0.061693457951051085
9496,1338,1357,EX_h_e,co-consumed,3.99999984176356
9497,1338,1357,EX_ile__L_e,co-consumed,0.07277490655242234
9498,1338,1357,EX_indole_e,co-consumed,0.014238646584827628
9499,1338,1357,EX_ins_e,co-consumed,0.10036834327364864
9500,1338,1357,EX_k_e,co-consumed,0.04889401814946166
9501,1338,1357,EX_lys__L_e,co-consumed,0.08595861066855712
9502,1338,1357,EX_mg2_e,co-consumed,0.0021730062497658
9503,1338,1357,EX_mn2_e,co-consumed,0.000173089025632868
9504,1338,1357,EX_o2_e,co-consumed,4.000000008118272
9505,1338,1357,EX_orn_e,co-consumed,0.05537209138249047
9506,1338,1357,EX_pheme_e,co-consumed,5.5853056938744005e-05
9507,1338,1357,EX_pi_e,co-consumed,0.24148695362315242
9508,1338,1357,EX_pyovd_kt_e,co-consumed,0.09715883992988676
9509,1338,1357,EX_so4_e,co-consumed,0.001086645104511944
9510,1338,1357,EX_tyr__L_e,co-consumed,0.0345975202625863
9511,1338,1357,EX_zn2_e,co-consumed,8.5417305891944e-05
9512,1338,2751,EX_fe3_e,co-consumed,0.10098779478597139
9513,1338,2751,EX_glyc_e,co-consumed,3.9323649918687176
9514,1338,2751,EX_gthrd_e,co-consumed,0.6995528918791749
9515,1338,2751,EX_h2s_e,co-consumed,0.4242744709241576
9516,1338,2751,EX_h_e,received,3.99999984176356
9517,1338,2751,EX_mal__L_e,received,1.0846396296286787e-06
9518,1338,2751,EX_nh4_e,provided,0.7901715688895377
9519,1338,2751,EX_no3_e,received,1.2144506905076922
9520,1338,2751,EX_o2_e,co-consumed,3.999999925117265
9521,1338,2751,EX_pyovd_kt_e,co-consumed,0.08140781945174283
9522,1338,709,EX_acald_e,provided,3.999999565435491
9523,1338,709,EX_arg__L_e,received,0.14504670550558305
9524,1338,709,EX_co2_e,provided,3.9999992468984384
9525,1338,709,EX_co_e,received,0.000196124531918444
9526,1338,709,EX_fe2_e,co-consumed,0.001004880035867944
9527,1338,709,EX_fe3_e,co-consumed,0.10098779478597139
9528,1338,709,EX_fum_e,co-consumed,2.0935135829673976
9529,1338,709,EX_glyald_e,provided,2.958353664369491
9530,1338,709,EX_glyc_e,received,2.8451238230849185
9531,1338,709,EX_h2s_e,co-consumed,0.036008770359333114
9532,1338,709,EX_h_e,co-consumed,3.9999997443327784
9533,1338,709,EX_mal__L_e,co-consumed,1.0846396296286787e-06
9534,1338,709,EX_nh4_e,provided,1.2529140989344e-05
9535,1338,709,EX_o2_e,co-consumed,3.9999999885236144
9536,1338,709,EX_orn_e,co-consumed,0.10839807062895389
9537,1338,709,EX_pheme_e,received,0.000109338281060112
9538,1338,709,EX_pi_e,received,1.2724910709637248e-06
9539,1338,709,EX_pyovd_kt_e,co-consumed,0.08162271012892948
9540,1338,709,EX_ser__L_e,co-consumed,0.9128963053162753
9541,1338,1080,EX_acald_e,provided,3.9999998824042273
9542,1338,1080,EX_arg__L_e,co-consumed,0.09774477676403731
9543,1338,1080,EX_bz_e,co-consumed,3.299013178626e-05
9544,1338,1080,EX_ca2_e,co-consumed,0.0017199988518446041
9545,1338,1080,EX_cl_e,co-consumed,0.001719998833413928
9546,1338,1080,EX_co_e,received,0.000196124531918444
9547,1338,1080,EX_coa_e,provided,0.000190124283030112
9548,1338,1080,EX_cobalt2_e,co-consumed,3.3045126410572e-05
9549,1338,1080,EX_cu2_e,co-consumed,0.00023428994625097202
9550,1338,1080,EX_fe2_e,co-consumed,0.002292361233621388
9551,1338,1080,EX_fe3_e,co-consumed,0.10098779478597139
9552,1338,1080,EX_gly_asn__L_e,co-consumed,0.07965697718288292
9553,1338,1080,EX_glyald_e,provided,3.9996827205025487
9554,1338,1080,EX_glyc_e,received,3.9996828759297043
9555,1338,1080,EX_h2s_e,co-consumed,0.05085931955435928
9556,1338,1080,EX_h_e,co-consumed,3.99999984176356
9557,1338,1080,EX_ile__L_e,co-consumed,0.09600566677600285
9558,1338,1080,EX_indole_e,co-consumed,0.0187838402181919
9559,1338,1080,EX_k_e,co-consumed,0.0645017735945925
9560,1338,1080,EX_mg2_e,co-consumed,0.002866664713725084
9561,1338,1080,EX_mn2_e,co-consumed,0.000228341823497068
9562,1338,1080,EX_o2_e,co-consumed,4.0000000081240135
9563,1338,1080,EX_pheme_e,co-consumed,7.3692198747684e-05
9564,1338,1080,EX_pi_e,co-consumed,0.317846700613507
9565,1338,1080,EX_pyovd_kt_e,co-consumed,0.08162460805035757
9566,1338,1080,EX_ser__L_e,co-consumed,0.1556379087786258
9567,1338,1080,EX_so4_e,co-consumed,0.001433538678428896
9568,1338,1080,EX_tyr__L_e,co-consumed,0.04556790367744402
9569,1338,1080,EX_zn2_e,co-consumed,0.00011268388106005601
9570,1338,1234,EX_arg__L_e,co-consumed,0.14504670550558305
9571,1338,1234,EX_bz_e,co-consumed,4.9036722629772e-05
9572,1338,1234,EX_ca2_e,co-consumed,0.0025523615473371443
9573,1338,1234,EX_cl_e,co-consumed,0.00255236153706398
9574,1338,1234,EX_co_e,received,0.000196124531918444
9575,1338,1234,EX_cobalt2_e,co-consumed,4.9036725213007996e-05
9576,1338,1234,EX_cu2_e,co-consumed,0.000347670381760236
9577,1338,1234,EX_fe2_e,co-consumed,0.003402087946900608
9578,1338,1234,EX_fe3_e,co-consumed,0.10098779478597139
9579,1338,1234,EX_gly_asn__L_e,co-consumed,0.11820552310118831
9580,1338,1234,EX_glyc_e,co-consumed,1.5041397989079013
9581,1338,1234,EX_gthrd_e,co-consumed,1.4065100262110147e-06
9582,1338,1234,EX_h2o_e,provided,0.657708615030396
9583,1338,1234,EX_h2s_e,co-consumed,0.09158317848303064
9584,1338,1234,EX_h_e,co-consumed,3.99999984176356
9585,1338,1234,EX_ile__L_e,co-consumed,0.17289987362394954
9586,1338,1234,EX_indole_e,co-consumed,0.02787394686242238
9587,1338,1234,EX_k_e,co-consumed,0.09571625504503004
9588,1338,1234,EX_lys__L_e,co-consumed,0.1682748944796095
9589,1338,1234,EX_mg2_e,co-consumed,0.0042539359103182526
9590,1338,1234,EX_mn2_e,co-consumed,0.000338843771649004
9591,1338,1234,EX_nh4_e,provided,2.477133969872802
9592,1338,1234,EX_o2_e,co-consumed,4.0000000081240135
9593,1338,1234,EX_orn_e,co-consumed,0.10839807062895389
9594,1338,1234,EX_pheme_e,co-consumed,0.000109338281060112
9595,1338,1234,EX_pi_e,co-consumed,0.4733005374489946
9596,1338,1234,EX_pyovd_kt_e,co-consumed,0.0966212167263657
9597,1338,1234,EX_so4_e,co-consumed,0.002127211543286632
9598,1338,1234,EX_tyr__L_e,co-consumed,0.06772902993430932
9599,1338,1234,EX_zn2_e,co-consumed,0.0001672152329765
9600,1338,459,EX_arg__L_e,co-consumed,0.0752507675809346
9601,1338,459,EX_bz_e,co-consumed,2.5439122619448e-05
9602,1338,459,EX_ca2_e,co-consumed,0.001324174641914416
9603,1338,459,EX_cl_e,co-consumed,0.001324174648216012
9604,1338,459,EX_co_e,co-consumed,1.7996924166142676e-06
9605,1338,459,EX_cobalt2_e,co-consumed,2.5440435039219997e-05
9606,1338,459,EX_cu2_e,co-consumed,0.000180390647390964
9607,1338,459,EX_etoh_e,provided,0.00032043276375097603
9608,1338,459,EX_fe2_e,co-consumed,0.001764986478475996
9609,1338,459,EX_fe3_e,co-consumed,0.09975758485025954
9610,1338,459,EX_gly_asn__L_e,co-consumed,0.06132544409948123
9611,1338,459,EX_glyc_e,co-consumed,0.5603564379780037
9612,1338,459,EX_gua_e,received,0.029323899499775583
9613,1338,459,EX_h2s_e,co-consumed,0.06265178161169169
9614,1338,459,EX_h_e,co-consumed,3.99999984176356
9615,1338,459,EX_ile__L_e,co-consumed,0.07391186520346255
9616,1338,459,EX_indole_e,co-consumed,0.014461106596512244
9617,1338,459,EX_k_e,co-consumed,0.049657948366106826
9618,1338,459,EX_lys__L_e,co-consumed,0.05673698394769787
9619,1338,459,EX_mg2_e,co-consumed,0.002206957731340756
9620,1338,459,EX_mn2_e,co-consumed,0.000175793406121016
9621,1338,459,EX_nh4_e,provided,0.39438734493157057
9622,1338,459,EX_o2_e,co-consumed,4.0000000081240135
9623,1338,459,EX_orn_e,co-consumed,1.308345766382397e-06
9624,1338,459,EX_pheme_e,co-consumed,5.6724788608056e-05
9625,1338,459,EX_pi_e,co-consumed,0.24524313539055015
9626,1338,459,EX_pyovd_kt_e,co-consumed,0.09715883992988676
9627,1338,459,EX_so4_e,co-consumed,0.0011036054317014401
9628,1338,459,EX_tyr__L_e,co-consumed,0.035138067082458264
9629,1338,459,EX_zn2_e,co-consumed,8.675188348374e-05
9630,1338,939,EX_acald_e,provided,3.999999953878311
9631,1338,939,EX_arg__L_e,co-consumed,0.09830545590351224
9632,1338,939,EX_bz_e,co-consumed,3.3232014882852e-05
9633,1338,939,EX_ca2_e,co-consumed,0.001729864292236908
9634,1338,939,EX_cl_e,co-consumed,0.0017298642985617162
9635,1338,939,EX_co2_e,provided,3.9999931267347986
9636,1338,939,EX_co_e,received,0.000196124531918444
9637,1338,939,EX_cobalt2_e,co-consumed,3.3234664594716e-05
9638,1338,939,EX_cu2_e,co-consumed,0.000235650970620524
9639,1338,939,EX_etoh_e,provided,0.00032043276375097603
9640,1338,939,EX_fe2_e,co-consumed,0.002304981749567044
9641,1338,939,EX_fe3_e,co-consumed,0.10098779478597139
9642,1338,939,EX_glu__L_e,provided,0.5985558432159503
9643,1338,939,EX_gly_asn__L_e,co-consumed,0.08011383168303018
9644,1338,939,EX_glyc_e,received,0.024997015534810717
9645,1338,939,EX_gua_e,received,0.11927081725904311
9646,1338,939,EX_h2s_e,co-consumed,0.051150502675831995
9647,1338,939,EX_h_e,co-consumed,3.99999984176356
9648,1338,939,EX_ile__L_e,co-consumed,0.09655632339616185
9649,1338,939,EX_indole_e,co-consumed,0.01889157864291596
9650,1338,939,EX_k_e,co-consumed,0.06487173886236564
9651,1338,939,EX_mg2_e,co-consumed,0.002883107157740876
9652,1338,939,EX_mn2_e,co-consumed,0.000229651532349492
9653,1338,939,EX_no2_e,provided,0.7647958208627043
9654,1338,939,EX_o2_e,co-consumed,4.0000000081240135
9655,1338,939,EX_pheme_e,co-consumed,7.4111704178228e-05
9656,1338,939,EX_pi_e,co-consumed,0.21639201496887295
9657,1338,939,EX_pyovd_kt_e,co-consumed,0.08179167806008131
9658,1338,939,EX_so4_e,co-consumed,0.0014417620006114402
9659,1338,939,EX_tyr__L_e,co-consumed,0.0458292680808313
9660,1338,939,EX_zn2_e,co-consumed,0.000113330206267984
9661,1338,1101,EX_acald_e,provided,1.7386622935093572
9662,1338,1101,EX_arg__L_e,co-consumed,0.0708719972398029
9663,1338,1101,EX_bz_e,co-consumed,2.3960537358676e-05
9664,1338,1101,EX_ca2_e,co-consumed,0.001247118090470048
9665,1338,1101,EX_cl_e,co-consumed,0.001247118089766604
9666,1338,1101,EX_cobalt2_e,co-consumed,2.3960001738136e-05
9667,1338,1101,EX_cu2_e,co-consumed,0.000169893680116944
9668,1338,1101,EX_etoh_e,provided,1.6528803451039475e-06
9669,1338,1101,EX_fe2_e,co-consumed,0.001662285257221172
9670,1338,1101,EX_fe3_e,co-consumed,0.09965199913962736
9671,1338,1101,EX_gly_asn__L_e,co-consumed,0.05775678414611285
9672,1338,1101,EX_glyc_e,co-consumed,0.8585038357276302
9673,1338,1101,EX_gua_e,co-consumed,0.013918972514455676
9674,1338,1101,EX_h2s_e,co-consumed,0.03687654426009199
9675,1338,1101,EX_h_e,co-consumed,3.99999984176356
9676,1338,1101,EX_ile__L_e,co-consumed,0.06961074539346983
9677,1338,1101,EX_indole_e,co-consumed,0.013619584923228826
9678,1338,1101,EX_k_e,co-consumed,0.04676824619272245
9679,1338,1101,EX_lys__L_e,co-consumed,0.08222137421269764
9680,1338,1101,EX_mg2_e,co-consumed,0.0020785301475042483
9681,1338,1101,EX_mn2_e,co-consumed,0.00016556361201052803
9682,1338,1101,EX_nh4_e,provided,0.1584479661111053
9683,1338,1101,EX_o2_e,co-consumed,4.0000000081240135
9684,1338,1101,EX_orn_e,co-consumed,0.05296448255771899
9685,1338,1101,EX_pheme_e,co-consumed,5.342306976853601e-05
9686,1338,1101,EX_pi_e,co-consumed,0.2309763883790603
9687,1338,1101,EX_pyovd_kt_e,co-consumed,0.09715883992988676
9688,1338,1101,EX_so4_e,co-consumed,0.0010394015906126839
9689,1338,1101,EX_tyr__L_e,co-consumed,0.033429170991171486
9690,1338,1101,EX_zn2_e,co-consumed,8.1703605927048e-05
9691,1338,895,EX_acald_e,provided,3.9999999079672297
9692,1338,895,EX_arg__L_e,co-consumed,0.04662316792854972
9693,1338,895,EX_ca2_e,co-consumed,0.000820419769612432
9694,1338,895,EX_cl_e,co-consumed,0.000820419769612432
9695,1338,895,EX_co_e,received,0.000196124531918444
9696,1338,895,EX_cobalt2_e,co-consumed,1.5762147350859998e-05
9697,1338,895,EX_cu2_e,co-consumed,0.00011175362471762
9698,1338,895,EX_fe2_e,received,0.003402087946900608
9699,1338,895,EX_fe3_e,co-consumed,0.10098779478597139
9700,1338,895,EX_fe3pyovd_kt_e,provided,0.09715883616885115
9701,1338,895,EX_fum_e,co-consumed,2.494744653335809
9702,1338,895,EX_glu__L_e,provided,0.5985558432159503
9703,1338,895,EX_gly_asn__L_e,co-consumed,0.03799544068859324
9704,1338,895,EX_h2s_e,co-consumed,0.03881892788041594
9705,1338,895,EX_h_e,received,3.99999984176356
9706,1338,895,EX_indole_e,co-consumed,0.008959674706269403
9707,1338,895,EX_k_e,co-consumed,0.03076660827857057
9708,1338,895,EX_lys__L_e,co-consumed,0.05408952397600663
9709,1338,895,EX_mal__L_e,co-consumed,1.0846396296286787e-06
9710,1338,895,EX_mg2_e,co-consumed,0.001367366289552788
9711,1338,895,EX_mn2_e,co-consumed,0.00010891643819446402
9712,1338,895,EX_o2_e,co-consumed,3.9999999806049624
9713,1338,895,EX_orn_e,co-consumed,0.0348428136409918
9714,1338,895,EX_pi_e,co-consumed,0.15194507879906127
9715,1338,895,EX_pyovd_kt_e,received,0.09715883992988676
9716,1338,895,EX_so4_e,co-consumed,0.0006837934442837
9717,1338,895,EX_zn2_e,co-consumed,5.374892246644001e-05
9718,1338,1174,EX_acald_e,provided,1.3753633387686748e-06
9719,1338,1174,EX_arg__L_e,co-consumed,0.05605769184233719
9720,1338,1174,EX_ca2_e,co-consumed,0.000986437759824856
9721,1338,1174,EX_cl_e,co-consumed,0.00098643776142874
9722,1338,1174,EX_cobalt2_e,co-consumed,1.895173409846e-05
9723,1338,1174,EX_cu2_e,co-consumed,0.00013436779475808
9724,1338,1174,EX_etoh_e,provided,0.00032043276375097603
9725,1338,1174,EX_fe2_e,co-consumed,0.0027943848852446363
9726,1338,1174,EX_fe3_e,co-consumed,0.10098779478597139
9727,1338,1174,EX_gly_asn__L_e,co-consumed,0.04568414125757652
9728,1338,1174,EX_glyc_e,co-consumed,0.36072456643691775
9729,1338,1174,EX_h2s_e,co-consumed,0.02916697578508537
9730,1338,1174,EX_h_e,co-consumed,3.99999984176356
9731,1338,1174,EX_ile__L_e,co-consumed,0.055060282718296175
9732,1338,1174,EX_k_e,co-consumed,0.0369924583388076
9733,1338,1174,EX_lys__L_e,co-consumed,0.06503486075269914
9734,1338,1174,EX_mg2_e,co-consumed,0.001644062933833644
9735,1338,1174,EX_mn2_e,co-consumed,0.00013095648262036002
9736,1338,1174,EX_nh4_e,provided,0.3070393874160899
9737,1338,1174,EX_o2_e,co-consumed,4.000000007375812
9738,1338,1174,EX_orn_e,received,0.0560576623089545
9739,1338,1174,EX_pheme_e,co-consumed,4.2253617028032e-05
9740,1338,1174,EX_pi_e,co-consumed,0.18053216455657164
9741,1338,1174,EX_pyovd_kt_e,co-consumed,0.08157835839235565
9742,1338,1174,EX_s_e,provided,0.017508463517654196
9743,1338,1174,EX_ser__L_e,co-consumed,0.10350235365771697
9744,1338,1174,EX_so4_e,co-consumed,0.000822122439672656
9745,1338,1174,EX_zn2_e,co-consumed,6.4625413275748e-05
9746,1338,638,EX_arg__L_e,co-consumed,0.14504670550558305
9747,1338,638,EX_ca2_e,co-consumed,0.0022704574125995644
9748,1338,638,EX_cl_e,co-consumed,0.00227045742129362
9749,1338,638,EX_cobalt2_e,co-consumed,4.3620699700512e-05
9750,1338,638,EX_cu2_e,co-consumed,0.000309270760876628
9751,1338,638,EX_fe2_e,co-consumed,0.002929125572479568
9752,1338,638,EX_fe3_e,co-consumed,0.10098779478597139
9753,1338,638,EX_gua_e,received,0.011413676712646004
9754,1338,638,EX_h2s_e,received,0.6272066739162415
9755,1338,638,EX_h_e,co-consumed,3.99999984176356
9756,1338,638,EX_ile__L_e,co-consumed,0.13562939800545407
9757,1338,638,EX_k_e,co-consumed,0.08514455236642081
9758,1338,638,EX_lys__L_e,co-consumed,0.154051264809716
9759,1338,638,EX_mal__L_e,co-consumed,1.0846396296286787e-06
9760,1338,638,EX_mg2_e,co-consumed,0.0037840956883606605
9761,1338,638,EX_mn2_e,co-consumed,0.000301419034930536
9762,1338,638,EX_nh4_e,provided,0.5506591393670807
9763,1338,638,EX_o2_e,co-consumed,4.0000000003571925
9764,1338,638,EX_orn_e,received,0.03645562108615275
9765,1338,638,EX_pi_e,co-consumed,0.4733005374489946
9766,1338,638,EX_pyovd_kt_e,co-consumed,0.08183482317024428
9767,1338,638,EX_ser__L_e,co-consumed,0.2205969746734422
9768,1338,638,EX_so4_e,co-consumed,0.002127211543286632
9769,1338,638,EX_tyr__L_e,co-consumed,0.060151225681881935
9770,1338,638,EX_zn2_e,co-consumed,0.000148746585978744
9771,1338,1252,EX_acald_e,provided,3.9999997904593902
9772,1338,1252,EX_arg__L_e,co-consumed,0.04958276460367674
9773,1338,1252,EX_ca2_e,co-consumed,0.000872499182630916
9774,1338,1252,EX_cl_e,co-consumed,0.0008724991859140641
9775,1338,1252,EX_cobalt2_e,co-consumed,1.6762632508992e-05
9776,1338,1252,EX_cu2_e,co-consumed,0.00011884763121716
9777,1338,1252,EX_fe3_e,co-consumed,0.10010262645074329
9778,1338,1252,EX_glu__L_e,provided,0.5985558432159503
9779,1338,1252,EX_gly_asn__L_e,co-consumed,0.040407353390169966
9780,1338,1252,EX_glyc_e,co-consumed,2.5718014938363035e-06
9781,1338,1252,EX_gthrd_e,co-consumed,3.1177770936651037e-06
9782,1338,1252,EX_h2s_e,co-consumed,0.025799261722311503
9783,1338,1252,EX_h_e,co-consumed,3.99999984176356
9784,1338,1252,EX_ile__L_e,co-consumed,0.04870053056460484
9785,1338,1252,EX_indole_e,co-consumed,0.009528431344488265
9786,1338,1252,EX_k_e,co-consumed,0.03271964129784373
9787,1338,1252,EX_lys__L_e,co-consumed,0.05752308177107786
9788,1338,1252,EX_mg2_e,co-consumed,0.001454165301560156
9789,1338,1252,EX_mn2_e,co-consumed,0.00011583034153456801
9790,1338,1252,EX_o2_e,co-consumed,4.000000006593655
9791,1338,1252,EX_orn_e,co-consumed,0.03705476110979352
9792,1338,1252,EX_pheme_e,co-consumed,3.7374474097828e-05
9793,1338,1252,EX_pi_e,co-consumed,0.16625355329077693
9794,1338,1252,EX_pyovd_kt_e,co-consumed,0.09715883992988676
9795,1338,1252,EX_s_e,provided,0.015484261505013861
9796,1338,1252,EX_so4_e,co-consumed,0.0007271911647131201
9797,1338,1252,EX_tyr__L_e,co-consumed,0.02315249065739494
9798,1338,1252,EX_zn2_e,co-consumed,5.7160849428843996e-05
9799,1357,1208,EX_acald_e,co-consumed,0.031528264551958556
9800,1357,1208,EX_arg__L_e,co-consumed,0.010515392853133068
9801,1357,1208,EX_ca2_e,co-consumed,0.000185037459311756
9802,1357,1208,EX_cl_e,co-consumed,0.00018503746083356002
9803,1357,1208,EX_cobalt2_e,co-consumed,3.554994415211502e-06
9804,1357,1208,EX_cu2_e,co-consumed,2.5204910403848e-05
9805,1357,1208,EX_fe2_e,co-consumed,0.00023873883590635602
9806,1357,1208,EX_fe3_e,co-consumed,0.09943419479300797
9807,1357,1208,EX_glyc_e,received,0.2992554826238624
9808,1357,1208,EX_glygln_e,co-consumed,0.05348671039292357
9809,1357,1208,EX_h2o_e,provided,0.44188172090410993
9810,1357,1208,EX_h2s_e,co-consumed,0.00547056092920584
9811,1357,1208,EX_h_e,received,3.024212848729982
9812,1357,1208,EX_ile__L_e,co-consumed,0.011053439265323308
9813,1357,1208,EX_k_e,co-consumed,0.006939100248883789
9814,1357,1208,EX_lys__L_e,co-consumed,0.012199306937354772
9815,1357,1208,EX_mg2_e,co-consumed,0.000308395771808992
9816,1357,1208,EX_mn2_e,co-consumed,2.4565011409108002e-05
9817,1357,1208,EX_o2_e,co-consumed,3.9999999827833617
9818,1357,1208,EX_orn_e,received,0.05537209138249047
9819,1357,1208,EX_pi_e,co-consumed,0.04983466476348048
9820,1357,1208,EX_pyovd_kt_e,co-consumed,0.08157885504853672
9821,1357,1208,EX_so4_e,co-consumed,0.00015421954251966
9822,1357,1208,EX_tyr__L_e,co-consumed,0.004910088625336588
9823,1357,1208,EX_zn2_e,co-consumed,1.2122530955867999e-05
9824,1357,1334,EX_arg__L_e,co-consumed,0.038608070545978
9825,1357,1334,EX_bz_e,co-consumed,1.3059379269832e-05
9826,1357,1334,EX_ca2_e,co-consumed,0.0006793794336395401
9827,1357,1334,EX_cl_e,co-consumed,0.00067937942944234
9828,1357,1334,EX_cobalt2_e,co-consumed,1.305243863054e-05
9829,1357,1334,EX_cu2_e,co-consumed,9.254178989055201e-05
9830,1357,1334,EX_fe2_e,co-consumed,0.00087650510841338
9831,1357,1334,EX_fe3_e,co-consumed,0.09943419479300797
9832,1357,1334,EX_glyc_e,received,0.2992554826238624
9833,1357,1334,EX_h2o_e,provided,1.0911453003108098
9834,1357,1334,EX_h2s_e,co-consumed,0.020089283009825425
9835,1357,1334,EX_h_e,co-consumed,1.0810525813379293
9836,1357,1334,EX_ile__L_e,co-consumed,0.04058313148740553
9837,1357,1334,EX_ins_e,received,0.11210285793407074
9838,1357,1334,EX_k_e,co-consumed,0.025477446536117086
9839,1357,1334,EX_leu__L_e,co-consumed,0.06021490463799532
9840,1357,1334,EX_lys__L_e,received,0.08595861066855712
9841,1357,1334,EX_mg2_e,co-consumed,0.0011322990512711
9842,1357,1334,EX_mn2_e,co-consumed,9.019235093705599e-05
9843,1357,1334,EX_o2_e,co-consumed,3.9999999947191163
9844,1357,1334,EX_orn_e,co-consumed,0.02841741718383033
9845,1357,1334,EX_pi_e,co-consumed,0.1832505419051775
9846,1357,1334,EX_pyovd_kt_e,co-consumed,0.08174269204197179
9847,1357,1334,EX_so4_e,co-consumed,0.000566218747882516
9848,1357,1334,EX_tyr__L_e,co-consumed,0.01802789882693641
9849,1357,1334,EX_zn2_e,co-consumed,4.4508815730152e-05
9850,1357,397,EX_arg__L_e,co-consumed,0.06920866969908211
9851,1357,397,EX_bz_e,co-consumed,2.3404863776383998e-05
9852,1357,397,EX_ca2_e,co-consumed,0.001217852818750344
9853,1357,397,EX_cl_e,co-consumed,0.001217852822333104
9854,1357,397,EX_co_e,provided,9.345755130370001e-05
9855,1357,397,EX_cobalt2_e,co-consumed,2.339774867916e-05
9856,1357,397,EX_cu2_e,co-consumed,0.000165890038135252
9857,1357,397,EX_fe2_e,co-consumed,0.0016230509548978839
9858,1357,397,EX_fe3_e,co-consumed,0.09943419479300797
9859,1357,397,EX_glyc_e,co-consumed,0.18638663939230632
9860,1357,397,EX_glygln_e,co-consumed,0.17397824572201334
9861,1357,397,EX_h2s_e,received,0.061693457951051085
9862,1357,397,EX_h_e,co-consumed,3.999999947550514
9863,1357,397,EX_ile__L_e,co-consumed,0.06797735190551758
9864,1357,397,EX_indole_e,co-consumed,0.01329998742891936
9865,1357,397,EX_k_e,co-consumed,0.045670767579315284
9866,1357,397,EX_leu__L_e,co-consumed,0.10541401146566946
9867,1357,397,EX_lys__L_e,co-consumed,0.0802919326984846
9868,1357,397,EX_mg2_e,co-consumed,0.002029754698458512
9869,1357,397,EX_mn2_e,co-consumed,0.000161678443373004
9870,1357,397,EX_nh4_e,provided,0.4893943352087682
9871,1357,397,EX_o2_e,co-consumed,4.0000000080151406
9872,1357,397,EX_orn_e,co-consumed,0.05172166304865404
9873,1357,397,EX_pheme_e,co-consumed,5.217097049218e-05
9874,1357,397,EX_pi_e,co-consumed,0.22556046007853384
9875,1357,397,EX_pyovd_kt_e,co-consumed,0.08168261366841971
9876,1357,397,EX_so4_e,co-consumed,0.001015003960146008
9877,1357,397,EX_tyr__L_e,co-consumed,0.03231674507244956
9878,1357,397,EX_zn2_e,co-consumed,7.9786322995936e-05
9879,1357,790,EX_acald_e,co-consumed,1.35859842204089
9880,1357,790,EX_arg__L_e,co-consumed,0.0643513465484833
9881,1357,790,EX_bz_e,co-consumed,2.1815775779456e-05
9882,1357,790,EX_ca2_e,co-consumed,0.0011323795243763201
9883,1357,790,EX_cl_e,co-consumed,0.001132379475451076
9884,1357,790,EX_co_e,provided,8.6963135624944e-05
9885,1357,790,EX_cobalt2_e,co-consumed,2.175560948702e-05
9886,1357,790,EX_cu2_e,co-consumed,0.000154264017236172
9887,1357,790,EX_etoh_e,co-consumed,1.2935053489466327e-06
9888,1357,790,EX_fe2_e,co-consumed,0.001508712915426732
9889,1357,790,EX_fe3_e,co-consumed,0.09943419479300797
9890,1357,790,EX_gly_e,co-consumed,0.8106518088196281
9891,1357,790,EX_glyc_e,co-consumed,5.115498198920001e-06
9892,1357,790,EX_glygln_e,co-consumed,0.17397824572201334
9893,1357,790,EX_h2s_e,co-consumed,0.05358084316260509
9894,1357,790,EX_h_e,co-consumed,3.9999999510067523
9895,1357,790,EX_ile__L_e,co-consumed,0.0632063717651916
9896,1357,790,EX_indole_e,co-consumed,0.012366520040754805
9897,1357,790,EX_k_e,co-consumed,0.042465426826002066
9898,1357,790,EX_leu__L_e,co-consumed,0.0980154113658712
9899,1357,790,EX_lys__L_e,co-consumed,0.07465664481291695
9900,1357,790,EX_mg2_e,co-consumed,0.0018872991181296081
9901,1357,790,EX_mn2_e,co-consumed,0.000150331261555316
9902,1357,790,EX_o2_e,co-consumed,4.000000008075555
9903,1357,790,EX_orn_e,co-consumed,0.04809132745711527
9904,1357,790,EX_pheme_e,co-consumed,4.851410567494e-05
9905,1357,790,EX_pi_e,co-consumed,0.20959968283663044
9906,1357,790,EX_pyovd_kt_e,co-consumed,0.08168969220271365
9907,1357,790,EX_so4_e,co-consumed,0.000943764545232616
9908,1357,790,EX_tyr__L_e,received,0.0345975202625863
9909,1357,790,EX_zn2_e,co-consumed,7.418662835074e-05
9910,1357,947,EX_acald_e,received,1.35859842204089
9911,1357,947,EX_arg__L_e,co-consumed,0.07014177111137566
9912,1357,947,EX_ca2_e,co-consumed,0.00123427219400334
9913,1357,947,EX_cl_e,co-consumed,0.0012342722029121001
9914,1357,947,EX_co_e,provided,0.000168305542711704
9915,1357,947,EX_cobalt2_e,co-consumed,2.3713174407356e-05
9916,1357,947,EX_cu2_e,co-consumed,0.000168126606253288
9917,1357,947,EX_etoh_e,co-consumed,1.2935053489466327e-06
9918,1357,947,EX_fe2_e,co-consumed,0.0016975131417780078
9919,1357,947,EX_fe3_e,co-consumed,0.09943419479300797
9920,1357,947,EX_for_e,received,0.000476017549232664
9921,1357,947,EX_glyc_e,co-consumed,0.2992554826238624
9922,1357,947,EX_glygln_e,co-consumed,0.17397824572201334
9923,1357,947,EX_h2s_e,co-consumed,0.036494787671598944
9924,1357,947,EX_h_e,co-consumed,3.999999973844059
9925,1357,947,EX_indole_e,co-consumed,0.013479294341799253
9926,1357,947,EX_k_e,co-consumed,0.04628651150126695
9927,1357,947,EX_leu__L_e,received,1.712640020151455e-06
9928,1357,947,EX_lys__L_e,co-consumed,0.08137446490217075
9929,1357,947,EX_mg2_e,co-consumed,0.0020571203234276882
9930,1357,947,EX_mn2_e,co-consumed,0.000163858229789876
9931,1357,947,EX_nh4_e,provided,0.8581781074640575
9932,1357,947,EX_o2_e,co-consumed,4.0000000079260385
9933,1357,947,EX_orn_e,received,0.05537209138249047
9934,1357,947,EX_pi_e,co-consumed,0.22859835619422186
9935,1357,947,EX_pyovd_kt_e,co-consumed,0.08172432925127425
9936,1357,947,EX_so4_e,co-consumed,0.00102869325506434
9937,1357,947,EX_zn2_e,co-consumed,8.0862020779088e-05
9938,1357,997,EX_acald_e,co-consumed,0.6015655253815413
9939,1357,997,EX_arg__L_e,co-consumed,0.05929959856276623
9940,1357,997,EX_bz_e,co-consumed,2.0096298488695998e-05
9941,1357,997,EX_ca2_e,co-consumed,0.0010434847208092
9942,1357,997,EX_cl_e,co-consumed,0.00104348472257708
9943,1357,997,EX_cobalt2_e,co-consumed,2.0047737191336e-05
9944,1357,997,EX_cu2_e,co-consumed,0.000142138456686592
9945,1357,997,EX_etoh_e,co-consumed,1.2935053489466327e-06
9946,1357,997,EX_fe2_e,co-consumed,0.001390731870040848
9947,1357,997,EX_fe3_e,co-consumed,0.09940322317984002
9948,1357,997,EX_glyc_e,co-consumed,0.027880222580512305
9949,1357,997,EX_glygln_e,co-consumed,0.17273684583107904
9950,1357,997,EX_h2s_e,co-consumed,0.04932917039706491
9951,1357,997,EX_h_e,co-consumed,3.999999955173125
9952,1357,997,EX_ile__L_e,co-consumed,0.05824451862096163
9953,1357,997,EX_indole_e,co-consumed,0.011395739851250869
9954,1357,997,EX_k_e,co-consumed,0.03913177965589056
9955,1357,997,EX_leu__L_e,co-consumed,0.09032106403279362
9956,1357,997,EX_lys__L_e,co-consumed,0.0687959983179711
9957,1357,997,EX_mg2_e,co-consumed,0.001739141201779196
9958,1357,997,EX_mn2_e,co-consumed,0.000138529863992152
9959,1357,997,EX_o2_e,co-consumed,4.000000008075873
9960,1357,997,EX_orn_e,co-consumed,0.04431628766154045
9961,1357,997,EX_pheme_e,co-consumed,4.4700229887944004e-05
9962,1357,997,EX_pyovd_kt_e,co-consumed,0.09747692068785542
9963,1357,997,EX_so4_e,co-consumed,0.000869810833913784
9964,1357,997,EX_tyr__L_e,co-consumed,0.02764506582847024
9965,1357,997,EX_zn2_e,co-consumed,6.8362783822464e-05
9966,1357,1114,EX_arg__L_e,co-consumed,0.0046357303882063276
9967,1357,1114,EX_bz_e,co-consumed,1.5686153384505792e-06
9968,1357,1114,EX_ca2_e,co-consumed,8.157368052924399e-05
9969,1357,1114,EX_cl_e,co-consumed,8.1573673573936e-05
9970,1357,1114,EX_cobalt2_e,co-consumed,1.5672176856355215e-06
9971,1357,1114,EX_cu2_e,co-consumed,1.0660673623368001e-05
9972,1357,1114,EX_fe2_e,co-consumed,0.000105202132142988
9973,1357,1114,EX_fe3_e,co-consumed,0.09943419479300797
9974,1357,1114,EX_glyc_e,co-consumed,0.2992554826238624
9975,1357,1114,EX_glygln_e,co-consumed,0.042553588203818285
9976,1357,1114,EX_h2s_e,co-consumed,0.0038483196513773637
9977,1357,1114,EX_h_e,received,0.00112623464957868
9978,1357,1114,EX_ile__L_e,co-consumed,0.004872935060638228
9979,1357,1114,EX_k_e,co-consumed,0.003059099217122536
9980,1357,1114,EX_leu__L_e,co-consumed,0.007230005544080364
9981,1357,1114,EX_lys__L_e,co-consumed,0.005534792074785936
9982,1357,1114,EX_mg2_e,co-consumed,0.000135956138154524
9983,1357,1114,EX_mn2_e,co-consumed,1.082947420774e-05
9984,1357,1114,EX_o2_e,co-consumed,3.8457435539662432
9985,1357,1114,EX_orn_e,co-consumed,0.003464318233193924
9986,1357,1114,EX_pyovd_kt_e,co-consumed,0.08153202518695611
9987,1357,1114,EX_so4_e,co-consumed,6.7900542683388e-05
9988,1357,1114,EX_tyr__L_e,co-consumed,0.002161134730962664
9989,1357,1114,EX_zn2_e,co-consumed,5.344212308016e-06
9990,1357,1362,EX_acald_e,received,1.35859842204089
9991,1357,1362,EX_arg__L_e,co-consumed,0.07409311905358083
9992,1357,1362,EX_bz_e,received,2.5053005366268003e-05
9993,1357,1362,EX_ca2_e,co-consumed,0.001303803745359452
9994,1357,1362,EX_cl_e,co-consumed,0.0013038037393576522
9995,1357,1362,EX_cobalt2_e,co-consumed,2.504906331142e-05
9996,1357,1362,EX_cu2_e,co-consumed,0.000177615054287412
9997,1357,1362,EX_etoh_e,received,1.2935053489466327e-06
9998,1357,1362,EX_fe2_e,co-consumed,0.001736825051244268
9999,1357,1362,EX_fe3_e,co-consumed,0.09943419479300797
10000,1357,1362,EX_for_e,co-consumed,0.2306773228292371
10001,1357,1362,EX_glc__D_e,co-consumed,0.11170276684463472
10002,1357,1362,EX_glyc_e,co-consumed,0.2992554826238624
10003,1357,1362,EX_h2s_e,received,0.061693457951051085
10004,1357,1362,EX_h_e,co-consumed,3.999999965538384
10005,1357,1362,EX_indole_e,received,0.014238646584827628
10006,1357,1362,EX_k_e,co-consumed,0.04889401814946166
10007,1357,1362,EX_leu__L_e,co-consumed,0.11285374553745517
10008,1357,1362,EX_mg2_e,co-consumed,0.0021730062497658
10009,1357,1362,EX_mn2_e,co-consumed,0.000173089025632868
10010,1357,1362,EX_nh4_e,provided,0.01835854082437485
10011,1357,1362,EX_o2_e,co-consumed,4.0000000073171
10012,1357,1362,EX_oxa_e,provided,0.08205630144259583
10013,1357,1362,EX_pheme_e,co-consumed,5.5853056938744005e-05
10014,1357,1362,EX_pi_e,co-consumed,0.24148695362315242
10015,1357,1362,EX_pyovd_kt_e,co-consumed,0.09708401242788707
10016,1357,1362,EX_so4_e,co-consumed,0.001086645104511944
10017,1357,1362,EX_zn2_e,co-consumed,8.5417305891944e-05
10018,1357,428,EX_acald_e,co-consumed,1.35859842204089
10019,1357,428,EX_arg__L_e,co-consumed,0.07409311905358083
10020,1357,428,EX_bz_e,co-consumed,2.5053005366268003e-05
10021,1357,428,EX_ca2_e,co-consumed,0.001303803745359452
10022,1357,428,EX_cl_e,co-consumed,0.0013038037393576522
10023,1357,428,EX_cobalt2_e,co-consumed,2.504906331142e-05
10024,1357,428,EX_cu2_e,co-consumed,0.000177615054287412
10025,1357,428,EX_etoh_e,co-consumed,1.2935053489466327e-06
10026,1357,428,EX_fe2_e,co-consumed,0.001736825051244268
10027,1357,428,EX_fe3_e,co-consumed,0.09943419479300797
10028,1357,428,EX_for_e,received,0.2306773228292371
10029,1357,428,EX_glyc_e,co-consumed,0.2992554826238624
10030,1357,428,EX_glygln_e,co-consumed,0.17397824572201334
10031,1357,428,EX_h2s_e,co-consumed,0.04303388535733
10032,1357,428,EX_h_e,co-consumed,3.999999973844059
10033,1357,428,EX_ile__L_e,co-consumed,0.07277490655242234
10034,1357,428,EX_indole_e,co-consumed,0.014238646584827628
10035,1357,428,EX_k_e,co-consumed,0.04889401814946166
10036,1357,428,EX_lys__L_e,co-consumed,0.08595861066855712
10037,1357,428,EX_mg2_e,co-consumed,0.0021730062497658
10038,1357,428,EX_mn2_e,co-consumed,0.000173089025632868
10039,1357,428,EX_nh4_e,provided,0.5711387962245577
10040,1357,428,EX_o2_e,co-consumed,4.000000008075317
10041,1357,428,EX_pheme_e,co-consumed,5.5853056938744005e-05
10042,1357,428,EX_pi_e,co-consumed,0.24148695362315242
10043,1357,428,EX_pyovd_kt_e,co-consumed,0.08186765301658698
10044,1357,428,EX_so4_e,co-consumed,0.001086645104511944
10045,1357,428,EX_tyr__L_e,co-consumed,0.0345975202625863
10046,1357,428,EX_zn2_e,co-consumed,8.5417305891944e-05
10047,1357,796,EX_acald_e,co-consumed,0.002836909054187548
10048,1357,796,EX_arg__L_e,co-consumed,0.06294170452915404
10049,1357,796,EX_ca2_e,co-consumed,0.001107574281398108
10050,1357,796,EX_cl_e,co-consumed,0.0011075742753872161
10051,1357,796,EX_co_e,provided,8.5100383024136e-05
10052,1357,796,EX_cobalt2_e,co-consumed,2.1279044663959997e-05
10053,1357,796,EX_cu2_e,co-consumed,0.000150868424905576
10054,1357,796,EX_etoh_e,co-consumed,1.2935053489466327e-06
10055,1357,796,EX_fe2_e,co-consumed,0.0014762008737501159
10056,1357,796,EX_fe3_e,co-consumed,0.09943419479300797
10057,1357,796,EX_glyc_e,co-consumed,0.2992554826238624
10058,1357,796,EX_glygln_e,co-consumed,0.17397824572201334
10059,1357,796,EX_h2s_e,received,0.061693457951051085
10060,1357,796,EX_h_e,co-consumed,3.9999999187499555
10061,1357,796,EX_ile__L_e,co-consumed,0.06182178988472924
10062,1357,796,EX_indole_e,co-consumed,0.012095646042858097
10063,1357,796,EX_k_e,co-consumed,0.041535205650924285
10064,1357,796,EX_lys__L_e,co-consumed,0.07302137681343995
10065,1357,796,EX_mg2_e,co-consumed,0.001845957120454128
10066,1357,796,EX_mn2_e,co-consumed,0.000147038197718252
10067,1357,796,EX_nh4_e,provided,5.81020049542e-06
10068,1357,796,EX_o2_e,co-consumed,4.000000007062814
10069,1357,796,EX_orn_e,co-consumed,0.047038335753491874
10070,1357,796,EX_pheme_e,co-consumed,4.7443022883936004e-05
10071,1357,796,EX_pi_e,co-consumed,0.20513428815441953
10072,1357,796,EX_pyovd_kt_e,co-consumed,0.08161142134172414
10073,1357,796,EX_skm_e,co-consumed,0.016897642970363894
10074,1357,796,EX_so4_e,co-consumed,0.001086645104511944
10075,1357,796,EX_zn2_e,co-consumed,7.256154230407201e-05
10076,1357,1350,EX_acald_e,co-consumed,1.35859842204089
10077,1357,1350,EX_ala__L_e,co-consumed,0.047262238141825307
10078,1357,1350,EX_arg__L_e,co-consumed,0.04480527367546154
10079,1357,1350,EX_ca2_e,co-consumed,0.000388408448178276
10080,1357,1350,EX_cl_e,co-consumed,0.000388413463840176
10081,1357,1350,EX_cobalt2_e,co-consumed,7.46231436586e-06
10082,1357,1350,EX_cu2_e,co-consumed,5.290780885396e-05
10083,1357,1350,EX_fe3_e,co-consumed,0.09943419479300797
10084,1357,1350,EX_for_e,received,0.00010146007375620399
10085,1357,1350,EX_glyc_e,received,0.2992554826238624
10086,1357,1350,EX_glygln_e,co-consumed,0.1284790199539067
10087,1357,1350,EX_h2s_e,co-consumed,0.018360240954817714
10088,1357,1350,EX_h_e,co-consumed,0.17888914915507573
10089,1357,1350,EX_ile__L_e,co-consumed,0.016327387249486534
10090,1357,1350,EX_k_e,co-consumed,0.01456591528015751
10091,1357,1350,EX_lys__L_e,co-consumed,0.02635395491518484
10092,1357,1350,EX_mg2_e,co-consumed,0.000647355765087112
10093,1357,1350,EX_mn2_e,co-consumed,5.1564593668596e-05
10094,1357,1350,EX_o2_e,co-consumed,4.000000001268809
10095,1357,1350,EX_orn_e,received,0.006236717596360448
10096,1357,1350,EX_pi_e,co-consumed,0.11485945952391907
10097,1357,1350,EX_pyovd_kt_e,co-consumed,0.08164225635842604
10098,1357,1350,EX_skm_e,co-consumed,0.016897642970363894
10099,1357,1350,EX_so4_e,co-consumed,0.000323716092813068
10100,1357,1350,EX_tyr__L_e,co-consumed,0.010290447363563479
10101,1357,1350,EX_zn2_e,co-consumed,2.5446491987588002e-05
10102,1357,262,EX_acald_e,co-consumed,1.35859842204089
10103,1357,262,EX_arg__L_e,co-consumed,0.07409311905358083
10104,1357,262,EX_bz_e,co-consumed,2.5053005366268003e-05
10105,1357,262,EX_ca2_e,co-consumed,0.001303803745359452
10106,1357,262,EX_cl_e,co-consumed,0.0013038037393576522
10107,1357,262,EX_cobalt2_e,co-consumed,2.504906331142e-05
10108,1357,262,EX_cu2_e,co-consumed,0.000177615054287412
10109,1357,262,EX_etoh_e,received,1.2935053489466327e-06
10110,1357,262,EX_fe2_e,co-consumed,0.001736825051244268
10111,1357,262,EX_fe3_e,co-consumed,0.09825562569376221
10112,1357,262,EX_glc__D_e,co-consumed,0.11170276684463472
10113,1357,262,EX_glyc_e,received,0.03544539127576483
10114,1357,262,EX_h2o_e,provided,1.0911453003108098
10115,1357,262,EX_h2s_e,co-consumed,0.061693457951051085
10116,1357,262,EX_h_e,co-consumed,3.9999999358706617
10117,1357,262,EX_ile__L_e,co-consumed,0.07277490655242234
10118,1357,262,EX_indole_e,co-consumed,0.014238646584827628
10119,1357,262,EX_k_e,co-consumed,0.04889401814946166
10120,1357,262,EX_lys__L_e,co-consumed,0.08595861066855712
10121,1357,262,EX_mg2_e,co-consumed,0.0021730062497658
10122,1357,262,EX_mn2_e,co-consumed,0.000173089025632868
10123,1357,262,EX_nh4_e,provided,1.4546589208535525
10124,1357,262,EX_o2_e,co-consumed,4.000000005716123
10125,1357,262,EX_orn_e,received,0.05537209138249047
10126,1357,262,EX_pi_e,co-consumed,0.24148695362315242
10127,1357,262,EX_pyovd_kt_e,co-consumed,0.09747692068785542
10128,1357,262,EX_so4_e,co-consumed,0.001086645104511944
10129,1357,262,EX_tyr__L_e,co-consumed,0.0345975202625863
10130,1357,262,EX_zn2_e,co-consumed,8.5417305891944e-05
10131,1357,978,EX_acald_e,co-consumed,1.35859842204089
10132,1357,978,EX_ala__L_e,co-consumed,0.10694683813334424
10133,1357,978,EX_arg__L_e,co-consumed,0.03493271998263871
10134,1357,978,EX_bz_e,co-consumed,1.178109358972e-05
10135,1357,978,EX_ca2_e,co-consumed,0.000614705407725804
10136,1357,978,EX_cl_e,co-consumed,0.000614705397849888
10137,1357,978,EX_cobalt2_e,co-consumed,1.1809901884912e-05
10138,1357,978,EX_cu2_e,co-consumed,8.373220436403201e-05
10139,1357,978,EX_fe2_e,co-consumed,0.0007928112618444481
10140,1357,978,EX_fe3_e,co-consumed,0.09943419479300797
10141,1357,978,EX_glyc_e,co-consumed,0.24764740041469416
10142,1357,978,EX_glygln_e,co-consumed,0.16531970933720153
10143,1357,978,EX_h2o_e,provided,1.0911453003108098
10144,1357,978,EX_h2s_e,co-consumed,0.029059921706837077
10145,1357,978,EX_h_e,co-consumed,3.999999719834292
10146,1357,978,EX_ile__L_e,co-consumed,0.03672040273140531
10147,1357,978,EX_k_e,co-consumed,0.02305210178621846
10148,1357,978,EX_lys__L_e,co-consumed,0.04170792875179372
10149,1357,978,EX_mg2_e,co-consumed,0.00102450898582638
10150,1357,978,EX_mn2_e,co-consumed,8.1606422024748e-05
10151,1357,978,EX_nh4_e,provided,0.15221570128204553
10152,1357,978,EX_o2_e,co-consumed,3.999999987126816
10153,1357,978,EX_orn_e,co-consumed,0.02610624975975622
10154,1357,978,EX_pi_e,co-consumed,0.16582010592256907
10155,1357,978,EX_pyovd_kt_e,co-consumed,0.08177217094967777
10156,1357,978,EX_so4_e,co-consumed,0.000512315308719196
10157,1357,978,EX_zn2_e,co-consumed,4.0266750851668e-05
10158,1357,1338,EX_acald_e,received,1.35859842204089
10159,1357,1338,EX_arg__L_e,co-consumed,0.07409311905358083
10160,1357,1338,EX_bz_e,co-consumed,2.5053005366268003e-05
10161,1357,1338,EX_ca2_e,co-consumed,0.001303803745359452
10162,1357,1338,EX_cl_e,co-consumed,0.0013038037393576522
10163,1357,1338,EX_co_e,provided,0.000196124531918444
10164,1357,1338,EX_cobalt2_e,co-consumed,2.504906331142e-05
10165,1357,1338,EX_cu2_e,co-consumed,0.000177615054287412
10166,1357,1338,EX_etoh_e,received,1.2935053489466327e-06
10167,1357,1338,EX_fe2_e,co-consumed,0.001736825051244268
10168,1357,1338,EX_fe3_e,co-consumed,0.09943419479300797
10169,1357,1338,EX_glc__D_e,co-consumed,0.11170276684463472
10170,1357,1338,EX_glyc_e,co-consumed,0.2992554826238624
10171,1357,1338,EX_h2s_e,co-consumed,0.061693457951051085
10172,1357,1338,EX_h_e,co-consumed,3.99999984176356
10173,1357,1338,EX_ile__L_e,co-consumed,0.07277490655242234
10174,1357,1338,EX_indole_e,co-consumed,0.014238646584827628
10175,1357,1338,EX_ins_e,co-consumed,0.10036834327364864
10176,1357,1338,EX_k_e,co-consumed,0.04889401814946166
10177,1357,1338,EX_lys__L_e,co-consumed,0.08595861066855712
10178,1357,1338,EX_mg2_e,co-consumed,0.0021730062497658
10179,1357,1338,EX_mn2_e,co-consumed,0.000173089025632868
10180,1357,1338,EX_o2_e,co-consumed,4.000000008118272
10181,1357,1338,EX_orn_e,co-consumed,0.05537209138249047
10182,1357,1338,EX_pheme_e,co-consumed,5.5853056938744005e-05
10183,1357,1338,EX_pi_e,co-consumed,0.24148695362315242
10184,1357,1338,EX_pyovd_kt_e,co-consumed,0.09715883992988676
10185,1357,1338,EX_so4_e,co-consumed,0.001086645104511944
10186,1357,1338,EX_tyr__L_e,co-consumed,0.0345975202625863
10187,1357,1338,EX_zn2_e,co-consumed,8.5417305891944e-05
10188,1357,2751,EX_fe3_e,co-consumed,0.09943419479300797
10189,1357,2751,EX_gly_e,co-consumed,0.8106518088196281
10190,1357,2751,EX_glyc_e,co-consumed,0.2992554826238624
10191,1357,2751,EX_h2s_e,co-consumed,0.061693457951051085
10192,1357,2751,EX_h_e,received,3.999999973844059
10193,1357,2751,EX_nh4_e,provided,0.7901715688895377
10194,1357,2751,EX_o2_e,co-consumed,3.999999925117265
10195,1357,2751,EX_pyovd_kt_e,co-consumed,0.08140781945174283
10196,1357,709,EX_acald_e,co-consumed,1.35859842204089
10197,1357,709,EX_ala__L_e,co-consumed,3.2612511440121694
10198,1357,709,EX_arg__L_e,received,0.07409311905358083
10199,1357,709,EX_co2_e,provided,3.9999992468984384
10200,1357,709,EX_etoh_e,received,1.2935053489466327e-06
10201,1357,709,EX_fe2_e,co-consumed,0.001004880035867944
10202,1357,709,EX_fe3_e,co-consumed,0.09943419479300797
10203,1357,709,EX_gly_e,co-consumed,1.0235220928464696e-06
10204,1357,709,EX_glyc_e,received,0.2992554826238624
10205,1357,709,EX_h2s_e,co-consumed,0.036008770359333114
10206,1357,709,EX_h_e,co-consumed,3.9999997443327784
10207,1357,709,EX_nh4_e,provided,1.2529140989344e-05
10208,1357,709,EX_o2_e,co-consumed,3.9999999885236144
10209,1357,709,EX_orn_e,co-consumed,0.05537209138249047
10210,1357,709,EX_pheme_e,received,5.5853056938744005e-05
10211,1357,709,EX_pi_e,received,1.2724910709637248e-06
10212,1357,709,EX_pyovd_kt_e,co-consumed,0.08162271012892948
10213,1357,1080,EX_acald_e,co-consumed,1.35859842204089
10214,1357,1080,EX_arg__L_e,co-consumed,0.07409311905358083
10215,1357,1080,EX_bz_e,co-consumed,2.5053005366268003e-05
10216,1357,1080,EX_ca2_e,co-consumed,0.001303803745359452
10217,1357,1080,EX_cl_e,co-consumed,0.0013038037393576522
10218,1357,1080,EX_cobalt2_e,co-consumed,2.504906331142e-05
10219,1357,1080,EX_cu2_e,co-consumed,0.000177615054287412
10220,1357,1080,EX_etoh_e,received,1.2935053489466327e-06
10221,1357,1080,EX_fe2_e,co-consumed,0.001736825051244268
10222,1357,1080,EX_fe3_e,co-consumed,0.09943419479300797
10223,1357,1080,EX_for_e,received,0.000221071408756476
10224,1357,1080,EX_glyc_e,received,0.2992554826238624
10225,1357,1080,EX_glygln_e,co-consumed,0.17397824572201334
10226,1357,1080,EX_h2s_e,co-consumed,0.05085931955435928
10227,1357,1080,EX_h_e,co-consumed,3.99999994148562
10228,1357,1080,EX_ile__L_e,co-consumed,0.07277490655242234
10229,1357,1080,EX_indole_e,co-consumed,0.014238646584827628
10230,1357,1080,EX_k_e,co-consumed,0.04889401814946166
10231,1357,1080,EX_leu__L_e,co-consumed,0.11285374553745517
10232,1357,1080,EX_mg2_e,co-consumed,0.0021730062497658
10233,1357,1080,EX_mn2_e,co-consumed,0.000173089025632868
10234,1357,1080,EX_o2_e,co-consumed,4.000000008118272
10235,1357,1080,EX_pheme_e,co-consumed,5.5853056938744005e-05
10236,1357,1080,EX_pi_e,co-consumed,0.24148695362315242
10237,1357,1080,EX_pyovd_kt_e,co-consumed,0.08162460805035757
10238,1357,1080,EX_so4_e,co-consumed,0.001086645104511944
10239,1357,1080,EX_tyr__L_e,co-consumed,0.0345975202625863
10240,1357,1080,EX_zn2_e,co-consumed,8.5417305891944e-05
10241,1357,1234,EX_acald_e,received,1.35859842204089
10242,1357,1234,EX_arg__L_e,co-consumed,0.07409311905358083
10243,1357,1234,EX_bz_e,co-consumed,2.5053005366268003e-05
10244,1357,1234,EX_ca2_e,co-consumed,0.001303803745359452
10245,1357,1234,EX_cl_e,co-consumed,0.0013038037393576522
10246,1357,1234,EX_cobalt2_e,co-consumed,2.504906331142e-05
10247,1357,1234,EX_cu2_e,co-consumed,0.000177615054287412
10248,1357,1234,EX_etoh_e,received,1.2935053489466327e-06
10249,1357,1234,EX_fe2_e,co-consumed,0.001736825051244268
10250,1357,1234,EX_fe3_e,co-consumed,0.09943419479300797
10251,1357,1234,EX_for_e,received,0.00119456060769882
10252,1357,1234,EX_glyc_e,co-consumed,0.2992554826238624
10253,1357,1234,EX_glygln_e,co-consumed,0.17397824572201334
10254,1357,1234,EX_h2o_e,provided,0.657708615030396
10255,1357,1234,EX_h2s_e,co-consumed,0.061693457951051085
10256,1357,1234,EX_h_e,co-consumed,3.999999973844059
10257,1357,1234,EX_ile__L_e,co-consumed,0.07277490655242234
10258,1357,1234,EX_indole_e,co-consumed,0.014238646584827628
10259,1357,1234,EX_k_e,co-consumed,0.04889401814946166
10260,1357,1234,EX_leu__L_e,received,0.11285374553745517
10261,1357,1234,EX_lys__L_e,co-consumed,0.08595861066855712
10262,1357,1234,EX_mg2_e,co-consumed,0.0021730062497658
10263,1357,1234,EX_mn2_e,co-consumed,0.000173089025632868
10264,1357,1234,EX_nh4_e,provided,2.477133969872802
10265,1357,1234,EX_o2_e,co-consumed,4.000000008118272
10266,1357,1234,EX_orn_e,co-consumed,0.05537209138249047
10267,1357,1234,EX_pheme_e,co-consumed,5.5853056938744005e-05
10268,1357,1234,EX_pi_e,co-consumed,0.24148695362315242
10269,1357,1234,EX_pyovd_kt_e,co-consumed,0.0966212167263657
10270,1357,1234,EX_so4_e,co-consumed,0.001086645104511944
10271,1357,1234,EX_tyr__L_e,co-consumed,0.0345975202625863
10272,1357,1234,EX_zn2_e,co-consumed,8.5417305891944e-05
10273,1357,459,EX_acald_e,received,1.35859842204089
10274,1357,459,EX_arg__L_e,co-consumed,0.07409311905358083
10275,1357,459,EX_bz_e,co-consumed,2.5053005366268003e-05
10276,1357,459,EX_ca2_e,co-consumed,0.001303803745359452
10277,1357,459,EX_cl_e,co-consumed,0.0013038037393576522
10278,1357,459,EX_co_e,provided,1.7996924166142676e-06
10279,1357,459,EX_cobalt2_e,co-consumed,2.504906331142e-05
10280,1357,459,EX_cu2_e,co-consumed,0.000177615054287412
10281,1357,459,EX_etoh_e,co-consumed,1.2935053489466327e-06
10282,1357,459,EX_fe2_e,co-consumed,0.001736825051244268
10283,1357,459,EX_fe3_e,co-consumed,0.09943419479300797
10284,1357,459,EX_gly_e,co-consumed,0.40197725779776977
10285,1357,459,EX_glyc_e,co-consumed,0.2992554826238624
10286,1357,459,EX_glygln_e,co-consumed,0.17397824572201334
10287,1357,459,EX_h2s_e,co-consumed,0.061693457951051085
10288,1357,459,EX_h_e,co-consumed,3.999999973844059
10289,1357,459,EX_ile__L_e,co-consumed,0.07277490655242234
10290,1357,459,EX_indole_e,co-consumed,0.014238646584827628
10291,1357,459,EX_k_e,co-consumed,0.04889401814946166
10292,1357,459,EX_lys__L_e,co-consumed,0.05673698394769787
10293,1357,459,EX_mg2_e,co-consumed,0.0021730062497658
10294,1357,459,EX_mn2_e,co-consumed,0.000173089025632868
10295,1357,459,EX_nh4_e,provided,0.39438734493157057
10296,1357,459,EX_o2_e,co-consumed,4.000000008118272
10297,1357,459,EX_orn_e,co-consumed,1.308345766382397e-06
10298,1357,459,EX_pheme_e,co-consumed,5.5853056938744005e-05
10299,1357,459,EX_pi_e,co-consumed,0.24148695362315242
10300,1357,459,EX_pyovd_kt_e,co-consumed,0.09747692068785542
10301,1357,459,EX_so4_e,co-consumed,0.001086645104511944
10302,1357,459,EX_tyr__L_e,co-consumed,0.0345975202625863
10303,1357,459,EX_zn2_e,co-consumed,8.5417305891944e-05
10304,1357,939,EX_acald_e,co-consumed,1.35859842204089
10305,1357,939,EX_arg__L_e,co-consumed,0.07409311905358083
10306,1357,939,EX_bz_e,co-consumed,2.5053005366268003e-05
10307,1357,939,EX_ca2_e,co-consumed,0.001303803745359452
10308,1357,939,EX_cl_e,co-consumed,0.0013038037393576522
10309,1357,939,EX_co2_e,provided,3.9999931267347986
10310,1357,939,EX_cobalt2_e,co-consumed,2.504906331142e-05
10311,1357,939,EX_cu2_e,co-consumed,0.000177615054287412
10312,1357,939,EX_etoh_e,co-consumed,1.2935053489466327e-06
10313,1357,939,EX_fe2_e,co-consumed,0.001736825051244268
10314,1357,939,EX_fe3_e,co-consumed,0.09943419479300797
10315,1357,939,EX_for_e,received,0.2306773228292371
10316,1357,939,EX_glyc_e,received,0.024997015534810717
10317,1357,939,EX_glygln_e,co-consumed,0.17397824572201334
10318,1357,939,EX_h2s_e,co-consumed,0.051150502675831995
10319,1357,939,EX_h_e,co-consumed,3.999999973844059
10320,1357,939,EX_ile__L_e,co-consumed,0.07277490655242234
10321,1357,939,EX_indole_e,co-consumed,0.014238646584827628
10322,1357,939,EX_k_e,co-consumed,0.04889401814946166
10323,1357,939,EX_mg2_e,co-consumed,0.0021730062497658
10324,1357,939,EX_mn2_e,co-consumed,0.000173089025632868
10325,1357,939,EX_o2_e,co-consumed,4.000000008118272
10326,1357,939,EX_oxa_e,provided,0.14862217281861737
10327,1357,939,EX_pheme_e,co-consumed,5.5853056938744005e-05
10328,1357,939,EX_pi_e,co-consumed,0.21639201496887295
10329,1357,939,EX_pyovd_kt_e,co-consumed,0.08179167806008131
10330,1357,939,EX_so4_e,co-consumed,0.001086645104511944
10331,1357,939,EX_tyr__L_e,co-consumed,0.0345975202625863
10332,1357,939,EX_zn2_e,co-consumed,8.5417305891944e-05
10333,1357,1101,EX_acald_e,co-consumed,1.35859842204089
10334,1357,1101,EX_arg__L_e,co-consumed,0.0708719972398029
10335,1357,1101,EX_bz_e,co-consumed,2.3960537358676e-05
10336,1357,1101,EX_ca2_e,co-consumed,0.001247118090470048
10337,1357,1101,EX_cl_e,co-consumed,0.001247118089766604
10338,1357,1101,EX_cobalt2_e,co-consumed,2.3960001738136e-05
10339,1357,1101,EX_cu2_e,co-consumed,0.000169893680116944
10340,1357,1101,EX_etoh_e,co-consumed,1.2935053489466327e-06
10341,1357,1101,EX_fe2_e,co-consumed,0.001662285257221172
10342,1357,1101,EX_fe3_e,co-consumed,0.09943419479300797
10343,1357,1101,EX_gly_e,co-consumed,0.3365352611723767
10344,1357,1101,EX_glyc_e,co-consumed,0.2992554826238624
10345,1357,1101,EX_glygln_e,co-consumed,0.17397824572201334
10346,1357,1101,EX_h2s_e,co-consumed,0.03687654426009199
10347,1357,1101,EX_h_e,co-consumed,3.999999973844059
10348,1357,1101,EX_ile__L_e,co-consumed,0.06961074539346983
10349,1357,1101,EX_indole_e,co-consumed,0.013619584923228826
10350,1357,1101,EX_k_e,co-consumed,0.04676824619272245
10351,1357,1101,EX_leu__L_e,co-consumed,0.10794710426198569
10352,1357,1101,EX_lys__L_e,co-consumed,0.08222137421269764
10353,1357,1101,EX_mg2_e,co-consumed,0.0020785301475042483
10354,1357,1101,EX_mn2_e,co-consumed,0.00016556361201052803
10355,1357,1101,EX_nh4_e,provided,0.1584479661111053
10356,1357,1101,EX_o2_e,co-consumed,4.000000008118272
10357,1357,1101,EX_orn_e,co-consumed,0.05296448255771899
10358,1357,1101,EX_pheme_e,co-consumed,5.342306976853601e-05
10359,1357,1101,EX_pi_e,co-consumed,0.2309763883790603
10360,1357,1101,EX_pyovd_kt_e,co-consumed,0.09747692068785542
10361,1357,1101,EX_so4_e,co-consumed,0.0010394015906126839
10362,1357,1101,EX_tyr__L_e,co-consumed,0.033429170991171486
10363,1357,1101,EX_zn2_e,co-consumed,8.1703605927048e-05
10364,1357,895,EX_acald_e,co-consumed,1.35859842204089
10365,1357,895,EX_ala__L_e,co-consumed,1.9106153062289364
10366,1357,895,EX_arg__L_e,co-consumed,0.04662316792854972
10367,1357,895,EX_ca2_e,co-consumed,0.000820419769612432
10368,1357,895,EX_cl_e,co-consumed,0.000820419769612432
10369,1357,895,EX_cobalt2_e,co-consumed,1.5762147350859998e-05
10370,1357,895,EX_cu2_e,co-consumed,0.00011175362471762
10371,1357,895,EX_etoh_e,received,1.2935053489466327e-06
10372,1357,895,EX_fe2_e,received,0.001736825051244268
10373,1357,895,EX_fe3_e,co-consumed,0.09943419479300797
10374,1357,895,EX_fe3pyovd_kt_e,provided,0.0974769207943739
10375,1357,895,EX_for_e,received,0.000386729346295788
10376,1357,895,EX_glygln_e,co-consumed,0.17397824572201334
10377,1357,895,EX_h2s_e,co-consumed,0.03881892788041594
10378,1357,895,EX_h_e,received,3.999999973844059
10379,1357,895,EX_indole_e,co-consumed,0.008959674706269403
10380,1357,895,EX_k_e,co-consumed,0.03076660827857057
10381,1357,895,EX_lys__L_e,co-consumed,0.05408952397600663
10382,1357,895,EX_mg2_e,co-consumed,0.001367366289552788
10383,1357,895,EX_mn2_e,co-consumed,0.00010891643819446402
10384,1357,895,EX_o2_e,co-consumed,3.9999999806049624
10385,1357,895,EX_orn_e,co-consumed,0.0348428136409918
10386,1357,895,EX_pi_e,co-consumed,0.15194507879906127
10387,1357,895,EX_pyovd_kt_e,received,0.09747692068785542
10388,1357,895,EX_so4_e,co-consumed,0.0006837934442837
10389,1357,895,EX_zn2_e,co-consumed,5.374892246644001e-05
10390,1357,1174,EX_acald_e,co-consumed,1.3753633387686748e-06
10391,1357,1174,EX_arg__L_e,co-consumed,0.05605769184233719
10392,1357,1174,EX_ca2_e,co-consumed,0.000986437759824856
10393,1357,1174,EX_cl_e,co-consumed,0.00098643776142874
10394,1357,1174,EX_cobalt2_e,co-consumed,1.895173409846e-05
10395,1357,1174,EX_cu2_e,co-consumed,0.00013436779475808
10396,1357,1174,EX_etoh_e,co-consumed,1.2935053489466327e-06
10397,1357,1174,EX_fe2_e,co-consumed,0.001736825051244268
10398,1357,1174,EX_fe3_e,co-consumed,0.09943419479300797
10399,1357,1174,EX_glyc_e,co-consumed,0.2992554826238624
10400,1357,1174,EX_glygln_e,co-consumed,0.17397824572201334
10401,1357,1174,EX_h2s_e,co-consumed,0.02916697578508537
10402,1357,1174,EX_h_e,co-consumed,3.999999973844059
10403,1357,1174,EX_ile__L_e,co-consumed,0.055060282718296175
10404,1357,1174,EX_k_e,co-consumed,0.0369924583388076
10405,1357,1174,EX_lys__L_e,co-consumed,0.06503486075269914
10406,1357,1174,EX_mg2_e,co-consumed,0.001644062933833644
10407,1357,1174,EX_mn2_e,co-consumed,0.00013095648262036002
10408,1357,1174,EX_nh4_e,provided,0.3070393874160899
10409,1357,1174,EX_o2_e,co-consumed,4.000000007375812
10410,1357,1174,EX_orn_e,received,0.05537209138249047
10411,1357,1174,EX_pheme_e,co-consumed,4.2253617028032e-05
10412,1357,1174,EX_pi_e,co-consumed,0.18053216455657164
10413,1357,1174,EX_pyovd_kt_e,co-consumed,0.08157835839235565
10414,1357,1174,EX_so4_e,co-consumed,0.000822122439672656
10415,1357,1174,EX_zn2_e,co-consumed,6.4625413275748e-05
10416,1357,638,EX_acald_e,received,1.35859842204089
10417,1357,638,EX_arg__L_e,co-consumed,0.07409311905358083
10418,1357,638,EX_ca2_e,co-consumed,0.001303803745359452
10419,1357,638,EX_cl_e,co-consumed,0.0013038037393576522
10420,1357,638,EX_cobalt2_e,co-consumed,2.504906331142e-05
10421,1357,638,EX_cu2_e,co-consumed,0.000177615054287412
10422,1357,638,EX_etoh_e,received,1.2935053489466327e-06
10423,1357,638,EX_fe2_e,co-consumed,0.001736825051244268
10424,1357,638,EX_fe3_e,co-consumed,0.09943419479300797
10425,1357,638,EX_for_e,received,0.000876064761003356
10426,1357,638,EX_glygln_e,co-consumed,0.17397824572201334
10427,1357,638,EX_h2s_e,received,0.061693457951051085
10428,1357,638,EX_h_e,co-consumed,3.9999999377074
10429,1357,638,EX_ile__L_e,co-consumed,0.07277490655242234
10430,1357,638,EX_k_e,co-consumed,0.04889401814946166
10431,1357,638,EX_lys__L_e,co-consumed,0.08595861066855712
10432,1357,638,EX_mg2_e,co-consumed,0.0021730062497658
10433,1357,638,EX_mn2_e,co-consumed,0.000173089025632868
10434,1357,638,EX_nh4_e,provided,0.5506591393670807
10435,1357,638,EX_o2_e,co-consumed,4.0000000003571925
10436,1357,638,EX_orn_e,received,0.03645562108615275
10437,1357,638,EX_pi_e,co-consumed,0.24148695362315242
10438,1357,638,EX_pyovd_kt_e,co-consumed,0.08183482317024428
10439,1357,638,EX_so4_e,co-consumed,0.001086645104511944
10440,1357,638,EX_tyr__L_e,co-consumed,0.0345975202625863
10441,1357,638,EX_zn2_e,co-consumed,8.5417305891944e-05
10442,1357,1252,EX_acald_e,co-consumed,1.35859842204089
10443,1357,1252,EX_arg__L_e,co-consumed,0.04958276460367674
10444,1357,1252,EX_ca2_e,co-consumed,0.000872499182630916
10445,1357,1252,EX_cl_e,co-consumed,0.0008724991859140641
10446,1357,1252,EX_cobalt2_e,co-consumed,1.6762632508992e-05
10447,1357,1252,EX_cu2_e,co-consumed,0.00011884763121716
10448,1357,1252,EX_etoh_e,received,1.2935053489466327e-06
10449,1357,1252,EX_fe3_e,co-consumed,0.09943419479300797
10450,1357,1252,EX_glyc_e,co-consumed,2.5718014938363035e-06
10451,1357,1252,EX_glygln_e,co-consumed,0.17397824572201334
10452,1357,1252,EX_h2s_e,co-consumed,0.025799261722311503
10453,1357,1252,EX_h_e,co-consumed,3.999999973844059
10454,1357,1252,EX_ile__L_e,co-consumed,0.04870053056460484
10455,1357,1252,EX_indole_e,co-consumed,0.009528431344488265
10456,1357,1252,EX_k_e,co-consumed,0.03271964129784373
10457,1357,1252,EX_lys__L_e,co-consumed,0.05752308177107786
10458,1357,1252,EX_mg2_e,co-consumed,0.001454165301560156
10459,1357,1252,EX_mn2_e,co-consumed,0.00011583034153456801
10460,1357,1252,EX_o2_e,co-consumed,4.000000006593655
10461,1357,1252,EX_orn_e,co-consumed,0.03705476110979352
10462,1357,1252,EX_pheme_e,co-consumed,3.7374474097828e-05
10463,1357,1252,EX_pi_e,co-consumed,0.16625355329077693
10464,1357,1252,EX_pyovd_kt_e,co-consumed,0.09747692068785542
10465,1357,1252,EX_skm_e,co-consumed,3.605085836898865e-06
10466,1357,1252,EX_so4_e,co-consumed,0.0007271911647131201
10467,1357,1252,EX_tyr__L_e,co-consumed,0.02315249065739494
10468,1357,1252,EX_zn2_e,co-consumed,5.7160849428843996e-05
10469,2751,1208,EX_cys__L_e,provided,0.0032636170591681004
10470,2751,1208,EX_fe3_e,co-consumed,0.25214261553782036
10471,2751,1208,EX_glyald_e,provided,3.9323640257073347
10472,2751,1208,EX_glyc_e,received,3.9323649918687176
10473,2751,1208,EX_gthrd_e,co-consumed,1.16268181321189e-06
10474,2751,1208,EX_h2o_e,provided,0.44188172090410993
10475,2751,1208,EX_h2s_e,co-consumed,0.00547056092920584
10476,2751,1208,EX_malt_e,co-consumed,0.015817809174526198
10477,2751,1208,EX_nh4_e,received,0.7901715688895377
10478,2751,1208,EX_o2_e,co-consumed,3.999999925117265
10479,2751,1208,EX_pyovd_kt_e,co-consumed,0.08140781945174283
10480,2751,1208,EX_stfrnA_e,co-consumed,0.0853751819941325
10481,2751,1208,EX_stfrnB_e,co-consumed,0.08535991256867606
10482,2751,1334,EX_cys__L_e,provided,0.01205676251673251
10483,2751,1334,EX_fe3_e,co-consumed,0.25214261553782036
10484,2751,1334,EX_glu__L_e,provided,0.6995528978121673
10485,2751,1334,EX_glyald_e,provided,3.9323640257073347
10486,2751,1334,EX_glyc_e,received,3.9323649918687176
10487,2751,1334,EX_gthrd_e,co-consumed,0.6995528918791749
10488,2751,1334,EX_h2o_e,provided,3.171311417312431
10489,2751,1334,EX_h2s_e,co-consumed,0.020089283009825425
10490,2751,1334,EX_h_e,provided,1.0810525813379293
10491,2751,1334,EX_lac__L_e,provided,0.6259845512466978
10492,2751,1334,EX_mal__L_e,provided,1.1055133945443052e-06
10493,2751,1334,EX_malt_e,co-consumed,0.15360650768892167
10494,2751,1334,EX_nh4_e,received,0.7901715688895377
10495,2751,1334,EX_o2_e,co-consumed,3.999999925117265
10496,2751,1334,EX_pyovd_kt_e,co-consumed,0.08140781945174283
10497,2751,1334,EX_stfrnA_e,co-consumed,0.0853751819941325
10498,2751,1334,EX_stfrnB_e,co-consumed,0.08535991256867606
10499,2751,397,EX_cys__L_e,provided,0.09453190079440084
10500,2751,397,EX_fe3_e,co-consumed,0.25214261553782036
10501,2751,397,EX_glyc_e,co-consumed,0.18638663939230632
10502,2751,397,EX_h2s_e,received,0.07291709950822621
10503,2751,397,EX_h_e,provided,3.999999947550514
10504,2751,397,EX_malt_e,co-consumed,0.08970263165913173
10505,2751,397,EX_nh4_e,co-consumed,0.4893943352087682
10506,2751,397,EX_o2_e,co-consumed,3.999999925117265
10507,2751,397,EX_pyovd_kt_e,co-consumed,0.08140781945174283
10508,2751,397,EX_stfrnA_e,co-consumed,0.0853751819941325
10509,2751,397,EX_stfrnB_e,co-consumed,0.08535991256867606
10510,2751,790,EX_fe3_e,co-consumed,0.25214261553782036
10511,2751,790,EX_glu__L_e,provided,0.2379628279478169
10512,2751,790,EX_gly_e,co-consumed,0.8485503878019519
10513,2751,790,EX_glyc_e,co-consumed,5.115498198920001e-06
10514,2751,790,EX_h2s_e,co-consumed,0.05358084316260509
10515,2751,790,EX_h_e,provided,3.9999999510067523
10516,2751,790,EX_malt_e,co-consumed,0.07662155144452865
10517,2751,790,EX_nh4_e,received,0.7901715688895377
10518,2751,790,EX_o2_e,co-consumed,3.999999925117265
10519,2751,790,EX_pyovd_kt_e,co-consumed,0.08140781945174283
10520,2751,790,EX_stfrnA_e,co-consumed,0.0853751819941325
10521,2751,790,EX_stfrnB_e,co-consumed,0.08535991256867606
10522,2751,947,EX_fe3_e,co-consumed,0.25214261553782036
10523,2751,947,EX_glyc_e,co-consumed,1.7232041453052638
10524,2751,947,EX_h2s_e,co-consumed,0.036494787671598944
10525,2751,947,EX_h_e,provided,4.0000000026957245
10526,2751,947,EX_nh4_e,co-consumed,0.7901715688895377
10527,2751,947,EX_o2_e,co-consumed,3.999999925117265
10528,2751,947,EX_pyovd_kt_e,co-consumed,0.08140781945174283
10529,2751,947,EX_stfrnA_e,co-consumed,0.0853751819941325
10530,2751,947,EX_stfrnB_e,co-consumed,0.08535991256867606
10531,2751,997,EX_fe3_e,co-consumed,0.09940322317984002
10532,2751,997,EX_glyc_e,co-consumed,0.027880222580512305
10533,2751,997,EX_gthrd_e,co-consumed,1.4356304749597735e-06
10534,2751,997,EX_h2s_e,co-consumed,0.04932917039706491
10535,2751,997,EX_h_e,provided,3.999999955173125
10536,2751,997,EX_nh4_e,received,0.7901715688895377
10537,2751,997,EX_o2_e,co-consumed,3.999999925117265
10538,2751,997,EX_pyovd_kt_e,co-consumed,0.08140781945174283
10539,2751,1114,EX_fe3_e,co-consumed,0.25214261553782036
10540,2751,1114,EX_glyc_e,co-consumed,3.591211762186692
10541,2751,1114,EX_h2s_e,co-consumed,0.0038483196513773637
10542,2751,1114,EX_malt_e,co-consumed,0.4857752656748497
10543,2751,1114,EX_nh4_e,received,0.04547024196706147
10544,2751,1114,EX_o2_e,co-consumed,3.8457435539662432
10545,2751,1114,EX_pyovd_kt_e,co-consumed,0.08140781945174283
10546,2751,1114,EX_stfrnA_e,co-consumed,0.0853751819941325
10547,2751,1114,EX_stfrnB_e,co-consumed,0.08535991256867606
10548,2751,1362,EX_fe3_e,co-consumed,0.10109349937422764
10549,2751,1362,EX_glyc_e,co-consumed,3.9323649918687176
10550,2751,1362,EX_gthrd_e,co-consumed,1.696468469366609e-06
10551,2751,1362,EX_h2s_e,received,0.29905245700335514
10552,2751,1362,EX_h_e,provided,3.999999965538384
10553,2751,1362,EX_nh4_e,co-consumed,0.01835854082437485
10554,2751,1362,EX_o2_e,co-consumed,3.999999925117265
10555,2751,1362,EX_pyovd_kt_e,co-consumed,0.08140781945174283
10556,2751,428,EX_fe3_e,co-consumed,0.25214261553782036
10557,2751,428,EX_glyc_e,co-consumed,1.6099709835040856
10558,2751,428,EX_gthrd_e,co-consumed,0.6658465393503891
10559,2751,428,EX_h2s_e,co-consumed,0.04303388535733
10560,2751,428,EX_h_e,provided,3.999999975345196
10561,2751,428,EX_malt_e,co-consumed,0.10750490007631758
10562,2751,428,EX_nh4_e,co-consumed,0.5711387962245577
10563,2751,428,EX_o2_e,co-consumed,3.999999925117265
10564,2751,428,EX_pyovd_kt_e,co-consumed,0.08140781945174283
10565,2751,428,EX_stfrnA_e,co-consumed,0.0853751819941325
10566,2751,428,EX_stfrnB_e,co-consumed,0.08535991256867606
10567,2751,796,EX_cys__L_e,provided,0.1358841148736765
10568,2751,796,EX_fe3_e,co-consumed,0.25214261553782036
10569,2751,796,EX_glyc_e,co-consumed,3.9323649918687176
10570,2751,796,EX_h2s_e,received,0.4242744709241576
10571,2751,796,EX_h_e,provided,3.9999999187499555
10572,2751,796,EX_mal__L_e,provided,1.1055133945443052e-06
10573,2751,796,EX_nh4_e,co-consumed,5.81020049542e-06
10574,2751,796,EX_o2_e,co-consumed,3.999999925117265
10575,2751,796,EX_pyovd_kt_e,co-consumed,0.08140781945174283
10576,2751,796,EX_stfrnA_e,co-consumed,0.0853751819941325
10577,2751,796,EX_stfrnB_e,co-consumed,0.08535991256867606
10578,2751,1350,EX_fe3_e,co-consumed,0.25214261553782036
10579,2751,1350,EX_glyald_e,provided,1.6631856234273665
10580,2751,1350,EX_glyc_e,received,1.5954828384321473
10581,2751,1350,EX_h2s_e,co-consumed,0.018360240954817714
10582,2751,1350,EX_h_e,provided,0.17888914915507573
10583,2751,1350,EX_malt_e,co-consumed,0.024316272548759867
10584,2751,1350,EX_nh4_e,received,0.10453527812462682
10585,2751,1350,EX_o2_e,co-consumed,3.999999925117265
10586,2751,1350,EX_pyovd_kt_e,co-consumed,0.08140781945174283
10587,2751,1350,EX_stfrnA_e,co-consumed,0.0853751819941325
10588,2751,1350,EX_stfrnB_e,co-consumed,0.08535991256867606
10589,2751,262,EX_cgly_e,provided,0.6995529005912845
10590,2751,262,EX_fe3_e,co-consumed,0.09825562569376221
10591,2751,262,EX_glu__L_e,provided,0.6995528978121673
10592,2751,262,EX_glyald_e,provided,0.03544535160748722
10593,2751,262,EX_glyc_e,received,0.03544539127576483
10594,2751,262,EX_gthrd_e,received,0.6995528918791749
10595,2751,262,EX_h2o_e,provided,3.171311417312431
10596,2751,262,EX_h2s_e,co-consumed,0.11606566632490467
10597,2751,262,EX_h_e,provided,3.9999999358706617
10598,2751,262,EX_nh4_e,co-consumed,0.7901715688895377
10599,2751,262,EX_o2_e,co-consumed,3.999999925117265
10600,2751,262,EX_pyovd_kt_e,co-consumed,0.08140781945174283
10601,2751,978,EX_cgly_e,provided,0.6995529005912845
10602,2751,978,EX_fe3_e,co-consumed,0.25214261553782036
10603,2751,978,EX_glu__L_e,provided,0.6995528978121673
10604,2751,978,EX_glyc_e,co-consumed,0.24764740041469416
10605,2751,978,EX_gthrd_e,received,0.6995528918791749
10606,2751,978,EX_h2o_e,provided,3.171311417312431
10607,2751,978,EX_h2s_e,co-consumed,0.029059921706837077
10608,2751,978,EX_h_e,provided,3.999999719834292
10609,2751,978,EX_lac__L_e,provided,1.9431042672358652
10610,2751,978,EX_nh4_e,co-consumed,0.15221570128204553
10611,2751,978,EX_o2_e,co-consumed,3.999999925117265
10612,2751,978,EX_pyovd_kt_e,co-consumed,0.08140781945174283
10613,2751,978,EX_stfrnA_e,co-consumed,0.0853751819941325
10614,2751,978,EX_stfrnB_e,co-consumed,0.08535991256867606
10615,2751,1338,EX_fe3_e,co-consumed,0.10098779478597139
10616,2751,1338,EX_glyc_e,co-consumed,3.9323649918687176
10617,2751,1338,EX_gthrd_e,co-consumed,0.6995528918791749
10618,2751,1338,EX_h2s_e,co-consumed,0.4242744709241576
10619,2751,1338,EX_h_e,provided,3.99999984176356
10620,2751,1338,EX_mal__L_e,provided,1.0846396296286787e-06
10621,2751,1338,EX_nh4_e,received,0.7901715688895377
10622,2751,1338,EX_no3_e,provided,1.2144506905076922
10623,2751,1338,EX_o2_e,co-consumed,3.999999925117265
10624,2751,1338,EX_pyovd_kt_e,co-consumed,0.08140781945174283
10625,2751,1357,EX_fe3_e,co-consumed,0.09943419479300797
10626,2751,1357,EX_gly_e,co-consumed,0.8106518088196281
10627,2751,1357,EX_glyc_e,co-consumed,0.2992554826238624
10628,2751,1357,EX_h2s_e,co-consumed,0.061693457951051085
10629,2751,1357,EX_h_e,provided,3.999999973844059
10630,2751,1357,EX_nh4_e,received,0.7901715688895377
10631,2751,1357,EX_o2_e,co-consumed,3.999999925117265
10632,2751,1357,EX_pyovd_kt_e,co-consumed,0.08140781945174283
10633,2751,709,EX_co2_e,provided,0.4242778801344553
10634,2751,709,EX_fe3_e,co-consumed,0.25214261553782036
10635,2751,709,EX_gly_e,co-consumed,1.0235220928464696e-06
10636,2751,709,EX_glyald_e,provided,2.958353664369491
10637,2751,709,EX_glyc_e,received,2.8451238230849185
10638,2751,709,EX_h2s_e,co-consumed,0.036008770359333114
10639,2751,709,EX_h_e,provided,3.9999997443327784
10640,2751,709,EX_mal__L_e,provided,1.1055133945443052e-06
10641,2751,709,EX_nh4_e,co-consumed,1.2529140989344e-05
10642,2751,709,EX_o2_e,co-consumed,3.999999925117265
10643,2751,709,EX_pyovd_kt_e,co-consumed,0.08140781945174283
10644,2751,709,EX_stfrnA_e,co-consumed,0.0853751819941325
10645,2751,709,EX_stfrnB_e,co-consumed,0.08535991256867606
10646,2751,1080,EX_cys__L_e,provided,0.030262793695731618
10647,2751,1080,EX_fe3_e,co-consumed,0.25214261553782036
10648,2751,1080,EX_glyald_e,provided,3.9323640257073347
10649,2751,1080,EX_glyc_e,received,3.9323649918687176
10650,2751,1080,EX_h2s_e,co-consumed,0.05085931955435928
10651,2751,1080,EX_h_e,provided,3.99999994148562
10652,2751,1080,EX_malt_e,co-consumed,0.12643169613036048
10653,2751,1080,EX_nh4_e,received,0.7901715688895377
10654,2751,1080,EX_o2_e,co-consumed,3.999999925117265
10655,2751,1080,EX_pyovd_kt_e,co-consumed,0.08140781945174283
10656,2751,1080,EX_stfrnA_e,co-consumed,0.0853751819941325
10657,2751,1080,EX_stfrnB_e,co-consumed,0.08535991256867606
10658,2751,1234,EX_cys__L_e,provided,0.05497672798246232
10659,2751,1234,EX_fe3_e,co-consumed,0.1012688559048006
10660,2751,1234,EX_glyc_e,co-consumed,1.5041397989079013
10661,2751,1234,EX_gthrd_e,co-consumed,1.4065100262110147e-06
10662,2751,1234,EX_h2o_e,provided,0.657708615030396
10663,2751,1234,EX_h2s_e,co-consumed,0.09158317848303064
10664,2751,1234,EX_h_e,provided,4.000000000366147
10665,2751,1234,EX_malt_e,co-consumed,0.4857752656748497
10666,2751,1234,EX_nh4_e,co-consumed,0.7901715688895377
10667,2751,1234,EX_o2_e,co-consumed,3.999999925117265
10668,2751,1234,EX_pyovd_kt_e,co-consumed,0.08140781945174283
10669,2751,459,EX_fe3_e,co-consumed,0.09975758485025954
10670,2751,459,EX_frulys_e,provided,1.3602570510141201e-06
10671,2751,459,EX_gly_e,co-consumed,0.40197725779776977
10672,2751,459,EX_glyc_e,co-consumed,0.5603564379780037
10673,2751,459,EX_h2s_e,co-consumed,0.06265178161169169
10674,2751,459,EX_h_e,provided,4.000000002546111
10675,2751,459,EX_lac__L_e,provided,1.9431042672358652
10676,2751,459,EX_nh4_e,co-consumed,0.39438734493157057
10677,2751,459,EX_o2_e,co-consumed,3.999999925117265
10678,2751,459,EX_pyovd_kt_e,co-consumed,0.08140781945174283
10679,2751,939,EX_co2_e,provided,0.4242778801344553
10680,2751,939,EX_cys__L_e,provided,0.03062764767200241
10681,2751,939,EX_fe3_e,co-consumed,0.25214261553782036
10682,2751,939,EX_glu__L_e,provided,0.6995528978121673
10683,2751,939,EX_glyc_e,received,0.024997015534810717
10684,2751,939,EX_h2s_e,co-consumed,0.051150502675831995
10685,2751,939,EX_h_e,provided,3.9999999748859985
10686,2751,939,EX_lac__L_e,provided,1.1283645295789803e-06
10687,2751,939,EX_malt_e,co-consumed,0.22072956165251448
10688,2751,939,EX_nh4_e,received,0.7901715688895377
10689,2751,939,EX_o2_e,co-consumed,3.999999925117265
10690,2751,939,EX_pyovd_kt_e,co-consumed,0.08140781945174283
10691,2751,939,EX_stfrnA_e,co-consumed,0.0853751819941325
10692,2751,939,EX_stfrnB_e,co-consumed,0.08535991256867606
10693,2751,1101,EX_cys__L_e,provided,0.02246962345297405
10694,2751,1101,EX_fe3_e,co-consumed,0.09965199913962736
10695,2751,1101,EX_gly_e,co-consumed,0.3365352611723767
10696,2751,1101,EX_glyc_e,co-consumed,0.8585038357276302
10697,2751,1101,EX_h2s_e,co-consumed,0.03687654426009199
10698,2751,1101,EX_h_e,provided,3.9999999758898386
10699,2751,1101,EX_nh4_e,co-consumed,0.1584479661111053
10700,2751,1101,EX_o2_e,co-consumed,3.999999925117265
10701,2751,1101,EX_pyovd_kt_e,co-consumed,0.08140781945174283
10702,2751,895,EX_fe3_e,co-consumed,0.25214261553782036
10703,2751,895,EX_fe3pyovd_kt_e,provided,0.0814078201919272
10704,2751,895,EX_glu__L_e,provided,0.6995528978121673
10705,2751,895,EX_h2s_e,co-consumed,0.03881892788041594
10706,2751,895,EX_istfrnA_e,provided,0.08537518199413248
10707,2751,895,EX_istfrnB_e,provided,0.08535991257092253
10708,2751,895,EX_mal__L_e,provided,1.1055133945443052e-06
10709,2751,895,EX_nh4_e,received,0.7901715688895377
10710,2751,895,EX_o2_e,co-consumed,3.999999925117265
10711,2751,895,EX_pyovd_kt_e,received,0.08140781945174283
10712,2751,895,EX_stfrnA_e,received,0.0853751819941325
10713,2751,895,EX_stfrnB_e,received,0.08535991256867606
10714,2751,1174,EX_fe3_e,co-consumed,0.25214261553782036
10715,2751,1174,EX_glyc_e,co-consumed,0.36072456643691775
10716,2751,1174,EX_h2s_e,co-consumed,0.02916697578508537
10717,2751,1174,EX_h_e,provided,4.000000001053228
10718,2751,1174,EX_malt_e,co-consumed,0.0701186252482854
10719,2751,1174,EX_nh4_e,co-consumed,0.3070393874160899
10720,2751,1174,EX_o2_e,co-consumed,3.999999925117265
10721,2751,1174,EX_pyovd_kt_e,co-consumed,0.08140781945174283
10722,2751,1174,EX_stfrnA_e,co-consumed,0.0853751819941325
10723,2751,1174,EX_stfrnB_e,co-consumed,0.08535991256867606
10724,2751,638,EX_cys__L_e,provided,0.04019944787330906
10725,2751,638,EX_fe3_e,co-consumed,0.25214261553782036
10726,2751,638,EX_h2s_e,received,0.4242744709241576
10727,2751,638,EX_h_e,provided,3.9999999377074
10728,2751,638,EX_mal__L_e,provided,1.1055133945443052e-06
10729,2751,638,EX_malt_e,co-consumed,0.4857752656748497
10730,2751,638,EX_nh4_e,co-consumed,0.5506591393670807
10731,2751,638,EX_o2_e,co-consumed,3.999999925117265
10732,2751,638,EX_pyovd_kt_e,co-consumed,0.08140781945174283
10733,2751,638,EX_stfrnA_e,co-consumed,0.0853751819941325
10734,2751,638,EX_stfrnB_e,co-consumed,0.08535991256867606
10735,2751,1252,EX_fe3_e,co-consumed,0.10010262645074329
10736,2751,1252,EX_glu__L_e,provided,0.6995528978121673
10737,2751,1252,EX_glyc_e,co-consumed,2.5718014938363035e-06
10738,2751,1252,EX_gthrd_e,co-consumed,3.1177770936651037e-06
10739,2751,1252,EX_h2s_e,co-consumed,0.025799261722311503
10740,2751,1252,EX_h_e,provided,3.999999977009301
10741,2751,1252,EX_nh4_e,received,0.7901715688895377
10742,2751,1252,EX_o2_e,co-consumed,3.999999925117265
10743,2751,1252,EX_pyovd_kt_e,co-consumed,0.08140781945174283
10744,709,1208,EX_4abut_e,co-consumed,2.5063224133102334e-06
10745,709,1208,EX_acald_e,co-consumed,0.031528264551958556
10746,709,1208,EX_arg__L_e,provided,0.010515392853133068
10747,709,1208,EX_co2_e,received,3.9999992468984384
10748,709,1208,EX_fe2_e,co-consumed,0.00023873883590635602
10749,709,1208,EX_fe3_e,co-consumed,0.25283877006317557
10750,709,1208,EX_glyald_e,co-consumed,2.958353664369491
10751,709,1208,EX_h2o_e,provided,0.44188172090410993
10752,709,1208,EX_h2s_e,co-consumed,0.00547056092920584
10753,709,1208,EX_h_e,received,3.024212848729982
10754,709,1208,EX_nh4_e,received,1.2529140989344e-05
10755,709,1208,EX_o2_e,co-consumed,3.9999999827833617
10756,709,1208,EX_orn_e,received,0.9607410344219268
10757,709,1208,EX_pi_e,provided,1.2724910709637248e-06
10758,709,1208,EX_pyovd_kt_e,co-consumed,0.08157885504853672
10759,709,1208,EX_ser__L_e,co-consumed,1.7034911899794256
10760,709,1208,EX_stfrnA_e,co-consumed,0.08557217889577441
10761,709,1208,EX_stfrnB_e,co-consumed,0.08555159790369211
10762,709,1208,EX_thym_e,provided,0.000930151556910888
10763,709,1334,EX_4abut_e,co-consumed,2.5063224133102334e-06
10764,709,1334,EX_arg__L_e,provided,0.038608070545978
10765,709,1334,EX_co2_e,received,3.9999992468984384
10766,709,1334,EX_fe2_e,co-consumed,0.00087650510841338
10767,709,1334,EX_fe3_e,co-consumed,0.25283877006317557
10768,709,1334,EX_fum_e,co-consumed,1.8117422824553342
10769,709,1334,EX_glyald_e,co-consumed,2.958353664369491
10770,709,1334,EX_h2o_e,provided,3.999999949116735
10771,709,1334,EX_h2s_e,co-consumed,0.020089283009825425
10772,709,1334,EX_h_e,co-consumed,1.0810525813379293
10773,709,1334,EX_lac__L_e,provided,0.6259845512466978
10774,709,1334,EX_mal__L_e,co-consumed,2.8896912308811998e-05
10775,709,1334,EX_nh4_e,received,1.2529140989344e-05
10776,709,1334,EX_o2_e,co-consumed,3.9999999885236144
10777,709,1334,EX_orn_e,co-consumed,0.02841741718383033
10778,709,1334,EX_pi_e,provided,1.2724910709637248e-06
10779,709,1334,EX_pyovd_kt_e,co-consumed,0.08162271012892948
10780,709,1334,EX_ser__L_e,co-consumed,2.2306657398788516
10781,709,1334,EX_stfrnA_e,co-consumed,0.08561876966794828
10782,709,1334,EX_stfrnB_e,co-consumed,0.08559728795379533
10783,709,397,EX_arg__L_e,provided,0.06920866969908211
10784,709,397,EX_co2_e,received,3.9999992468984384
10785,709,397,EX_co_e,provided,9.345755130370001e-05
10786,709,397,EX_fe2_e,co-consumed,0.001004880035867944
10787,709,397,EX_fe3_e,co-consumed,0.25283877006317557
10788,709,397,EX_glyc_e,provided,0.18638663939230632
10789,709,397,EX_h2s_e,received,0.036008770359333114
10790,709,397,EX_h_e,co-consumed,3.9999997443327784
10791,709,397,EX_met__D_e,provided,0.0360089613235836
10792,709,397,EX_nh4_e,co-consumed,1.2529140989344e-05
10793,709,397,EX_o2_e,co-consumed,3.9999999885236144
10794,709,397,EX_orn_e,co-consumed,0.05172166304865404
10795,709,397,EX_pheme_e,provided,5.217097049218e-05
10796,709,397,EX_pi_e,provided,1.2724910709637248e-06
10797,709,397,EX_pyovd_kt_e,co-consumed,0.08162271012892948
10798,709,397,EX_stfrnA_e,co-consumed,0.08561876966794828
10799,709,397,EX_stfrnB_e,co-consumed,0.08559728795379533
10800,709,790,EX_4abut_e,co-consumed,2.5063224133102334e-06
10801,709,790,EX_acald_e,co-consumed,2.93522760138418
10802,709,790,EX_arg__L_e,provided,0.0643513465484833
10803,709,790,EX_co2_e,received,3.9999992468984384
10804,709,790,EX_co_e,provided,8.6963135624944e-05
10805,709,790,EX_etoh_e,provided,1.3486580099658077e-06
10806,709,790,EX_fe2_e,co-consumed,0.001004880035867944
10807,709,790,EX_fe3_e,co-consumed,0.25283877006317557
10808,709,790,EX_gly_e,co-consumed,1.0235220928464696e-06
10809,709,790,EX_glyald_e,received,1.929223644074665e-06
10810,709,790,EX_glyc_e,provided,5.115498198920001e-06
10811,709,790,EX_h2s_e,co-consumed,0.036008770359333114
10812,709,790,EX_h_e,co-consumed,3.9999997443327784
10813,709,790,EX_nh4_e,received,1.2529140989344e-05
10814,709,790,EX_o2_e,co-consumed,3.9999999885236144
10815,709,790,EX_orn_e,co-consumed,0.04809132745711527
10816,709,790,EX_pheme_e,provided,4.851410567494e-05
10817,709,790,EX_pi_e,provided,1.2724910709637248e-06
10818,709,790,EX_pyovd_kt_e,co-consumed,0.08162271012892948
10819,709,790,EX_stfrnA_e,co-consumed,0.08561876966794828
10820,709,790,EX_stfrnB_e,co-consumed,0.08559728795379533
10821,709,947,EX_acald_e,received,3.8316336657903487
10822,709,947,EX_arg__L_e,provided,0.07014177111137566
10823,709,947,EX_asp__L_e,co-consumed,0.3083016036155272
10824,709,947,EX_co2_e,received,1.2400521224646877
10825,709,947,EX_co_e,provided,0.000168305542711704
10826,709,947,EX_etoh_e,provided,0.6805789844413482
10827,709,947,EX_fe2_e,co-consumed,0.001004880035867944
10828,709,947,EX_fe3_e,co-consumed,0.25283877006317557
10829,709,947,EX_glyc_e,provided,1.7232041453052638
10830,709,947,EX_h2s_e,co-consumed,0.036008770359333114
10831,709,947,EX_h_e,co-consumed,3.9999997443327784
10832,709,947,EX_nh4_e,co-consumed,1.2529140989344e-05
10833,709,947,EX_o2_e,co-consumed,3.9999999885236144
10834,709,947,EX_orn_e,received,0.21517634081519846
10835,709,947,EX_pi_e,provided,1.2724910709637248e-06
10836,709,947,EX_pyovd_kt_e,co-consumed,0.08162271012892948
10837,709,947,EX_stfrnA_e,co-consumed,0.08561876966794828
10838,709,947,EX_stfrnB_e,co-consumed,0.08559728795379533
10839,709,997,EX_acald_e,co-consumed,0.6015655253815413
10840,709,997,EX_arg__L_e,provided,0.05929959856276623
10841,709,997,EX_asp__D_e,provided,2.917353481357961
10842,709,997,EX_co2_e,received,3.9999992468984384
10843,709,997,EX_etoh_e,provided,1.5971720553081045e-06
10844,709,997,EX_fe2_e,co-consumed,0.001004880035867944
10845,709,997,EX_fe3_e,co-consumed,0.09940322317984002
10846,709,997,EX_glyald_e,received,9.487526180424001e-06
10847,709,997,EX_glyc_e,provided,0.027880222580512305
10848,709,997,EX_h2s_e,co-consumed,0.036008770359333114
10849,709,997,EX_h_e,co-consumed,3.9999997443327784
10850,709,997,EX_nac_e,provided,0.000456556498351432
10851,709,997,EX_nh4_e,received,1.2529140989344e-05
10852,709,997,EX_o2_e,co-consumed,3.9999999885236144
10853,709,997,EX_orn_e,co-consumed,0.04431628766154045
10854,709,997,EX_pheme_e,provided,4.4700229887944004e-05
10855,709,997,EX_pyovd_kt_e,co-consumed,0.08162271012892948
10856,709,997,EX_ser__L_e,co-consumed,0.09015960816453393
10857,709,1114,EX_arg__L_e,provided,0.0046357303882063276
10858,709,1114,EX_asp__L_e,co-consumed,0.011399098370460896
10859,709,1114,EX_co2_e,received,0.05916848607292281
10860,709,1114,EX_fe2_e,co-consumed,0.000105202132142988
10861,709,1114,EX_fe3_e,co-consumed,0.2526625386113989
10862,709,1114,EX_glyald_e,received,2.958353664369491
10863,709,1114,EX_glyc_e,provided,2.8451238230849185
10864,709,1114,EX_h2s_e,co-consumed,0.0038483196513773637
10865,709,1114,EX_h_e,received,0.00112623464957868
10866,709,1114,EX_nh4_e,received,1.2529140989344e-05
10867,709,1114,EX_o2_e,co-consumed,3.8457435539662432
10868,709,1114,EX_orn_e,co-consumed,0.003464318233193924
10869,709,1114,EX_pyovd_kt_e,co-consumed,0.08153202518695611
10870,709,1114,EX_stfrnA_e,co-consumed,0.08551769571185876
10871,709,1114,EX_stfrnB_e,co-consumed,0.0854905751777392
10872,709,1362,EX_4abut_e,co-consumed,2.5063224133102334e-06
10873,709,1362,EX_acald_e,received,3.999999565435491
10874,709,1362,EX_arg__L_e,provided,0.2653909894059583
10875,709,1362,EX_asp__D_e,provided,2.604851848398433
10876,709,1362,EX_asp__L_e,co-consumed,3.1584524819393966e-06
10877,709,1362,EX_co2_e,received,3.9999992468984384
10878,709,1362,EX_fe2_e,co-consumed,0.001004880035867944
10879,709,1362,EX_fe3_e,co-consumed,0.10109349937422764
10880,709,1362,EX_glyald_e,received,2.958353664369491
10881,709,1362,EX_glyc_e,provided,2.8451238230849185
10882,709,1362,EX_h2s_e,received,0.036008770359333114
10883,709,1362,EX_h_e,co-consumed,3.9999997443327784
10884,709,1362,EX_nh4_e,co-consumed,1.2529140989344e-05
10885,709,1362,EX_o2_e,co-consumed,3.9999999885236144
10886,709,1362,EX_pheme_e,provided,0.000114494971848828
10887,709,1362,EX_pi_e,provided,1.2724910709637248e-06
10888,709,1362,EX_pyovd_kt_e,co-consumed,0.08162271012892948
10889,709,428,EX_acald_e,co-consumed,3.9999992800442308
10890,709,428,EX_arg__L_e,provided,0.08270622101590855
10891,709,428,EX_co2_e,received,2.1068207791232045
10892,709,428,EX_etoh_e,provided,0.6805789844413482
10893,709,428,EX_fe2_e,co-consumed,0.001004880035867944
10894,709,428,EX_fe3_e,co-consumed,0.25283877006317557
10895,709,428,EX_glyc_e,provided,1.6099709835040856
10896,709,428,EX_h2s_e,co-consumed,0.036008770359333114
10897,709,428,EX_h_e,co-consumed,3.9999997443327784
10898,709,428,EX_nac_e,provided,0.000616542974885872
10899,709,428,EX_nh4_e,co-consumed,1.2529140989344e-05
10900,709,428,EX_o2_e,co-consumed,3.9999999885236144
10901,709,428,EX_pheme_e,provided,6.234547232358e-05
10902,709,428,EX_pi_e,provided,1.2724910709637248e-06
10903,709,428,EX_pyovd_kt_e,co-consumed,0.08162271012892948
10904,709,428,EX_ser__L_e,co-consumed,0.19433213116147038
10905,709,428,EX_stfrnA_e,co-consumed,0.08561876966794828
10906,709,428,EX_stfrnB_e,co-consumed,0.08559728795379533
10907,709,796,EX_acald_e,co-consumed,0.002836909054187548
10908,709,796,EX_arg__L_e,provided,0.06294170452915404
10909,709,796,EX_asp__L_e,co-consumed,2.2083547877845074e-06
10910,709,796,EX_co2_e,received,3.9999992468984384
10911,709,796,EX_co_e,provided,8.5100383024136e-05
10912,709,796,EX_etoh_e,provided,0.1831971585221885
10913,709,796,EX_fe2_e,co-consumed,0.001004880035867944
10914,709,796,EX_fe3_e,co-consumed,0.25283877006317557
10915,709,796,EX_glyald_e,received,1.1439502850731953
10916,709,796,EX_glyc_e,provided,2.8451238230849185
10917,709,796,EX_h2s_e,received,0.036008770359333114
10918,709,796,EX_h_e,co-consumed,3.9999997443327784
10919,709,796,EX_mal__L_e,co-consumed,2.8896912308811998e-05
10920,709,796,EX_nh4_e,co-consumed,5.81020049542e-06
10921,709,796,EX_o2_e,co-consumed,3.9999999885236144
10922,709,796,EX_orn_e,co-consumed,0.047038335753491874
10923,709,796,EX_pheme_e,provided,4.7443022883936004e-05
10924,709,796,EX_pi_e,provided,1.2724910709637248e-06
10925,709,796,EX_pyovd_kt_e,co-consumed,0.08161142134172414
10926,709,796,EX_stfrnA_e,co-consumed,0.08560896902501572
10927,709,796,EX_stfrnB_e,co-consumed,0.08559065192532496
10928,709,1350,EX_4abut_e,co-consumed,2.5063224133102334e-06
10929,709,1350,EX_acald_e,co-consumed,1.917460305183066
10930,709,1350,EX_ala__L_e,co-consumed,0.047262238141825307
10931,709,1350,EX_arg__L_e,provided,0.04480527367546154
10932,709,1350,EX_co2_e,received,3.9999992468984384
10933,709,1350,EX_fe3_e,co-consumed,0.25283877006317557
10934,709,1350,EX_glyald_e,co-consumed,1.6631856234273665
10935,709,1350,EX_h2s_e,co-consumed,0.018360240954817714
10936,709,1350,EX_h_e,co-consumed,0.17888914915507573
10937,709,1350,EX_mal__L_e,received,2.8896912308811998e-05
10938,709,1350,EX_nh4_e,received,1.2529140989344e-05
10939,709,1350,EX_o2_e,co-consumed,3.9999999885236144
10940,709,1350,EX_orn_e,received,0.006236717596360448
10941,709,1350,EX_pi_e,provided,1.2724910709637248e-06
10942,709,1350,EX_pyovd_kt_e,co-consumed,0.08162271012892948
10943,709,1350,EX_ser__L_e,co-consumed,0.16210184535107958
10944,709,1350,EX_stfrnA_e,co-consumed,0.08561876966794828
10945,709,1350,EX_stfrnB_e,co-consumed,0.08559728795379533
10946,709,262,EX_acald_e,co-consumed,2.3331030225877964
10947,709,262,EX_arg__L_e,provided,0.13939505062621846
10948,709,262,EX_asp__L_e,co-consumed,2.3364666711578006
10949,709,262,EX_co2_e,received,3.9999992468984384
10950,709,262,EX_fe2_e,co-consumed,0.001004880035867944
10951,709,262,EX_fe3_e,co-consumed,0.09825562569376221
10952,709,262,EX_glyald_e,co-consumed,0.03544535160748722
10953,709,262,EX_h2o_e,provided,3.9999997466492805
10954,709,262,EX_h2s_e,co-consumed,0.036008770359333114
10955,709,262,EX_h_e,co-consumed,3.9999997443327784
10956,709,262,EX_nh4_e,co-consumed,1.2529140989344e-05
10957,709,262,EX_o2_e,co-consumed,3.9999999885236144
10958,709,262,EX_orn_e,received,1.4931246106364882
10959,709,262,EX_pi_e,provided,1.2724910709637248e-06
10960,709,262,EX_pyovd_kt_e,co-consumed,0.08162271012892948
10961,709,262,EX_ser__L_e,co-consumed,0.5345198923037778
10962,709,978,EX_acald_e,co-consumed,3.999999565435491
10963,709,978,EX_ala__L_e,co-consumed,0.10694683813334424
10964,709,978,EX_arg__L_e,provided,0.03493271998263871
10965,709,978,EX_asp__D_e,provided,0.02947288471119753
10966,709,978,EX_co2_e,received,3.9999992468984384
10967,709,978,EX_fe2_e,co-consumed,0.0007928112618444481
10968,709,978,EX_fe3_e,co-consumed,0.25283877006317557
10969,709,978,EX_glyc_e,provided,0.24764740041469416
10970,709,978,EX_h2o_e,provided,3.999999718465075
10971,709,978,EX_h2s_e,co-consumed,0.029059921706837077
10972,709,978,EX_h_e,co-consumed,3.999999719834292
10973,709,978,EX_lac__L_e,provided,3.9999995561385284
10974,709,978,EX_nh4_e,co-consumed,1.2529140989344e-05
10975,709,978,EX_o2_e,co-consumed,3.999999987126816
10976,709,978,EX_orn_e,co-consumed,0.02610624975975622
10977,709,978,EX_pi_e,provided,1.2724910709637248e-06
10978,709,978,EX_pyovd_kt_e,co-consumed,0.08162271012892948
10979,709,978,EX_ser__L_e,co-consumed,0.09209531243799896
10980,709,978,EX_stfrnA_e,co-consumed,0.08561876966794828
10981,709,978,EX_stfrnB_e,co-consumed,0.08559728795379533
10982,709,1338,EX_acald_e,received,3.999999565435491
10983,709,1338,EX_arg__L_e,provided,0.14504670550558305
10984,709,1338,EX_co2_e,received,3.9999992468984384
10985,709,1338,EX_co_e,provided,0.000196124531918444
10986,709,1338,EX_fe2_e,co-consumed,0.001004880035867944
10987,709,1338,EX_fe3_e,co-consumed,0.10098779478597139
10988,709,1338,EX_fum_e,co-consumed,2.0935135829673976
10989,709,1338,EX_glyald_e,received,2.958353664369491
10990,709,1338,EX_glyc_e,provided,2.8451238230849185
10991,709,1338,EX_h2s_e,co-consumed,0.036008770359333114
10992,709,1338,EX_h_e,co-consumed,3.9999997443327784
10993,709,1338,EX_mal__L_e,co-consumed,1.0846396296286787e-06
10994,709,1338,EX_nh4_e,received,1.2529140989344e-05
10995,709,1338,EX_o2_e,co-consumed,3.9999999885236144
10996,709,1338,EX_orn_e,co-consumed,0.10839807062895389
10997,709,1338,EX_pheme_e,provided,0.000109338281060112
10998,709,1338,EX_pi_e,provided,1.2724910709637248e-06
10999,709,1338,EX_pyovd_kt_e,co-consumed,0.08162271012892948
11000,709,1338,EX_ser__L_e,co-consumed,0.9128963053162753
11001,709,1357,EX_acald_e,co-consumed,1.35859842204089
11002,709,1357,EX_ala__L_e,co-consumed,3.2612511440121694
11003,709,1357,EX_arg__L_e,provided,0.07409311905358083
11004,709,1357,EX_co2_e,received,3.9999992468984384
11005,709,1357,EX_etoh_e,provided,1.2935053489466327e-06
11006,709,1357,EX_fe2_e,co-consumed,0.001004880035867944
11007,709,1357,EX_fe3_e,co-consumed,0.09943419479300797
11008,709,1357,EX_gly_e,co-consumed,1.0235220928464696e-06
11009,709,1357,EX_glyc_e,provided,0.2992554826238624
11010,709,1357,EX_h2s_e,co-consumed,0.036008770359333114
11011,709,1357,EX_h_e,co-consumed,3.9999997443327784
11012,709,1357,EX_nh4_e,received,1.2529140989344e-05
11013,709,1357,EX_o2_e,co-consumed,3.9999999885236144
11014,709,1357,EX_orn_e,co-consumed,0.05537209138249047
11015,709,1357,EX_pheme_e,provided,5.5853056938744005e-05
11016,709,1357,EX_pi_e,provided,1.2724910709637248e-06
11017,709,1357,EX_pyovd_kt_e,co-consumed,0.08162271012892948
11018,709,2751,EX_co2_e,received,0.4242778801344553
11019,709,2751,EX_fe3_e,co-consumed,0.25214261553782036
11020,709,2751,EX_gly_e,co-consumed,1.0235220928464696e-06
11021,709,2751,EX_glyald_e,received,2.958353664369491
11022,709,2751,EX_glyc_e,provided,2.8451238230849185
11023,709,2751,EX_h2s_e,co-consumed,0.036008770359333114
11024,709,2751,EX_h_e,received,3.9999997443327784
11025,709,2751,EX_mal__L_e,received,1.1055133945443052e-06
11026,709,2751,EX_nh4_e,co-consumed,1.2529140989344e-05
11027,709,2751,EX_o2_e,co-consumed,3.999999925117265
11028,709,2751,EX_pyovd_kt_e,co-consumed,0.08140781945174283
11029,709,2751,EX_stfrnA_e,co-consumed,0.0853751819941325
11030,709,2751,EX_stfrnB_e,co-consumed,0.08535991256867606
11031,709,1080,EX_acald_e,co-consumed,3.999999565435491
11032,709,1080,EX_arg__L_e,provided,0.09774477676403731
11033,709,1080,EX_asp__D_e,provided,3.999999951796058
11034,709,1080,EX_asp__L_e,co-consumed,0.0017179471956249041
11035,709,1080,EX_co2_e,received,3.9999992468984384
11036,709,1080,EX_fe2_e,co-consumed,0.001004880035867944
11037,709,1080,EX_fe3_e,co-consumed,0.25283877006317557
11038,709,1080,EX_glyald_e,co-consumed,2.958353664369491
11039,709,1080,EX_h2s_e,co-consumed,0.036008770359333114
11040,709,1080,EX_h_e,co-consumed,3.9999997443327784
11041,709,1080,EX_nh4_e,received,1.2529140989344e-05
11042,709,1080,EX_o2_e,co-consumed,3.9999999885236144
11043,709,1080,EX_pheme_e,provided,7.3692198747684e-05
11044,709,1080,EX_pi_e,provided,1.2724910709637248e-06
11045,709,1080,EX_pyovd_kt_e,co-consumed,0.08162271012892948
11046,709,1080,EX_ser__L_e,co-consumed,0.1556379087786258
11047,709,1080,EX_stfrnA_e,co-consumed,0.08561876966794828
11048,709,1080,EX_stfrnB_e,co-consumed,0.08559728795379533
11049,709,1234,EX_acald_e,received,1.9985361270235371
11050,709,1234,EX_arg__L_e,provided,0.1760320041144797
11051,709,1234,EX_co2_e,received,3.9999992468984384
11052,709,1234,EX_fe2_e,co-consumed,0.001004880035867944
11053,709,1234,EX_fe3_e,co-consumed,0.1012688559048006
11054,709,1234,EX_glyc_e,provided,1.5041397989079013
11055,709,1234,EX_h2o_e,provided,0.657708615030396
11056,709,1234,EX_h2s_e,co-consumed,0.036008770359333114
11057,709,1234,EX_h_e,co-consumed,3.9999997443327784
11058,709,1234,EX_nh4_e,co-consumed,1.2529140989344e-05
11059,709,1234,EX_o2_e,co-consumed,3.9999999885236144
11060,709,1234,EX_orn_e,co-consumed,0.13155441536141965
11061,709,1234,EX_pheme_e,provided,0.000132704996924184
11062,709,1234,EX_pi_e,provided,1.2724910709637248e-06
11063,709,1234,EX_pyovd_kt_e,co-consumed,0.08162271012892948
11064,709,459,EX_acald_e,received,3.999999565435491
11065,709,459,EX_arg__L_e,provided,0.0752507675809346
11066,709,459,EX_co2_e,received,3.6775672303461886
11067,709,459,EX_co_e,provided,1.7996924166142676e-06
11068,709,459,EX_etoh_e,provided,0.6805789844413482
11069,709,459,EX_fe2_e,co-consumed,0.001004880035867944
11070,709,459,EX_fe3_e,co-consumed,0.09975758485025954
11071,709,459,EX_gly_e,co-consumed,1.0235220928464696e-06
11072,709,459,EX_glyc_e,provided,0.5603564379780037
11073,709,459,EX_h2s_e,co-consumed,0.036008770359333114
11074,709,459,EX_h_e,co-consumed,3.9999997443327784
11075,709,459,EX_lac__L_e,provided,3.444571779387561
11076,709,459,EX_nh4_e,co-consumed,1.2529140989344e-05
11077,709,459,EX_o2_e,co-consumed,3.9999999885236144
11078,709,459,EX_orn_e,co-consumed,1.308345766382397e-06
11079,709,459,EX_pheme_e,provided,5.6724788608056e-05
11080,709,459,EX_pi_e,provided,1.2724910709637248e-06
11081,709,459,EX_pyovd_kt_e,co-consumed,0.08162271012892948
11082,709,939,EX_acald_e,co-consumed,3.999999565435491
11083,709,939,EX_arg__L_e,provided,0.09830545590351224
11084,709,939,EX_asp__L_e,co-consumed,2.3364666711578006
11085,709,939,EX_co2_e,co-consumed,3.9999931267347986
11086,709,939,EX_etoh_e,provided,0.6805789844413482
11087,709,939,EX_fe2_e,co-consumed,0.001004880035867944
11088,709,939,EX_fe3_e,co-consumed,0.25283877006317557
11089,709,939,EX_h2s_e,co-consumed,0.036008770359333114
11090,709,939,EX_h_e,co-consumed,3.9999997443327784
11091,709,939,EX_lac__L_e,provided,1.1283645295789803e-06
11092,709,939,EX_nh4_e,received,1.2529140989344e-05
11093,709,939,EX_o2_e,co-consumed,3.9999999885236144
11094,709,939,EX_pheme_e,provided,7.4111704178228e-05
11095,709,939,EX_pi_e,provided,1.2724910709637248e-06
11096,709,939,EX_pyovd_kt_e,co-consumed,0.08162271012892948
11097,709,939,EX_stfrnA_e,co-consumed,0.08561876966794828
11098,709,939,EX_stfrnB_e,co-consumed,0.08559728795379533
11099,709,1101,EX_acald_e,co-consumed,1.7386622935093572
11100,709,1101,EX_arg__L_e,provided,0.0708719972398029
11101,709,1101,EX_co2_e,received,2.421582560481998
11102,709,1101,EX_etoh_e,provided,1.6528803451039475e-06
11103,709,1101,EX_fe2_e,co-consumed,0.001004880035867944
11104,709,1101,EX_fe3_e,co-consumed,0.09965199913962736
11105,709,1101,EX_gly_e,co-consumed,1.0235220928464696e-06
11106,709,1101,EX_glyc_e,provided,0.8585038357276302
11107,709,1101,EX_h2s_e,co-consumed,0.036008770359333114
11108,709,1101,EX_h_e,co-consumed,3.9999997443327784
11109,709,1101,EX_nh4_e,co-consumed,1.2529140989344e-05
11110,709,1101,EX_o2_e,co-consumed,3.9999999885236144
11111,709,1101,EX_orn_e,co-consumed,0.05296448255771899
11112,709,1101,EX_pheme_e,provided,5.342306976853601e-05
11113,709,1101,EX_pi_e,provided,1.2724910709637248e-06
11114,709,1101,EX_pyovd_kt_e,co-consumed,0.08162271012892948
11115,709,895,EX_acald_e,co-consumed,3.999999565435491
11116,709,895,EX_ala__L_e,co-consumed,1.9106153062289364
11117,709,895,EX_arg__L_e,provided,0.04662316792854972
11118,709,895,EX_co2_e,received,3.9999992468984384
11119,709,895,EX_fe2_e,received,0.001004880035867944
11120,709,895,EX_fe3_e,co-consumed,0.25283877006317557
11121,709,895,EX_fe3pyovd_kt_e,provided,0.08162270850373415
11122,709,895,EX_fum_e,co-consumed,2.0935135829673976
11123,709,895,EX_h2s_e,co-consumed,0.036008770359333114
11124,709,895,EX_h_e,received,3.9999997443327784
11125,709,895,EX_istfrnA_e,provided,0.08561876966794817
11126,709,895,EX_istfrnB_e,provided,0.0855972879513872
11127,709,895,EX_mal__L_e,co-consumed,2.8896912308811998e-05
11128,709,895,EX_nh4_e,received,1.2529140989344e-05
11129,709,895,EX_o2_e,co-consumed,3.9999999806049624
11130,709,895,EX_orn_e,co-consumed,0.0348428136409918
11131,709,895,EX_pi_e,provided,1.2724910709637248e-06
11132,709,895,EX_pyovd_kt_e,received,0.08162271012892948
11133,709,895,EX_stfrnA_e,received,0.08561876966794828
11134,709,895,EX_stfrnB_e,received,0.08559728795379533
11135,709,1174,EX_acald_e,co-consumed,1.3753633387686748e-06
11136,709,1174,EX_arg__L_e,provided,0.05605769184233719
11137,709,1174,EX_co2_e,received,2.0204843794699174
11138,709,1174,EX_etoh_e,provided,0.6805789844413482
11139,709,1174,EX_fe2_e,co-consumed,0.001004880035867944
11140,709,1174,EX_fe3_e,co-consumed,0.252709713225035
11141,709,1174,EX_glyc_e,provided,0.36072456643691775
11142,709,1174,EX_h2s_e,co-consumed,0.02916697578508537
11143,709,1174,EX_h_e,co-consumed,3.9999997443327784
11144,709,1174,EX_nh4_e,co-consumed,1.2529140989344e-05
11145,709,1174,EX_o2_e,co-consumed,3.9999999885236144
11146,709,1174,EX_orn_e,received,0.0560576623089545
11147,709,1174,EX_pheme_e,provided,4.2253617028032e-05
11148,709,1174,EX_pi_e,provided,1.2724910709637248e-06
11149,709,1174,EX_pyovd_kt_e,co-consumed,0.08157835839235565
11150,709,1174,EX_ser__L_e,co-consumed,0.10350235365771697
11151,709,1174,EX_stfrnA_e,co-consumed,0.0855760688585592
11152,709,1174,EX_stfrnB_e,co-consumed,0.08555523452901823
11153,709,638,EX_acald_e,received,3.999999565435491
11154,709,638,EX_arg__L_e,provided,0.2619077141576669
11155,709,638,EX_co2_e,received,3.9999992468984384
11156,709,638,EX_fe2_e,co-consumed,0.001004880035867944
11157,709,638,EX_fe3_e,co-consumed,0.25283877006317557
11158,709,638,EX_h2s_e,received,0.036008770359333114
11159,709,638,EX_h_e,co-consumed,3.9999997443327784
11160,709,638,EX_mal__L_e,co-consumed,2.8896912308811998e-05
11161,709,638,EX_nh4_e,co-consumed,1.2529140989344e-05
11162,709,638,EX_o2_e,co-consumed,3.9999999885236144
11163,709,638,EX_orn_e,received,0.03645562108615275
11164,709,638,EX_pi_e,provided,1.2724910709637248e-06
11165,709,638,EX_pyovd_kt_e,co-consumed,0.08162271012892948
11166,709,638,EX_ser__L_e,co-consumed,0.2205969746734422
11167,709,638,EX_stfrnA_e,co-consumed,0.08561876966794828
11168,709,638,EX_stfrnB_e,co-consumed,0.08559728795379533
11169,709,638,EX_thym_e,provided,0.011413729578578904
11170,709,1252,EX_acald_e,co-consumed,3.999999565435491
11171,709,1252,EX_arg__L_e,provided,0.04958276460367674
11172,709,1252,EX_asp__D_e,provided,0.2977012157644438
11173,709,1252,EX_co2_e,received,3.9999992468984384
11174,709,1252,EX_fe3_e,co-consumed,0.10010262645074329
11175,709,1252,EX_glyc_e,provided,2.5718014938363035e-06
11176,709,1252,EX_h2s_e,co-consumed,0.025799261722311503
11177,709,1252,EX_h_e,co-consumed,3.9999997443327784
11178,709,1252,EX_nh4_e,received,1.2529140989344e-05
11179,709,1252,EX_o2_e,co-consumed,3.9999999885236144
11180,709,1252,EX_orn_e,co-consumed,0.03705476110979352
11181,709,1252,EX_pheme_e,provided,3.7374474097828e-05
11182,709,1252,EX_pi_e,provided,1.2724910709637248e-06
11183,709,1252,EX_pyovd_kt_e,co-consumed,0.08162271012892948
11184,1080,1208,EX_acald_e,co-consumed,0.031528264551958556
11185,1080,1208,EX_arg__L_e,co-consumed,0.010515392853133068
11186,1080,1208,EX_ca2_e,co-consumed,0.000185037459311756
11187,1080,1208,EX_cl_e,co-consumed,0.00018503746083356002
11188,1080,1208,EX_cobalt2_e,co-consumed,3.554994415211502e-06
11189,1080,1208,EX_cu2_e,co-consumed,2.5204910403848e-05
11190,1080,1208,EX_cys__L_e,co-consumed,0.0032636170591681004
11191,1080,1208,EX_fe2_e,co-consumed,0.00023873883590635602
11192,1080,1208,EX_fe3_e,co-consumed,0.2529801586337414
11193,1080,1208,EX_glyald_e,co-consumed,3.999990733844301
11194,1080,1208,EX_glygln_e,co-consumed,0.05348671039292357
11195,1080,1208,EX_h2o_e,provided,0.44188172090410993
11196,1080,1208,EX_h2s_e,co-consumed,0.00547056092920584
11197,1080,1208,EX_h_e,received,3.024212848729982
11198,1080,1208,EX_ile__L_e,co-consumed,0.011053439265323308
11199,1080,1208,EX_k_e,co-consumed,0.006939100248883789
11200,1080,1208,EX_malt_e,co-consumed,0.015817809174526198
11201,1080,1208,EX_mg2_e,co-consumed,0.000308395771808992
11202,1080,1208,EX_mn2_e,co-consumed,2.4565011409108002e-05
11203,1080,1208,EX_o2_e,co-consumed,3.9999999827833617
11204,1080,1208,EX_pi_e,co-consumed,0.04983466476348048
11205,1080,1208,EX_pyovd_kt_e,co-consumed,0.08157885504853672
11206,1080,1208,EX_ser__L_e,co-consumed,0.1556379087786258
11207,1080,1208,EX_so4_e,co-consumed,0.00015421954251966
11208,1080,1208,EX_stfrnA_e,co-consumed,0.08557217889577441
11209,1080,1208,EX_stfrnB_e,co-consumed,0.08555159790369211
11210,1080,1208,EX_tyr__L_e,co-consumed,0.004910088625336588
11211,1080,1208,EX_zn2_e,co-consumed,1.2122530955867999e-05
11212,1080,1334,EX_arg__L_e,co-consumed,0.038608070545978
11213,1080,1334,EX_bz_e,co-consumed,1.3059379269832e-05
11214,1080,1334,EX_ca2_e,co-consumed,0.0006793794336395401
11215,1080,1334,EX_cl_e,co-consumed,0.00067937942944234
11216,1080,1334,EX_cobalt2_e,co-consumed,1.305243863054e-05
11217,1080,1334,EX_cu2_e,co-consumed,9.254178989055201e-05
11218,1080,1334,EX_cys__L_e,co-consumed,0.01205676251673251
11219,1080,1334,EX_fe2_e,co-consumed,0.00087650510841338
11220,1080,1334,EX_fe3_e,co-consumed,0.2542119424440433
11221,1080,1334,EX_gly_asn__L_e,co-consumed,0.03146355398006519
11222,1080,1334,EX_glyald_e,co-consumed,3.999999593232226
11223,1080,1334,EX_h2o_e,provided,3.999999949116735
11224,1080,1334,EX_h2s_e,co-consumed,0.020089283009825425
11225,1080,1334,EX_h_e,co-consumed,1.0810525813379293
11226,1080,1334,EX_ile__L_e,co-consumed,0.04058313148740553
11227,1080,1334,EX_k_e,co-consumed,0.025477446536117086
11228,1080,1334,EX_leu__L_e,co-consumed,0.06021490463799532
11229,1080,1334,EX_malt_e,co-consumed,0.12643169613036048
11230,1080,1334,EX_mg2_e,co-consumed,0.0011322990512711
11231,1080,1334,EX_mn2_e,co-consumed,9.019235093705599e-05
11232,1080,1334,EX_o2_e,co-consumed,3.9999999947191163
11233,1080,1334,EX_pi_e,co-consumed,0.1832505419051775
11234,1080,1334,EX_pyovd_kt_e,co-consumed,0.08162460805035757
11235,1080,1334,EX_ser__L_e,co-consumed,0.1556379087786258
11236,1080,1334,EX_so4_e,co-consumed,0.000566218747882516
11237,1080,1334,EX_stfrnA_e,co-consumed,0.08562607366209049
11238,1080,1334,EX_stfrnB_e,co-consumed,0.08560076402816279
11239,1080,1334,EX_tyr__L_e,co-consumed,0.01802789882693641
11240,1080,1334,EX_zn2_e,co-consumed,4.4508815730152e-05
11241,1080,397,EX_arg__L_e,co-consumed,0.06920866969908211
11242,1080,397,EX_bz_e,co-consumed,2.3404863776383998e-05
11243,1080,397,EX_ca2_e,co-consumed,0.001217852818750344
11244,1080,397,EX_cl_e,co-consumed,0.001217852822333104
11245,1080,397,EX_co_e,provided,9.345755130370001e-05
11246,1080,397,EX_cobalt2_e,co-consumed,2.339774867916e-05
11247,1080,397,EX_cu2_e,co-consumed,0.000165890038135252
11248,1080,397,EX_cys__L_e,co-consumed,0.030262793695731618
11249,1080,397,EX_fe2_e,co-consumed,0.0016230509548978839
11250,1080,397,EX_fe3_e,co-consumed,0.25486127206504283
11251,1080,397,EX_glyc_e,provided,0.18638663939230632
11252,1080,397,EX_glygln_e,co-consumed,0.2435887689092726
11253,1080,397,EX_h2s_e,received,0.05085931955435928
11254,1080,397,EX_h_e,co-consumed,3.99999994148562
11255,1080,397,EX_ile__L_e,co-consumed,0.06797735190551758
11256,1080,397,EX_indole_e,co-consumed,0.01329998742891936
11257,1080,397,EX_k_e,co-consumed,0.045670767579315284
11258,1080,397,EX_leu__L_e,co-consumed,0.10541401146566946
11259,1080,397,EX_malt_e,co-consumed,0.08970263165913173
11260,1080,397,EX_mg2_e,co-consumed,0.002029754698458512
11261,1080,397,EX_mn2_e,co-consumed,0.000161678443373004
11262,1080,397,EX_nh4_e,provided,0.4893943352087682
11263,1080,397,EX_o2_e,co-consumed,4.0000000080151406
11264,1080,397,EX_pheme_e,co-consumed,5.217097049218e-05
11265,1080,397,EX_pi_e,co-consumed,0.22556046007853384
11266,1080,397,EX_pyovd_kt_e,co-consumed,0.08162460805035757
11267,1080,397,EX_so4_e,co-consumed,0.001015003960146008
11268,1080,397,EX_stfrnA_e,co-consumed,0.08562607366209049
11269,1080,397,EX_stfrnB_e,co-consumed,0.08560076402816279
11270,1080,397,EX_tyr__L_e,co-consumed,0.03231674507244956
11271,1080,397,EX_val__L_e,co-consumed,0.09914428540010288
11272,1080,397,EX_zn2_e,co-consumed,7.9786322995936e-05
11273,1080,790,EX_acald_e,co-consumed,2.93522760138418
11274,1080,790,EX_arg__L_e,co-consumed,0.0643513465484833
11275,1080,790,EX_bz_e,co-consumed,2.1815775779456e-05
11276,1080,790,EX_ca2_e,co-consumed,0.0011323795243763201
11277,1080,790,EX_cl_e,co-consumed,0.001132379475451076
11278,1080,790,EX_co_e,provided,8.6963135624944e-05
11279,1080,790,EX_cobalt2_e,co-consumed,2.175560948702e-05
11280,1080,790,EX_cu2_e,co-consumed,0.000154264017236172
11281,1080,790,EX_etoh_e,provided,1.3486580099658077e-06
11282,1080,790,EX_fe2_e,co-consumed,0.001508712915426732
11283,1080,790,EX_fe3_e,co-consumed,0.25474934365794655
11284,1080,790,EX_glyald_e,received,1.929223644074665e-06
11285,1080,790,EX_glyc_e,provided,5.115498198920001e-06
11286,1080,790,EX_glygln_e,co-consumed,0.29324987953109855
11287,1080,790,EX_h2s_e,co-consumed,0.05085931955435928
11288,1080,790,EX_h_e,co-consumed,3.99999994148562
11289,1080,790,EX_ile__L_e,co-consumed,0.0632063717651916
11290,1080,790,EX_indole_e,co-consumed,0.012366520040754805
11291,1080,790,EX_k_e,co-consumed,0.042465426826002066
11292,1080,790,EX_leu__L_e,co-consumed,0.0980154113658712
11293,1080,790,EX_malt_e,co-consumed,0.07662155144452865
11294,1080,790,EX_mg2_e,co-consumed,0.0018872991181296081
11295,1080,790,EX_mn2_e,co-consumed,0.000150331261555316
11296,1080,790,EX_o2_e,co-consumed,4.000000008075555
11297,1080,790,EX_pheme_e,co-consumed,4.851410567494e-05
11298,1080,790,EX_pi_e,co-consumed,0.20959968283663044
11299,1080,790,EX_pyovd_kt_e,co-consumed,0.08162460805035757
11300,1080,790,EX_so4_e,co-consumed,0.000943764545232616
11301,1080,790,EX_stfrnA_e,co-consumed,0.08562607366209049
11302,1080,790,EX_stfrnB_e,co-consumed,0.08560076402816279
11303,1080,790,EX_tyr__L_e,received,0.04556790367744402
11304,1080,790,EX_zn2_e,co-consumed,7.418662835074e-05
11305,1080,947,EX_acald_e,received,3.8316336657903487
11306,1080,947,EX_arg__L_e,co-consumed,0.07014177111137566
11307,1080,947,EX_asp__L_e,co-consumed,0.0017179471956249041
11308,1080,947,EX_ca2_e,co-consumed,0.00123427219400334
11309,1080,947,EX_cl_e,co-consumed,0.0012342722029121001
11310,1080,947,EX_co_e,provided,0.000168305542711704
11311,1080,947,EX_cobalt2_e,co-consumed,2.3713174407356e-05
11312,1080,947,EX_cu2_e,co-consumed,0.000168126606253288
11313,1080,947,EX_etoh_e,provided,3.9999992243765536
11314,1080,947,EX_fe2_e,co-consumed,0.0016975131417780078
11315,1080,947,EX_fe3_e,co-consumed,0.25500640961074594
11316,1080,947,EX_gly_asn__L_e,co-consumed,0.05716190124390364
11317,1080,947,EX_glyc_e,provided,1.7232041453052638
11318,1080,947,EX_glygln_e,co-consumed,0.39876471997726015
11319,1080,947,EX_h2s_e,co-consumed,0.036494787671598944
11320,1080,947,EX_h_e,co-consumed,3.99999994148562
11321,1080,947,EX_indole_e,co-consumed,0.013479294341799253
11322,1080,947,EX_k_e,co-consumed,0.04628651150126695
11323,1080,947,EX_leu__L_e,received,1.712640020151455e-06
11324,1080,947,EX_mg2_e,co-consumed,0.0020571203234276882
11325,1080,947,EX_mn2_e,co-consumed,0.000163858229789876
11326,1080,947,EX_nh4_e,provided,0.8581781074640575
11327,1080,947,EX_o2_e,co-consumed,4.0000000079260385
11328,1080,947,EX_pi_e,co-consumed,0.22859835619422186
11329,1080,947,EX_pyovd_kt_e,co-consumed,0.08162460805035757
11330,1080,947,EX_so4_e,co-consumed,0.00102869325506434
11331,1080,947,EX_stfrnA_e,co-consumed,0.08562607366209049
11332,1080,947,EX_stfrnB_e,co-consumed,0.08560076402816279
11333,1080,947,EX_zn2_e,co-consumed,8.0862020779088e-05
11334,1080,997,EX_acald_e,co-consumed,0.6015655253815413
11335,1080,997,EX_arg__L_e,co-consumed,0.05929959856276623
11336,1080,997,EX_asp__D_e,co-consumed,2.917353481357961
11337,1080,997,EX_bz_e,co-consumed,2.0096298488695998e-05
11338,1080,997,EX_ca2_e,co-consumed,0.0010434847208092
11339,1080,997,EX_cl_e,co-consumed,0.00104348472257708
11340,1080,997,EX_cobalt2_e,co-consumed,2.0047737191336e-05
11341,1080,997,EX_cu2_e,co-consumed,0.000142138456686592
11342,1080,997,EX_etoh_e,provided,1.5971720553081045e-06
11343,1080,997,EX_fe2_e,co-consumed,0.001390731870040848
11344,1080,997,EX_fe3_e,co-consumed,0.09940322317984002
11345,1080,997,EX_gly_asn__L_e,co-consumed,0.04832607565121119
11346,1080,997,EX_glyald_e,received,9.487526180424001e-06
11347,1080,997,EX_glyc_e,provided,0.027880222580512305
11348,1080,997,EX_glygln_e,co-consumed,0.17273684583107904
11349,1080,997,EX_h2s_e,co-consumed,0.04932917039706491
11350,1080,997,EX_h_e,co-consumed,3.99999994148562
11351,1080,997,EX_ile__L_e,co-consumed,0.05824451862096163
11352,1080,997,EX_indole_e,co-consumed,0.011395739851250869
11353,1080,997,EX_k_e,co-consumed,0.03913177965589056
11354,1080,997,EX_leu__L_e,co-consumed,0.09032106403279362
11355,1080,997,EX_mg2_e,co-consumed,0.001739141201779196
11356,1080,997,EX_mn2_e,co-consumed,0.000138529863992152
11357,1080,997,EX_o2_e,co-consumed,4.000000008075873
11358,1080,997,EX_pheme_e,co-consumed,4.4700229887944004e-05
11359,1080,997,EX_pyovd_kt_e,co-consumed,0.08162460805035757
11360,1080,997,EX_ser__L_e,co-consumed,0.09015960816453393
11361,1080,997,EX_so4_e,co-consumed,0.000869810833913784
11362,1080,997,EX_thm_e,co-consumed,4.4672280316016e-05
11363,1080,997,EX_tyr__L_e,co-consumed,0.02764506582847024
11364,1080,997,EX_zn2_e,co-consumed,6.8362783822464e-05
11365,1080,1114,EX_arg__L_e,co-consumed,0.0046357303882063276
11366,1080,1114,EX_asp__L_e,co-consumed,0.0017179471956249041
11367,1080,1114,EX_bz_e,co-consumed,1.5686153384505792e-06
11368,1080,1114,EX_ca2_e,co-consumed,8.157368052924399e-05
11369,1080,1114,EX_cl_e,co-consumed,8.1573673573936e-05
11370,1080,1114,EX_cobalt2_e,co-consumed,1.5672176856355215e-06
11371,1080,1114,EX_cu2_e,co-consumed,1.0660673623368001e-05
11372,1080,1114,EX_fe2_e,co-consumed,0.000105202132142988
11373,1080,1114,EX_fe3_e,co-consumed,0.2526625386113989
11374,1080,1114,EX_gal_e,received,1.5145189212228467
11375,1080,1114,EX_gly_asn__L_e,co-consumed,0.003777855372185156
11376,1080,1114,EX_glyald_e,received,3.581259818767941
11377,1080,1114,EX_glyc_e,provided,3.591211762186692
11378,1080,1114,EX_glygln_e,co-consumed,0.042553588203818285
11379,1080,1114,EX_h2s_e,co-consumed,0.0038483196513773637
11380,1080,1114,EX_h_e,received,0.00112623464957868
11381,1080,1114,EX_ile__L_e,co-consumed,0.004872935060638228
11382,1080,1114,EX_k_e,co-consumed,0.003059099217122536
11383,1080,1114,EX_leu__L_e,co-consumed,0.007230005544080364
11384,1080,1114,EX_malt_e,co-consumed,0.12643169613036048
11385,1080,1114,EX_mg2_e,co-consumed,0.000135956138154524
11386,1080,1114,EX_mn2_e,co-consumed,1.082947420774e-05
11387,1080,1114,EX_o2_e,co-consumed,3.8457435539662432
11388,1080,1114,EX_pyovd_kt_e,co-consumed,0.08153202518695611
11389,1080,1114,EX_so4_e,co-consumed,6.7900542683388e-05
11390,1080,1114,EX_stfrnA_e,co-consumed,0.08551769571185876
11391,1080,1114,EX_stfrnB_e,co-consumed,0.0854905751777392
11392,1080,1114,EX_thm_e,co-consumed,3.4862392137499753e-06
11393,1080,1114,EX_tyr__L_e,co-consumed,0.002161134730962664
11394,1080,1114,EX_val__L_e,co-consumed,0.006669552610136128
11395,1080,1114,EX_zn2_e,co-consumed,5.344212308016e-06
11396,1080,1362,EX_acald_e,received,3.9999998824042273
11397,1080,1362,EX_arg__L_e,co-consumed,0.09774477676403731
11398,1080,1362,EX_asp__D_e,co-consumed,2.604851848398433
11399,1080,1362,EX_asp__L_e,co-consumed,3.1584524819393966e-06
11400,1080,1362,EX_bz_e,received,3.299013178626e-05
11401,1080,1362,EX_ca2_e,co-consumed,0.0017199988518446041
11402,1080,1362,EX_cl_e,co-consumed,0.001719998833413928
11403,1080,1362,EX_cobalt2_e,co-consumed,3.3045126410572e-05
11404,1080,1362,EX_cu2_e,co-consumed,0.00023428994625097202
11405,1080,1362,EX_fe2_e,co-consumed,0.002292361233621388
11406,1080,1362,EX_fe3_e,co-consumed,0.10109349937422764
11407,1080,1362,EX_for_e,provided,0.000221071408756476
11408,1080,1362,EX_gly_asn__L_e,co-consumed,0.07965697718288292
11409,1080,1362,EX_glyald_e,received,3.999706389032524
11410,1080,1362,EX_glyc_e,provided,3.9997063553221848
11411,1080,1362,EX_h2s_e,received,0.05085931955435928
11412,1080,1362,EX_h_e,co-consumed,3.99999994148562
11413,1080,1362,EX_hxan_e,provided,0.10471163090413496
11414,1080,1362,EX_indole_e,received,0.0187838402181919
11415,1080,1362,EX_k_e,co-consumed,0.0645017735945925
11416,1080,1362,EX_leu__L_e,co-consumed,0.14887851188005363
11417,1080,1362,EX_mg2_e,co-consumed,0.002866664713725084
11418,1080,1362,EX_mn2_e,co-consumed,0.000228341823497068
11419,1080,1362,EX_nh4_e,provided,0.01835854082437485
11420,1080,1362,EX_o2_e,co-consumed,4.0000000073171
11421,1080,1362,EX_pheme_e,co-consumed,7.3692198747684e-05
11422,1080,1362,EX_pi_e,co-consumed,0.317846700613507
11423,1080,1362,EX_pyovd_kt_e,co-consumed,0.08162460805035757
11424,1080,1362,EX_so4_e,co-consumed,0.001433538678428896
11425,1080,1362,EX_zn2_e,co-consumed,0.00011268388106005601
11426,1080,428,EX_acald_e,co-consumed,3.9999992800442308
11427,1080,428,EX_arg__L_e,co-consumed,0.08270622101590855
11428,1080,428,EX_bz_e,co-consumed,2.7960846569208e-05
11429,1080,428,EX_ca2_e,co-consumed,0.001455367113996248
11430,1080,428,EX_cl_e,co-consumed,0.001455367112419864
11431,1080,428,EX_cobalt2_e,co-consumed,2.7960943592624002e-05
11432,1080,428,EX_cu2_e,co-consumed,0.000198243090071724
11433,1080,428,EX_etoh_e,provided,3.9999901691965394
11434,1080,428,EX_fe2_e,co-consumed,0.001938810426974312
11435,1080,428,EX_fe3_e,co-consumed,0.25543215656573787
11436,1080,428,EX_gly_asn__L_e,co-consumed,0.06740129790001674
11437,1080,428,EX_glyc_e,provided,1.6099709835040856
11438,1080,428,EX_glygln_e,co-consumed,0.4007078806932791
11439,1080,428,EX_h2s_e,co-consumed,0.04303388535733
11440,1080,428,EX_h_e,co-consumed,3.99999994148562
11441,1080,428,EX_ile__L_e,co-consumed,0.08123464914254601
11442,1080,428,EX_indole_e,co-consumed,0.015893834215524313
11443,1080,428,EX_k_e,co-consumed,0.05457780462675701
11444,1080,428,EX_malt_e,co-consumed,0.10750490007631758
11445,1080,428,EX_mg2_e,co-consumed,0.002425611846484028
11446,1080,428,EX_mn2_e,co-consumed,0.000193210120225052
11447,1080,428,EX_nh4_e,provided,0.5711387962245577
11448,1080,428,EX_o2_e,co-consumed,4.000000008075317
11449,1080,428,EX_pheme_e,co-consumed,6.234547232358e-05
11450,1080,428,EX_pi_e,co-consumed,0.2695095713140418
11451,1080,428,EX_pyovd_kt_e,co-consumed,0.08162460805035757
11452,1080,428,EX_ser__L_e,co-consumed,0.1556379087786258
11453,1080,428,EX_so4_e,co-consumed,0.00121296412708714
11454,1080,428,EX_stfrnA_e,co-consumed,0.08562607366209049
11455,1080,428,EX_stfrnB_e,co-consumed,0.08560076402816279
11456,1080,428,EX_tyr__L_e,co-consumed,0.038619371405905024
11457,1080,428,EX_zn2_e,co-consumed,9.5346817650856e-05
11458,1080,796,EX_acald_e,co-consumed,0.002836909054187548
11459,1080,796,EX_arg__L_e,co-consumed,0.06294170452915404
11460,1080,796,EX_asp__L_e,co-consumed,2.2083547877845074e-06
11461,1080,796,EX_ca2_e,co-consumed,0.001107574281398108
11462,1080,796,EX_cl_e,co-consumed,0.0011075742753872161
11463,1080,796,EX_co_e,provided,8.5100383024136e-05
11464,1080,796,EX_cobalt2_e,co-consumed,2.1279044663959997e-05
11465,1080,796,EX_cu2_e,co-consumed,0.000150868424905576
11466,1080,796,EX_cys__L_e,co-consumed,0.030262793695731618
11467,1080,796,EX_etoh_e,provided,0.1831971585221885
11468,1080,796,EX_fe2_e,co-consumed,0.0014762008737501159
11469,1080,796,EX_fe3_e,co-consumed,0.2544726661743336
11470,1080,796,EX_gal_e,co-consumed,0.14999059669918316
11471,1080,796,EX_gly_asn__L_e,co-consumed,0.051294202073340886
11472,1080,796,EX_glyald_e,received,1.1439502850731953
11473,1080,796,EX_glyc_e,provided,3.999997293235151
11474,1080,796,EX_glygln_e,co-consumed,0.4328202733705334
11475,1080,796,EX_h2s_e,received,0.05085931955435928
11476,1080,796,EX_h_e,co-consumed,3.9999999187499555
11477,1080,796,EX_ile__L_e,co-consumed,0.06182178988472924
11478,1080,796,EX_indole_e,co-consumed,0.012095646042858097
11479,1080,796,EX_k_e,co-consumed,0.041535205650924285
11480,1080,796,EX_mg2_e,co-consumed,0.001845957120454128
11481,1080,796,EX_mn2_e,co-consumed,0.000147038197718252
11482,1080,796,EX_nh4_e,provided,5.81020049542e-06
11483,1080,796,EX_o2_e,co-consumed,4.000000007062814
11484,1080,796,EX_pheme_e,co-consumed,4.7443022883936004e-05
11485,1080,796,EX_pi_e,co-consumed,0.20513428815441953
11486,1080,796,EX_pyovd_kt_e,co-consumed,0.08161142134172414
11487,1080,796,EX_so4_e,co-consumed,0.001433538678428896
11488,1080,796,EX_stfrnA_e,co-consumed,0.08560896902501572
11489,1080,796,EX_stfrnB_e,co-consumed,0.08559065192532496
11490,1080,796,EX_zn2_e,co-consumed,7.256154230407201e-05
11491,1080,1350,EX_acald_e,co-consumed,1.917460305183066
11492,1080,1350,EX_arg__L_e,co-consumed,0.04480527367546154
11493,1080,1350,EX_ca2_e,co-consumed,0.000388408448178276
11494,1080,1350,EX_cl_e,co-consumed,0.000388413463840176
11495,1080,1350,EX_cobalt2_e,co-consumed,7.46231436586e-06
11496,1080,1350,EX_cu2_e,co-consumed,5.290780885396e-05
11497,1080,1350,EX_fe3_e,co-consumed,0.2539856748570928
11498,1080,1350,EX_gal_e,co-consumed,0.015297723096571323
11499,1080,1350,EX_gly_asn__L_e,co-consumed,0.01798827822953449
11500,1080,1350,EX_glyald_e,co-consumed,1.6631856234273665
11501,1080,1350,EX_glygln_e,co-consumed,0.1284790199539067
11502,1080,1350,EX_h2s_e,co-consumed,0.018360240954817714
11503,1080,1350,EX_h_e,co-consumed,0.17888914915507573
11504,1080,1350,EX_ile__L_e,co-consumed,0.016327387249486534
11505,1080,1350,EX_k_e,co-consumed,0.01456591528015751
11506,1080,1350,EX_malt_e,co-consumed,0.024316272548759867
11507,1080,1350,EX_mg2_e,co-consumed,0.000647355765087112
11508,1080,1350,EX_mn2_e,co-consumed,5.1564593668596e-05
11509,1080,1350,EX_o2_e,co-consumed,4.000000001268809
11510,1080,1350,EX_pi_e,co-consumed,0.11485945952391907
11511,1080,1350,EX_pyovd_kt_e,co-consumed,0.08162460805035757
11512,1080,1350,EX_ser__L_e,co-consumed,0.1556379087786258
11513,1080,1350,EX_so4_e,co-consumed,0.000323716092813068
11514,1080,1350,EX_stfrnA_e,co-consumed,0.08562607366209049
11515,1080,1350,EX_stfrnB_e,co-consumed,0.08560076402816279
11516,1080,1350,EX_thm_e,co-consumed,1.6419537479584e-05
11517,1080,1350,EX_tyr__L_e,co-consumed,0.010290447363563479
11518,1080,1350,EX_zn2_e,co-consumed,2.5446491987588002e-05
11519,1080,262,EX_acald_e,co-consumed,2.3331030225877964
11520,1080,262,EX_arg__L_e,co-consumed,0.09774477676403731
11521,1080,262,EX_asp__L_e,co-consumed,0.0017179471956249041
11522,1080,262,EX_bz_e,co-consumed,3.299013178626e-05
11523,1080,262,EX_ca2_e,co-consumed,0.0017199988518446041
11524,1080,262,EX_cl_e,co-consumed,0.001719998833413928
11525,1080,262,EX_cobalt2_e,co-consumed,3.3045126410572e-05
11526,1080,262,EX_cu2_e,co-consumed,0.00023428994625097202
11527,1080,262,EX_fe2_e,co-consumed,0.002292361233621388
11528,1080,262,EX_fe3_e,co-consumed,0.09825562569376221
11529,1080,262,EX_gly_asn__L_e,co-consumed,0.07965697718288292
11530,1080,262,EX_glyald_e,co-consumed,0.03544535160748722
11531,1080,262,EX_h2o_e,provided,3.9999997466492805
11532,1080,262,EX_h2s_e,co-consumed,0.05085931955435928
11533,1080,262,EX_h_e,co-consumed,3.9999999358706617
11534,1080,262,EX_ile__L_e,co-consumed,0.09600566677600285
11535,1080,262,EX_indole_e,co-consumed,0.0187838402181919
11536,1080,262,EX_k_e,co-consumed,0.0645017735945925
11537,1080,262,EX_mg2_e,co-consumed,0.002866664713725084
11538,1080,262,EX_mn2_e,co-consumed,0.000228341823497068
11539,1080,262,EX_nh4_e,provided,1.4546589208535525
11540,1080,262,EX_o2_e,co-consumed,4.000000005716123
11541,1080,262,EX_pi_e,co-consumed,0.317846700613507
11542,1080,262,EX_pyovd_kt_e,co-consumed,0.08162460805035757
11543,1080,262,EX_ser__L_e,co-consumed,0.1556379087786258
11544,1080,262,EX_so4_e,co-consumed,0.001433538678428896
11545,1080,262,EX_tyr__L_e,co-consumed,0.04556790367744402
11546,1080,262,EX_zn2_e,co-consumed,0.00011268388106005601
11547,1080,978,EX_acald_e,co-consumed,3.9999998664308722
11548,1080,978,EX_arg__L_e,co-consumed,0.03493271998263871
11549,1080,978,EX_asp__D_e,co-consumed,0.02947288471119753
11550,1080,978,EX_bz_e,co-consumed,1.178109358972e-05
11551,1080,978,EX_ca2_e,co-consumed,0.000614705407725804
11552,1080,978,EX_cl_e,co-consumed,0.000614705397849888
11553,1080,978,EX_cobalt2_e,co-consumed,1.1809901884912e-05
11554,1080,978,EX_cu2_e,co-consumed,8.373220436403201e-05
11555,1080,978,EX_fe2_e,co-consumed,0.0007928112618444481
11556,1080,978,EX_fe3_e,co-consumed,0.25421123036778265
11557,1080,978,EX_gal_e,co-consumed,0.1149330845625809
11558,1080,978,EX_glyc_e,provided,0.24764740041469416
11559,1080,978,EX_glygln_e,co-consumed,0.16531970933720153
11560,1080,978,EX_h2o_e,provided,3.999999718465075
11561,1080,978,EX_h2s_e,co-consumed,0.029059921706837077
11562,1080,978,EX_h_e,co-consumed,3.999999719834292
11563,1080,978,EX_ile__L_e,co-consumed,0.03672040273140531
11564,1080,978,EX_k_e,co-consumed,0.02305210178621846
11565,1080,978,EX_mg2_e,co-consumed,0.00102450898582638
11566,1080,978,EX_mn2_e,co-consumed,8.1606422024748e-05
11567,1080,978,EX_nh4_e,provided,0.15221570128204553
11568,1080,978,EX_o2_e,co-consumed,3.999999987126816
11569,1080,978,EX_pi_e,co-consumed,0.16582010592256907
11570,1080,978,EX_pyovd_kt_e,co-consumed,0.08162460805035757
11571,1080,978,EX_ser__L_e,co-consumed,0.09209531243799896
11572,1080,978,EX_so4_e,co-consumed,0.000512315308719196
11573,1080,978,EX_stfrnA_e,co-consumed,0.08562607366209049
11574,1080,978,EX_stfrnB_e,co-consumed,0.08560076402816279
11575,1080,978,EX_thm_e,co-consumed,2.6335884137236003e-05
11576,1080,978,EX_zn2_e,co-consumed,4.0266750851668e-05
11577,1080,1338,EX_acald_e,received,3.9999998824042273
11578,1080,1338,EX_arg__L_e,co-consumed,0.09774477676403731
11579,1080,1338,EX_bz_e,co-consumed,3.299013178626e-05
11580,1080,1338,EX_ca2_e,co-consumed,0.0017199988518446041
11581,1080,1338,EX_cl_e,co-consumed,0.001719998833413928
11582,1080,1338,EX_co_e,provided,0.000196124531918444
11583,1080,1338,EX_coa_e,received,0.000190124283030112
11584,1080,1338,EX_cobalt2_e,co-consumed,3.3045126410572e-05
11585,1080,1338,EX_cu2_e,co-consumed,0.00023428994625097202
11586,1080,1338,EX_fe2_e,co-consumed,0.002292361233621388
11587,1080,1338,EX_fe3_e,co-consumed,0.10098779478597139
11588,1080,1338,EX_gly_asn__L_e,co-consumed,0.07965697718288292
11589,1080,1338,EX_glyald_e,received,3.9996827205025487
11590,1080,1338,EX_glyc_e,provided,3.9996828759297043
11591,1080,1338,EX_h2s_e,co-consumed,0.05085931955435928
11592,1080,1338,EX_h_e,co-consumed,3.99999984176356
11593,1080,1338,EX_ile__L_e,co-consumed,0.09600566677600285
11594,1080,1338,EX_indole_e,co-consumed,0.0187838402181919
11595,1080,1338,EX_k_e,co-consumed,0.0645017735945925
11596,1080,1338,EX_mg2_e,co-consumed,0.002866664713725084
11597,1080,1338,EX_mn2_e,co-consumed,0.000228341823497068
11598,1080,1338,EX_o2_e,co-consumed,4.0000000081240135
11599,1080,1338,EX_pheme_e,co-consumed,7.3692198747684e-05
11600,1080,1338,EX_pi_e,co-consumed,0.317846700613507
11601,1080,1338,EX_pyovd_kt_e,co-consumed,0.08162460805035757
11602,1080,1338,EX_ser__L_e,co-consumed,0.1556379087786258
11603,1080,1338,EX_so4_e,co-consumed,0.001433538678428896
11604,1080,1338,EX_tyr__L_e,co-consumed,0.04556790367744402
11605,1080,1338,EX_zn2_e,co-consumed,0.00011268388106005601
11606,1080,1357,EX_acald_e,co-consumed,1.35859842204089
11607,1080,1357,EX_arg__L_e,co-consumed,0.07409311905358083
11608,1080,1357,EX_bz_e,co-consumed,2.5053005366268003e-05
11609,1080,1357,EX_ca2_e,co-consumed,0.001303803745359452
11610,1080,1357,EX_cl_e,co-consumed,0.0013038037393576522
11611,1080,1357,EX_cobalt2_e,co-consumed,2.504906331142e-05
11612,1080,1357,EX_cu2_e,co-consumed,0.000177615054287412
11613,1080,1357,EX_etoh_e,provided,1.2935053489466327e-06
11614,1080,1357,EX_fe2_e,co-consumed,0.001736825051244268
11615,1080,1357,EX_fe3_e,co-consumed,0.09943419479300797
11616,1080,1357,EX_for_e,provided,0.000221071408756476
11617,1080,1357,EX_glyc_e,provided,0.2992554826238624
11618,1080,1357,EX_glygln_e,co-consumed,0.17397824572201334
11619,1080,1357,EX_h2s_e,co-consumed,0.05085931955435928
11620,1080,1357,EX_h_e,co-consumed,3.99999994148562
11621,1080,1357,EX_ile__L_e,co-consumed,0.07277490655242234
11622,1080,1357,EX_indole_e,co-consumed,0.014238646584827628
11623,1080,1357,EX_k_e,co-consumed,0.04889401814946166
11624,1080,1357,EX_leu__L_e,co-consumed,0.11285374553745517
11625,1080,1357,EX_mg2_e,co-consumed,0.0021730062497658
11626,1080,1357,EX_mn2_e,co-consumed,0.000173089025632868
11627,1080,1357,EX_o2_e,co-consumed,4.000000008118272
11628,1080,1357,EX_pheme_e,co-consumed,5.5853056938744005e-05
11629,1080,1357,EX_pi_e,co-consumed,0.24148695362315242
11630,1080,1357,EX_pyovd_kt_e,co-consumed,0.08162460805035757
11631,1080,1357,EX_so4_e,co-consumed,0.001086645104511944
11632,1080,1357,EX_tyr__L_e,co-consumed,0.0345975202625863
11633,1080,1357,EX_zn2_e,co-consumed,8.5417305891944e-05
11634,1080,2751,EX_cys__L_e,received,0.030262793695731618
11635,1080,2751,EX_fe3_e,co-consumed,0.25214261553782036
11636,1080,2751,EX_glyald_e,received,3.9323640257073347
11637,1080,2751,EX_glyc_e,provided,3.9323649918687176
11638,1080,2751,EX_h2s_e,co-consumed,0.05085931955435928
11639,1080,2751,EX_h_e,received,3.99999994148562
11640,1080,2751,EX_malt_e,co-consumed,0.12643169613036048
11641,1080,2751,EX_nh4_e,provided,0.7901715688895377
11642,1080,2751,EX_o2_e,co-consumed,3.999999925117265
11643,1080,2751,EX_pyovd_kt_e,co-consumed,0.08140781945174283
11644,1080,2751,EX_stfrnA_e,co-consumed,0.0853751819941325
11645,1080,2751,EX_stfrnB_e,co-consumed,0.08535991256867606
11646,1080,709,EX_acald_e,co-consumed,3.999999565435491
11647,1080,709,EX_arg__L_e,received,0.09774477676403731
11648,1080,709,EX_asp__D_e,received,3.999999951796058
11649,1080,709,EX_asp__L_e,co-consumed,0.0017179471956249041
11650,1080,709,EX_co2_e,provided,3.9999992468984384
11651,1080,709,EX_fe2_e,co-consumed,0.001004880035867944
11652,1080,709,EX_fe3_e,co-consumed,0.25283877006317557
11653,1080,709,EX_glyald_e,co-consumed,2.958353664369491
11654,1080,709,EX_h2s_e,co-consumed,0.036008770359333114
11655,1080,709,EX_h_e,co-consumed,3.9999997443327784
11656,1080,709,EX_nh4_e,provided,1.2529140989344e-05
11657,1080,709,EX_o2_e,co-consumed,3.9999999885236144
11658,1080,709,EX_pheme_e,received,7.3692198747684e-05
11659,1080,709,EX_pi_e,received,1.2724910709637248e-06
11660,1080,709,EX_pyovd_kt_e,co-consumed,0.08162271012892948
11661,1080,709,EX_ser__L_e,co-consumed,0.1556379087786258
11662,1080,709,EX_stfrnA_e,co-consumed,0.08561876966794828
11663,1080,709,EX_stfrnB_e,co-consumed,0.08559728795379533
11664,1080,1234,EX_acald_e,received,1.9985361270235371
11665,1080,1234,EX_arg__L_e,co-consumed,0.09774477676403731
11666,1080,1234,EX_bz_e,co-consumed,3.299013178626e-05
11667,1080,1234,EX_ca2_e,co-consumed,0.0017199988518446041
11668,1080,1234,EX_cl_e,co-consumed,0.001719998833413928
11669,1080,1234,EX_cobalt2_e,co-consumed,3.3045126410572e-05
11670,1080,1234,EX_cu2_e,co-consumed,0.00023428994625097202
11671,1080,1234,EX_cys__L_e,co-consumed,0.030262793695731618
11672,1080,1234,EX_dha_e,received,1.5489009675075565
11673,1080,1234,EX_fe2_e,co-consumed,0.002292361233621388
11674,1080,1234,EX_fe3_e,co-consumed,0.1012688559048006
11675,1080,1234,EX_gly_asn__L_e,co-consumed,0.07965697718288292
11676,1080,1234,EX_glyc_e,provided,1.5041397989079013
11677,1080,1234,EX_glygln_e,co-consumed,0.763394002282184
11678,1080,1234,EX_h2o_e,provided,0.657708615030396
11679,1080,1234,EX_h2s_e,co-consumed,0.05085931955435928
11680,1080,1234,EX_h_e,co-consumed,3.99999994148562
11681,1080,1234,EX_ile__L_e,co-consumed,0.09600566677600285
11682,1080,1234,EX_indole_e,co-consumed,0.0187838402181919
11683,1080,1234,EX_k_e,co-consumed,0.0645017735945925
11684,1080,1234,EX_leu__L_e,received,0.14887851188005363
11685,1080,1234,EX_malt_e,co-consumed,0.12643169613036048
11686,1080,1234,EX_mg2_e,co-consumed,0.002866664713725084
11687,1080,1234,EX_mn2_e,co-consumed,0.000228341823497068
11688,1080,1234,EX_nh4_e,provided,2.477133969872802
11689,1080,1234,EX_o2_e,co-consumed,4.0000000081989855
11690,1080,1234,EX_pheme_e,co-consumed,7.3692198747684e-05
11691,1080,1234,EX_pi_e,co-consumed,0.317846700613507
11692,1080,1234,EX_pyovd_kt_e,co-consumed,0.08162460805035757
11693,1080,1234,EX_so4_e,co-consumed,0.001433538678428896
11694,1080,1234,EX_tyr__L_e,co-consumed,0.04556790367744402
11695,1080,1234,EX_zn2_e,co-consumed,0.00011268388106005601
11696,1080,459,EX_acald_e,received,3.9999998824042273
11697,1080,459,EX_arg__L_e,co-consumed,0.0752507675809346
11698,1080,459,EX_bz_e,co-consumed,2.5439122619448e-05
11699,1080,459,EX_ca2_e,co-consumed,0.001324174641914416
11700,1080,459,EX_cl_e,co-consumed,0.001324174648216012
11701,1080,459,EX_co_e,provided,1.7996924166142676e-06
11702,1080,459,EX_cobalt2_e,co-consumed,2.5440435039219997e-05
11703,1080,459,EX_cu2_e,co-consumed,0.000180390647390964
11704,1080,459,EX_etoh_e,provided,3.525817915228069
11705,1080,459,EX_fe2_e,co-consumed,0.001764986478475996
11706,1080,459,EX_fe3_e,co-consumed,0.09975758485025954
11707,1080,459,EX_gly_asn__L_e,co-consumed,0.06132544409948123
11708,1080,459,EX_glyc_e,provided,0.5603564379780037
11709,1080,459,EX_glygln_e,co-consumed,0.40215818231236483
11710,1080,459,EX_h2s_e,co-consumed,0.05085931955435928
11711,1080,459,EX_h_e,co-consumed,3.99999994148562
11712,1080,459,EX_ile__L_e,co-consumed,0.07391186520346255
11713,1080,459,EX_indole_e,co-consumed,0.014461106596512244
11714,1080,459,EX_k_e,co-consumed,0.049657948366106826
11715,1080,459,EX_mg2_e,co-consumed,0.002206957731340756
11716,1080,459,EX_mn2_e,co-consumed,0.000175793406121016
11717,1080,459,EX_nh4_e,provided,0.39438734493157057
11718,1080,459,EX_o2_e,co-consumed,4.000000008271434
11719,1080,459,EX_pheme_e,co-consumed,5.6724788608056e-05
11720,1080,459,EX_pi_e,co-consumed,0.24524313539055015
11721,1080,459,EX_pyovd_kt_e,co-consumed,0.08162460805035757
11722,1080,459,EX_so4_e,co-consumed,0.0011036054317014401
11723,1080,459,EX_tyr__L_e,co-consumed,0.035138067082458264
11724,1080,459,EX_zn2_e,co-consumed,8.675188348374e-05
11725,1080,939,EX_acald_e,co-consumed,3.9999998824042273
11726,1080,939,EX_arg__L_e,co-consumed,0.09774477676403731
11727,1080,939,EX_asp__L_e,co-consumed,0.0017179471956249041
11728,1080,939,EX_bz_e,co-consumed,3.299013178626e-05
11729,1080,939,EX_ca2_e,co-consumed,0.0017199988518446041
11730,1080,939,EX_cl_e,co-consumed,0.001719998833413928
11731,1080,939,EX_co2_e,provided,3.9999931267347986
11732,1080,939,EX_cobalt2_e,co-consumed,3.3045126410572e-05
11733,1080,939,EX_cu2_e,co-consumed,0.00023428994625097202
11734,1080,939,EX_cys__L_e,co-consumed,0.030262793695731618
11735,1080,939,EX_etoh_e,provided,3.9999986151031823
11736,1080,939,EX_fe2_e,co-consumed,0.002292361233621388
11737,1080,939,EX_fe3_e,co-consumed,0.25543215656573787
11738,1080,939,EX_gly_asn__L_e,co-consumed,0.07965697718288292
11739,1080,939,EX_glygln_e,co-consumed,0.763394002282184
11740,1080,939,EX_h2s_e,co-consumed,0.05085931955435928
11741,1080,939,EX_h_e,co-consumed,3.99999994148562
11742,1080,939,EX_ile__L_e,co-consumed,0.09600566677600285
11743,1080,939,EX_indole_e,co-consumed,0.0187838402181919
11744,1080,939,EX_k_e,co-consumed,0.0645017735945925
11745,1080,939,EX_malt_e,co-consumed,0.12643169613036048
11746,1080,939,EX_mg2_e,co-consumed,0.002866664713725084
11747,1080,939,EX_mn2_e,co-consumed,0.000228341823497068
11748,1080,939,EX_o2_e,co-consumed,4.000000008271434
11749,1080,939,EX_pheme_e,co-consumed,7.3692198747684e-05
11750,1080,939,EX_pi_e,co-consumed,0.21639201496887295
11751,1080,939,EX_pyovd_kt_e,co-consumed,0.08162460805035757
11752,1080,939,EX_so4_e,co-consumed,0.001433538678428896
11753,1080,939,EX_stfrnA_e,co-consumed,0.08562607366209049
11754,1080,939,EX_stfrnB_e,co-consumed,0.08560076402816279
11755,1080,939,EX_thm_e,co-consumed,7.3690323671168e-05
11756,1080,939,EX_tyr__L_e,co-consumed,0.04556790367744402
11757,1080,939,EX_val__L_e,co-consumed,0.1398337412608802
11758,1080,939,EX_zn2_e,co-consumed,0.00011268388106005601
11759,1080,1101,EX_acald_e,co-consumed,1.7386622935093572
11760,1080,1101,EX_arg__L_e,co-consumed,0.0708719972398029
11761,1080,1101,EX_bz_e,co-consumed,2.3960537358676e-05
11762,1080,1101,EX_ca2_e,co-consumed,0.001247118090470048
11763,1080,1101,EX_cl_e,co-consumed,0.001247118089766604
11764,1080,1101,EX_cobalt2_e,co-consumed,2.3960001738136e-05
11765,1080,1101,EX_cu2_e,co-consumed,0.000169893680116944
11766,1080,1101,EX_cys__L_e,co-consumed,0.02246962345297405
11767,1080,1101,EX_etoh_e,provided,1.6528803451039475e-06
11768,1080,1101,EX_fe2_e,co-consumed,0.001662285257221172
11769,1080,1101,EX_fe3_e,co-consumed,0.09965199913962736
11770,1080,1101,EX_gly_asn__L_e,co-consumed,0.05775678414611285
11771,1080,1101,EX_glyc_e,provided,0.8585038357276302
11772,1080,1101,EX_glygln_e,co-consumed,0.2959978128613629
11773,1080,1101,EX_h2s_e,co-consumed,0.03687654426009199
11774,1080,1101,EX_h_e,co-consumed,3.99999994148562
11775,1080,1101,EX_ile__L_e,co-consumed,0.06961074539346983
11776,1080,1101,EX_indole_e,co-consumed,0.013619584923228826
11777,1080,1101,EX_k_e,co-consumed,0.04676824619272245
11778,1080,1101,EX_leu__L_e,co-consumed,0.10794710426198569
11779,1080,1101,EX_mg2_e,co-consumed,0.0020785301475042483
11780,1080,1101,EX_mn2_e,co-consumed,0.00016556361201052803
11781,1080,1101,EX_nh4_e,provided,0.1584479661111053
11782,1080,1101,EX_o2_e,co-consumed,4.000000008149574
11783,1080,1101,EX_pheme_e,co-consumed,5.342306976853601e-05
11784,1080,1101,EX_pi_e,co-consumed,0.2309763883790603
11785,1080,1101,EX_pyovd_kt_e,co-consumed,0.08162460805035757
11786,1080,1101,EX_so4_e,co-consumed,0.0010394015906126839
11787,1080,1101,EX_thm_e,received,7.3690323671168e-05
11788,1080,1101,EX_tyr__L_e,co-consumed,0.033429170991171486
11789,1080,1101,EX_zn2_e,co-consumed,8.1703605927048e-05
11790,1080,895,EX_acald_e,co-consumed,3.9999998824042273
11791,1080,895,EX_arg__L_e,co-consumed,0.04662316792854972
11792,1080,895,EX_asp__D_e,received,3.999999951796058
11793,1080,895,EX_ca2_e,co-consumed,0.000820419769612432
11794,1080,895,EX_cl_e,co-consumed,0.000820419769612432
11795,1080,895,EX_cobalt2_e,co-consumed,1.5762147350859998e-05
11796,1080,895,EX_cu2_e,co-consumed,0.00011175362471762
11797,1080,895,EX_fe2_e,received,0.002292361233621388
11798,1080,895,EX_fe3_e,co-consumed,0.25543215656573787
11799,1080,895,EX_fe3pyovd_kt_e,provided,0.08162460823004711
11800,1080,895,EX_gal_e,co-consumed,0.12811500274592835
11801,1080,895,EX_gly_asn__L_e,co-consumed,0.03799544068859324
11802,1080,895,EX_glygln_e,co-consumed,0.47329807696510173
11803,1080,895,EX_h2s_e,co-consumed,0.03881892788041594
11804,1080,895,EX_h_e,received,3.99999994148562
11805,1080,895,EX_indole_e,co-consumed,0.008959674706269403
11806,1080,895,EX_istfrnA_e,provided,0.08562607366209062
11807,1080,895,EX_istfrnB_e,provided,0.0856007640283628
11808,1080,895,EX_k_e,co-consumed,0.03076660827857057
11809,1080,895,EX_mg2_e,co-consumed,0.001367366289552788
11810,1080,895,EX_mn2_e,co-consumed,0.00010891643819446402
11811,1080,895,EX_o2_e,co-consumed,3.9999999806049624
11812,1080,895,EX_pi_e,co-consumed,0.15194507879906127
11813,1080,895,EX_pyovd_kt_e,received,0.08162460805035757
11814,1080,895,EX_so4_e,co-consumed,0.0006837934442837
11815,1080,895,EX_stfrnA_e,received,0.08562607366209049
11816,1080,895,EX_stfrnB_e,received,0.08560076402816279
11817,1080,895,EX_zn2_e,co-consumed,5.374892246644001e-05
11818,1080,1174,EX_acald_e,co-consumed,1.3753633387686748e-06
11819,1080,1174,EX_arg__L_e,co-consumed,0.05605769184233719
11820,1080,1174,EX_ca2_e,co-consumed,0.000986437759824856
11821,1080,1174,EX_cl_e,co-consumed,0.00098643776142874
11822,1080,1174,EX_cobalt2_e,co-consumed,1.895173409846e-05
11823,1080,1174,EX_cu2_e,co-consumed,0.00013436779475808
11824,1080,1174,EX_etoh_e,provided,1.4944651258840753
11825,1080,1174,EX_fe2_e,co-consumed,0.002292361233621388
11826,1080,1174,EX_fe3_e,co-consumed,0.252709713225035
11827,1080,1174,EX_gly_asn__L_e,co-consumed,0.04568414125757652
11828,1080,1174,EX_glyc_e,provided,0.36072456643691775
11829,1080,1174,EX_glygln_e,co-consumed,0.32396667529562967
11830,1080,1174,EX_h2s_e,co-consumed,0.02916697578508537
11831,1080,1174,EX_h_e,co-consumed,3.99999994148562
11832,1080,1174,EX_ile__L_e,co-consumed,0.055060282718296175
11833,1080,1174,EX_k_e,co-consumed,0.0369924583388076
11834,1080,1174,EX_malt_e,co-consumed,0.0701186252482854
11835,1080,1174,EX_mg2_e,co-consumed,0.001644062933833644
11836,1080,1174,EX_mn2_e,co-consumed,0.00013095648262036002
11837,1080,1174,EX_nh4_e,provided,0.3070393874160899
11838,1080,1174,EX_o2_e,co-consumed,4.000000007375812
11839,1080,1174,EX_pheme_e,co-consumed,4.2253617028032e-05
11840,1080,1174,EX_pi_e,co-consumed,0.18053216455657164
11841,1080,1174,EX_pyovd_kt_e,co-consumed,0.08157835839235565
11842,1080,1174,EX_ser__L_e,co-consumed,0.10350235365771697
11843,1080,1174,EX_so4_e,co-consumed,0.000822122439672656
11844,1080,1174,EX_stfrnA_e,co-consumed,0.0855760688585592
11845,1080,1174,EX_stfrnB_e,co-consumed,0.08555523452901823
11846,1080,1174,EX_zn2_e,co-consumed,6.4625413275748e-05
11847,1080,638,EX_acald_e,received,3.9999998824042273
11848,1080,638,EX_arg__L_e,co-consumed,0.09774477676403731
11849,1080,638,EX_ca2_e,co-consumed,0.0017199988518446041
11850,1080,638,EX_cl_e,co-consumed,0.001719998833413928
11851,1080,638,EX_cobalt2_e,co-consumed,3.3045126410572e-05
11852,1080,638,EX_cu2_e,co-consumed,0.00023428994625097202
11853,1080,638,EX_cys__L_e,co-consumed,0.030262793695731618
11854,1080,638,EX_fe2_e,co-consumed,0.002292361233621388
11855,1080,638,EX_fe3_e,co-consumed,0.25543215656573787
11856,1080,638,EX_glygln_e,co-consumed,0.763394002282184
11857,1080,638,EX_h2s_e,received,0.05085931955435928
11858,1080,638,EX_h_e,co-consumed,3.9999999377074
11859,1080,638,EX_ile__L_e,co-consumed,0.09600566677600285
11860,1080,638,EX_k_e,co-consumed,0.0645017735945925
11861,1080,638,EX_malt_e,co-consumed,0.12643169613036048
11862,1080,638,EX_mg2_e,co-consumed,0.002866664713725084
11863,1080,638,EX_mn2_e,co-consumed,0.000228341823497068
11864,1080,638,EX_nh4_e,provided,0.5506591393670807
11865,1080,638,EX_o2_e,co-consumed,4.0000000003571925
11866,1080,638,EX_pi_e,co-consumed,0.317846700613507
11867,1080,638,EX_pyovd_kt_e,co-consumed,0.08162460805035757
11868,1080,638,EX_ser__L_e,co-consumed,0.1556379087786258
11869,1080,638,EX_so4_e,co-consumed,0.001433538678428896
11870,1080,638,EX_stfrnA_e,co-consumed,0.08562607366209049
11871,1080,638,EX_stfrnB_e,co-consumed,0.08560076402816279
11872,1080,638,EX_thm_e,co-consumed,7.3690323671168e-05
11873,1080,638,EX_tyr__L_e,co-consumed,0.04556790367744402
11874,1080,638,EX_zn2_e,co-consumed,0.00011268388106005601
11875,1080,1252,EX_acald_e,co-consumed,3.9999997904593902
11876,1080,1252,EX_arg__L_e,co-consumed,0.04958276460367674
11877,1080,1252,EX_asp__D_e,co-consumed,0.2977012157644438
11878,1080,1252,EX_ca2_e,co-consumed,0.000872499182630916
11879,1080,1252,EX_cl_e,co-consumed,0.0008724991859140641
11880,1080,1252,EX_cobalt2_e,co-consumed,1.6762632508992e-05
11881,1080,1252,EX_cu2_e,co-consumed,0.00011884763121716
11882,1080,1252,EX_fe3_e,co-consumed,0.10010262645074329
11883,1080,1252,EX_gal_e,co-consumed,0.12956592926336005
11884,1080,1252,EX_gly_asn__L_e,co-consumed,0.040407353390169966
11885,1080,1252,EX_glyc_e,provided,2.5718014938363035e-06
11886,1080,1252,EX_glygln_e,co-consumed,0.4764608738417795
11887,1080,1252,EX_h2s_e,co-consumed,0.025799261722311503
11888,1080,1252,EX_h_e,co-consumed,3.99999994148562
11889,1080,1252,EX_ile__L_e,co-consumed,0.04870053056460484
11890,1080,1252,EX_indole_e,co-consumed,0.009528431344488265
11891,1080,1252,EX_k_e,co-consumed,0.03271964129784373
11892,1080,1252,EX_mg2_e,co-consumed,0.001454165301560156
11893,1080,1252,EX_mn2_e,co-consumed,0.00011583034153456801
11894,1080,1252,EX_o2_e,co-consumed,4.000000006593655
11895,1080,1252,EX_pheme_e,co-consumed,3.7374474097828e-05
11896,1080,1252,EX_pi_e,co-consumed,0.16625355329077693
11897,1080,1252,EX_pyovd_kt_e,co-consumed,0.08162460805035757
11898,1080,1252,EX_so4_e,co-consumed,0.0007271911647131201
11899,1080,1252,EX_tyr__L_e,co-consumed,0.02315249065739494
11900,1080,1252,EX_zn2_e,co-consumed,5.7160849428843996e-05
11901,1234,1208,EX_acald_e,provided,0.031528264551958556
11902,1234,1208,EX_arg__L_e,co-consumed,0.010515392853133068
11903,1234,1208,EX_ca2_e,co-consumed,0.000185037459311756
11904,1234,1208,EX_cit_e,co-consumed,0.13104902428488074
11905,1234,1208,EX_cl_e,co-consumed,0.00018503746083356002
11906,1234,1208,EX_cobalt2_e,co-consumed,3.554994415211502e-06
11907,1234,1208,EX_cu2_e,co-consumed,2.5204910403848e-05
11908,1234,1208,EX_cys__L_e,co-consumed,0.0032636170591681004
11909,1234,1208,EX_fe2_e,co-consumed,0.00023873883590635602
11910,1234,1208,EX_fe3_e,co-consumed,0.1012688559048006
11911,1234,1208,EX_glyc_e,received,1.5041397989079013
11912,1234,1208,EX_glygln_e,co-consumed,0.05348671039292357
11913,1234,1208,EX_gthrd_e,co-consumed,1.16268181321189e-06
11914,1234,1208,EX_h2o_e,co-consumed,0.44188172090410993
11915,1234,1208,EX_h2s_e,co-consumed,0.00547056092920584
11916,1234,1208,EX_h_e,received,3.024212848729982
11917,1234,1208,EX_ile__L_e,co-consumed,0.011053439265323308
11918,1234,1208,EX_k_e,co-consumed,0.006939100248883789
11919,1234,1208,EX_lys__L_e,co-consumed,0.012199306937354772
11920,1234,1208,EX_malt_e,co-consumed,0.015817809174526198
11921,1234,1208,EX_mg2_e,co-consumed,0.000308395771808992
11922,1234,1208,EX_mn2_e,co-consumed,2.4565011409108002e-05
11923,1234,1208,EX_nh4_e,received,1.085392418635606
11924,1234,1208,EX_o2_e,co-consumed,3.9999999827833617
11925,1234,1208,EX_orn_e,received,0.13155441536141965
11926,1234,1208,EX_pi_e,co-consumed,0.04983466476348048
11927,1234,1208,EX_pyovd_kt_e,co-consumed,0.08157885504853672
11928,1234,1208,EX_so4_e,co-consumed,0.00015421954251966
11929,1234,1208,EX_tyr__L_e,co-consumed,0.004910088625336588
11930,1234,1208,EX_zn2_e,co-consumed,1.2122530955867999e-05
11931,1234,1334,EX_arg__L_e,co-consumed,0.038608070545978
11932,1234,1334,EX_bz_e,co-consumed,1.3059379269832e-05
11933,1234,1334,EX_ca2_e,co-consumed,0.0006793794336395401
11934,1234,1334,EX_cit_e,co-consumed,0.000679406253194092
11935,1234,1334,EX_cl_e,co-consumed,0.00067937942944234
11936,1234,1334,EX_cobalt2_e,co-consumed,1.305243863054e-05
11937,1234,1334,EX_cu2_e,co-consumed,9.254178989055201e-05
11938,1234,1334,EX_cys__L_e,co-consumed,0.01205676251673251
11939,1234,1334,EX_fe2_e,co-consumed,0.00087650510841338
11940,1234,1334,EX_fe3_e,co-consumed,0.1012688559048006
11941,1234,1334,EX_glu__L_e,provided,1.3939495782268335e-06
11942,1234,1334,EX_gly_asn__L_e,co-consumed,0.03146355398006519
11943,1234,1334,EX_glyc_e,received,1.5041397989079013
11944,1234,1334,EX_gthrd_e,co-consumed,1.4065100262110147e-06
11945,1234,1334,EX_h2o_e,co-consumed,0.657708615030396
11946,1234,1334,EX_h2s_e,co-consumed,0.020089283009825425
11947,1234,1334,EX_h_e,co-consumed,1.0810525813379293
11948,1234,1334,EX_ile__L_e,co-consumed,0.04058313148740553
11949,1234,1334,EX_k_e,co-consumed,0.025477446536117086
11950,1234,1334,EX_leu__L_e,provided,0.06021490463799532
11951,1234,1334,EX_lys__L_e,received,0.20422210779683186
11952,1234,1334,EX_malt_e,co-consumed,0.15360650768892167
11953,1234,1334,EX_mg2_e,co-consumed,0.0011322990512711
11954,1234,1334,EX_mn2_e,co-consumed,9.019235093705599e-05
11955,1234,1334,EX_nh4_e,received,2.477133969872802
11956,1234,1334,EX_o2_e,co-consumed,3.9999999947191163
11957,1234,1334,EX_orn_e,co-consumed,0.02841741718383033
11958,1234,1334,EX_pi_e,co-consumed,0.1832505419051775
11959,1234,1334,EX_pyovd_kt_e,co-consumed,0.08174269204197179
11960,1234,1334,EX_so4_e,co-consumed,0.000566218747882516
11961,1234,1334,EX_tyr__L_e,co-consumed,0.01802789882693641
11962,1234,1334,EX_zn2_e,co-consumed,4.4508815730152e-05
11963,1234,397,EX_arg__L_e,co-consumed,0.06920866969908211
11964,1234,397,EX_bz_e,co-consumed,2.3404863776383998e-05
11965,1234,397,EX_ca2_e,co-consumed,0.001217852818750344
11966,1234,397,EX_cit_e,co-consumed,0.13104902428488074
11967,1234,397,EX_cl_e,co-consumed,0.001217852822333104
11968,1234,397,EX_co_e,provided,9.345755130370001e-05
11969,1234,397,EX_cobalt2_e,co-consumed,2.339774867916e-05
11970,1234,397,EX_cu2_e,co-consumed,0.000165890038135252
11971,1234,397,EX_cys__L_e,co-consumed,0.05497672798246232
11972,1234,397,EX_fe2_e,co-consumed,0.0016230509548978839
11973,1234,397,EX_fe3_e,co-consumed,0.1012688559048006
11974,1234,397,EX_glyc_e,co-consumed,0.18638663939230632
11975,1234,397,EX_glygln_e,co-consumed,0.2435887689092726
11976,1234,397,EX_h2o_e,received,0.657708615030396
11977,1234,397,EX_h2s_e,received,0.07291709950822621
11978,1234,397,EX_h_e,co-consumed,3.999999947550514
11979,1234,397,EX_ile__L_e,co-consumed,0.06797735190551758
11980,1234,397,EX_indole_e,co-consumed,0.01329998742891936
11981,1234,397,EX_k_e,co-consumed,0.045670767579315284
11982,1234,397,EX_leu__L_e,provided,0.10541401146566946
11983,1234,397,EX_lys__L_e,co-consumed,0.0802919326984846
11984,1234,397,EX_malt_e,co-consumed,0.08970263165913173
11985,1234,397,EX_mg2_e,co-consumed,0.002029754698458512
11986,1234,397,EX_mn2_e,co-consumed,0.000161678443373004
11987,1234,397,EX_nh4_e,co-consumed,0.4893943352087682
11988,1234,397,EX_o2_e,co-consumed,4.0000000080151406
11989,1234,397,EX_orn_e,co-consumed,0.05172166304865404
11990,1234,397,EX_pheme_e,co-consumed,5.217097049218e-05
11991,1234,397,EX_pi_e,co-consumed,0.22556046007853384
11992,1234,397,EX_pyovd_kt_e,co-consumed,0.08168261366841971
11993,1234,397,EX_so4_e,co-consumed,0.001015003960146008
11994,1234,397,EX_tyr__L_e,co-consumed,0.03231674507244956
11995,1234,397,EX_zn2_e,co-consumed,7.9786322995936e-05
11996,1234,790,EX_acald_e,provided,1.9985361270235371
11997,1234,790,EX_arg__L_e,co-consumed,0.0643513465484833
11998,1234,790,EX_bz_e,co-consumed,2.1815775779456e-05
11999,1234,790,EX_ca2_e,co-consumed,0.0011323795243763201
12000,1234,790,EX_cl_e,co-consumed,0.001132379475451076
12001,1234,790,EX_co_e,provided,8.6963135624944e-05
12002,1234,790,EX_cobalt2_e,co-consumed,2.175560948702e-05
12003,1234,790,EX_cu2_e,co-consumed,0.000154264017236172
12004,1234,790,EX_etoh_e,provided,1.3486580099658077e-06
12005,1234,790,EX_fe2_e,co-consumed,0.001508712915426732
12006,1234,790,EX_fe3_e,co-consumed,0.1012688559048006
12007,1234,790,EX_glu__L_e,provided,1.3939495782268335e-06
12008,1234,790,EX_glyc_e,co-consumed,5.115498198920001e-06
12009,1234,790,EX_glygln_e,co-consumed,0.29324987953109855
12010,1234,790,EX_h2o_e,received,2.033944102906e-05
12011,1234,790,EX_h2s_e,co-consumed,0.05358084316260509
12012,1234,790,EX_h_e,co-consumed,3.9999999510067523
12013,1234,790,EX_ile__L_e,co-consumed,0.0632063717651916
12014,1234,790,EX_indole_e,co-consumed,0.012366520040754805
12015,1234,790,EX_k_e,co-consumed,0.042465426826002066
12016,1234,790,EX_leu__L_e,provided,0.0980154113658712
12017,1234,790,EX_lys__L_e,co-consumed,0.07465664481291695
12018,1234,790,EX_malt_e,co-consumed,0.07662155144452865
12019,1234,790,EX_mg2_e,co-consumed,0.0018872991181296081
12020,1234,790,EX_mn2_e,co-consumed,0.000150331261555316
12021,1234,790,EX_nh4_e,received,2.477133969872802
12022,1234,790,EX_o2_e,co-consumed,4.000000008075555
12023,1234,790,EX_orn_e,co-consumed,0.04809132745711527
12024,1234,790,EX_pheme_e,co-consumed,4.851410567494e-05
12025,1234,790,EX_pi_e,co-consumed,0.20959968283663044
12026,1234,790,EX_pyovd_kt_e,co-consumed,0.08168969220271365
12027,1234,790,EX_so4_e,co-consumed,0.000943764545232616
12028,1234,790,EX_tyr__L_e,received,0.08219750044284924
12029,1234,790,EX_zn2_e,co-consumed,7.418662835074e-05
12030,1234,947,EX_arg__L_e,co-consumed,0.07014177111137566
12031,1234,947,EX_ca2_e,co-consumed,0.00123427219400334
12032,1234,947,EX_cit_e,co-consumed,0.001234267179719784
12033,1234,947,EX_cl_e,co-consumed,0.0012342722029121001
12034,1234,947,EX_co_e,provided,0.000168305542711704
12035,1234,947,EX_cobalt2_e,co-consumed,2.3713174407356e-05
12036,1234,947,EX_cu2_e,co-consumed,0.000168126606253288
12037,1234,947,EX_etoh_e,provided,6.33149306074e-06
12038,1234,947,EX_fe2_e,co-consumed,0.0016975131417780078
12039,1234,947,EX_fe3_e,co-consumed,0.1012688559048006
12040,1234,947,EX_gly_asn__L_e,co-consumed,0.05716190124390364
12041,1234,947,EX_glyc_e,co-consumed,1.5041397989079013
12042,1234,947,EX_glygln_e,co-consumed,0.39876471997726015
12043,1234,947,EX_h2o_e,received,0.657708615030396
12044,1234,947,EX_h2s_e,co-consumed,0.036494787671598944
12045,1234,947,EX_h_e,co-consumed,4.000000000366147
12046,1234,947,EX_indole_e,co-consumed,0.013479294341799253
12047,1234,947,EX_k_e,co-consumed,0.04628651150126695
12048,1234,947,EX_lys__L_e,co-consumed,0.08137446490217075
12049,1234,947,EX_mg2_e,co-consumed,0.0020571203234276882
12050,1234,947,EX_mn2_e,co-consumed,0.000163858229789876
12051,1234,947,EX_nh4_e,co-consumed,0.8581781074640575
12052,1234,947,EX_o2_e,co-consumed,4.0000000079260385
12053,1234,947,EX_orn_e,received,0.13155441536141965
12054,1234,947,EX_pi_e,co-consumed,0.22859835619422186
12055,1234,947,EX_pyovd_kt_e,co-consumed,0.08172432925127425
12056,1234,947,EX_so4_e,co-consumed,0.00102869325506434
12057,1234,947,EX_zn2_e,co-consumed,8.0862020779088e-05
12058,1234,997,EX_acald_e,provided,0.6015655253815413
12059,1234,997,EX_arg__L_e,co-consumed,0.05929959856276623
12060,1234,997,EX_bz_e,co-consumed,2.0096298488695998e-05
12061,1234,997,EX_ca2_e,co-consumed,0.0010434847208092
12062,1234,997,EX_cl_e,co-consumed,0.00104348472257708
12063,1234,997,EX_cobalt2_e,co-consumed,2.0047737191336e-05
12064,1234,997,EX_cu2_e,co-consumed,0.000142138456686592
12065,1234,997,EX_etoh_e,provided,1.5971720553081045e-06
12066,1234,997,EX_fe2_e,co-consumed,0.001390731870040848
12067,1234,997,EX_fe3_e,co-consumed,0.09940322317984002
12068,1234,997,EX_gly_asn__L_e,co-consumed,0.04832607565121119
12069,1234,997,EX_glyc_e,co-consumed,0.027880222580512305
12070,1234,997,EX_glygln_e,co-consumed,0.17273684583107904
12071,1234,997,EX_gthrd_e,co-consumed,1.4065100262110147e-06
12072,1234,997,EX_h2o_e,received,0.657708615030396
12073,1234,997,EX_h2s_e,co-consumed,0.04932917039706491
12074,1234,997,EX_h_e,co-consumed,3.999999955173125
12075,1234,997,EX_ile__L_e,co-consumed,0.05824451862096163
12076,1234,997,EX_indole_e,co-consumed,0.011395739851250869
12077,1234,997,EX_k_e,co-consumed,0.03913177965589056
12078,1234,997,EX_leu__L_e,provided,0.09032106403279362
12079,1234,997,EX_lys__L_e,co-consumed,0.0687959983179711
12080,1234,997,EX_mg2_e,co-consumed,0.001739141201779196
12081,1234,997,EX_mn2_e,co-consumed,0.000138529863992152
12082,1234,997,EX_nh4_e,received,1.0906162008932012
12083,1234,997,EX_o2_e,co-consumed,4.000000008075873
12084,1234,997,EX_orn_e,co-consumed,0.04431628766154045
12085,1234,997,EX_pheme_e,co-consumed,4.4700229887944004e-05
12086,1234,997,EX_pyovd_kt_e,co-consumed,0.0966212167263657
12087,1234,997,EX_so4_e,co-consumed,0.000869810833913784
12088,1234,997,EX_tyr__L_e,co-consumed,0.02764506582847024
12089,1234,997,EX_zn2_e,co-consumed,6.8362783822464e-05
12090,1234,1114,EX_arg__L_e,co-consumed,0.0046357303882063276
12091,1234,1114,EX_bz_e,co-consumed,1.5686153384505792e-06
12092,1234,1114,EX_ca2_e,co-consumed,8.157368052924399e-05
12093,1234,1114,EX_cl_e,co-consumed,8.1573673573936e-05
12094,1234,1114,EX_cobalt2_e,co-consumed,1.5672176856355215e-06
12095,1234,1114,EX_cu2_e,co-consumed,1.0660673623368001e-05
12096,1234,1114,EX_fe2_e,co-consumed,0.000105202132142988
12097,1234,1114,EX_fe3_e,co-consumed,0.1012688559048006
12098,1234,1114,EX_gly_asn__L_e,co-consumed,0.003777855372185156
12099,1234,1114,EX_glyc_e,co-consumed,1.5041397989079013
12100,1234,1114,EX_glygln_e,co-consumed,0.042553588203818285
12101,1234,1114,EX_h2o_e,received,0.657708615030396
12102,1234,1114,EX_h2s_e,co-consumed,0.0038483196513773637
12103,1234,1114,EX_h_e,received,0.00112623464957868
12104,1234,1114,EX_ile__L_e,co-consumed,0.004872935060638228
12105,1234,1114,EX_k_e,co-consumed,0.003059099217122536
12106,1234,1114,EX_leu__L_e,provided,0.007230005544080364
12107,1234,1114,EX_lys__L_e,co-consumed,0.005534792074785936
12108,1234,1114,EX_malt_e,co-consumed,1.0293745998050619
12109,1234,1114,EX_mg2_e,co-consumed,0.000135956138154524
12110,1234,1114,EX_mn2_e,co-consumed,1.082947420774e-05
12111,1234,1114,EX_nh4_e,received,0.04547024196706147
12112,1234,1114,EX_o2_e,co-consumed,3.8457435539662432
12113,1234,1114,EX_orn_e,co-consumed,0.003464318233193924
12114,1234,1114,EX_pyovd_kt_e,co-consumed,0.08153202518695611
12115,1234,1114,EX_so4_e,co-consumed,6.7900542683388e-05
12116,1234,1114,EX_tyr__L_e,co-consumed,0.002161134730962664
12117,1234,1114,EX_zn2_e,co-consumed,5.344212308016e-06
12118,1234,1362,EX_arg__L_e,co-consumed,0.1760320041144797
12119,1234,1362,EX_bz_e,received,5.9554728679556e-05
12120,1234,1362,EX_ca2_e,co-consumed,0.002672666964173696
12121,1234,1362,EX_cl_e,co-consumed,0.002672666965925268
12122,1234,1362,EX_cobalt2_e,co-consumed,5.1348068475956e-05
12123,1234,1362,EX_cu2_e,co-consumed,0.000364057805494552
12124,1234,1362,EX_fe2_e,co-consumed,0.003562307845017832
12125,1234,1362,EX_fe3_e,co-consumed,0.10109349937422764
12126,1234,1362,EX_for_e,provided,0.00119456060769882
12127,1234,1362,EX_gly_asn__L_e,co-consumed,0.12377709332883127
12128,1234,1362,EX_glyc_e,co-consumed,1.5041397989079013
12129,1234,1362,EX_gthrd_e,co-consumed,1.4065100262110147e-06
12130,1234,1362,EX_h2o_e,received,0.657708615030396
12131,1234,1362,EX_h2s_e,received,0.09158317848303064
12132,1234,1362,EX_h_e,co-consumed,3.999999965538384
12133,1234,1362,EX_indole_e,received,0.033828456120678356
12134,1234,1362,EX_k_e,co-consumed,0.10022783530027976
12135,1234,1362,EX_leu__L_e,provided,0.2313388294349377
12136,1234,1362,EX_mg2_e,co-consumed,0.004454444942670708
12137,1234,1362,EX_mn2_e,co-consumed,0.00035481515316888
12138,1234,1362,EX_nh4_e,co-consumed,0.01835854082437485
12139,1234,1362,EX_o2_e,co-consumed,4.0000000073171
12140,1234,1362,EX_pheme_e,co-consumed,0.000114494971848828
12141,1234,1362,EX_pi_e,co-consumed,0.5710582709526603
12142,1234,1362,EX_pyovd_kt_e,co-consumed,0.0966212167263657
12143,1234,1362,EX_so4_e,co-consumed,0.00222749037921232
12144,1234,1362,EX_zn2_e,co-consumed,0.00017509691350302
12145,1234,428,EX_acald_e,provided,1.9985361270235371
12146,1234,428,EX_arg__L_e,co-consumed,0.08270622101590855
12147,1234,428,EX_bz_e,co-consumed,2.7960846569208e-05
12148,1234,428,EX_ca2_e,co-consumed,0.001455367113996248
12149,1234,428,EX_cl_e,co-consumed,0.001455367112419864
12150,1234,428,EX_cobalt2_e,co-consumed,2.7960943592624002e-05
12151,1234,428,EX_cu2_e,co-consumed,0.000198243090071724
12152,1234,428,EX_etoh_e,provided,6.33149306074e-06
12153,1234,428,EX_fe2_e,co-consumed,0.001938810426974312
12154,1234,428,EX_fe3_e,co-consumed,0.1012688559048006
12155,1234,428,EX_gly_asn__L_e,co-consumed,0.06740129790001674
12156,1234,428,EX_glyc_e,co-consumed,1.5041397989079013
12157,1234,428,EX_glygln_e,co-consumed,0.4007078806932791
12158,1234,428,EX_gthrd_e,co-consumed,1.4065100262110147e-06
12159,1234,428,EX_h2o_e,received,0.657708615030396
12160,1234,428,EX_h2s_e,co-consumed,0.04303388535733
12161,1234,428,EX_h_e,co-consumed,3.999999975345196
12162,1234,428,EX_ile__L_e,co-consumed,0.08123464914254601
12163,1234,428,EX_indole_e,co-consumed,0.015893834215524313
12164,1234,428,EX_k_e,co-consumed,0.05457780462675701
12165,1234,428,EX_lys__L_e,co-consumed,0.09595082637275765
12166,1234,428,EX_malt_e,co-consumed,0.10750490007631758
12167,1234,428,EX_mg2_e,co-consumed,0.002425611846484028
12168,1234,428,EX_mn2_e,co-consumed,0.000193210120225052
12169,1234,428,EX_nh4_e,co-consumed,0.5711387962245577
12170,1234,428,EX_o2_e,co-consumed,4.000000008075317
12171,1234,428,EX_pheme_e,co-consumed,6.234547232358e-05
12172,1234,428,EX_pi_e,co-consumed,0.2695095713140418
12173,1234,428,EX_pyovd_kt_e,co-consumed,0.08186765301658698
12174,1234,428,EX_so4_e,co-consumed,0.00121296412708714
12175,1234,428,EX_tyr__L_e,co-consumed,0.038619371405905024
12176,1234,428,EX_zn2_e,co-consumed,9.5346817650856e-05
12177,1234,796,EX_acald_e,provided,0.002836909054187548
12178,1234,796,EX_arg__L_e,co-consumed,0.06294170452915404
12179,1234,796,EX_ca2_e,co-consumed,0.001107574281398108
12180,1234,796,EX_cl_e,co-consumed,0.0011075742753872161
12181,1234,796,EX_co_e,provided,8.5100383024136e-05
12182,1234,796,EX_cobalt2_e,co-consumed,2.1279044663959997e-05
12183,1234,796,EX_cu2_e,co-consumed,0.000150868424905576
12184,1234,796,EX_cys__L_e,co-consumed,0.05497672798246232
12185,1234,796,EX_etoh_e,provided,6.33149306074e-06
12186,1234,796,EX_fe2_e,co-consumed,0.0014762008737501159
12187,1234,796,EX_fe3_e,co-consumed,0.1012688559048006
12188,1234,796,EX_gly_asn__L_e,co-consumed,0.051294202073340886
12189,1234,796,EX_glyc_e,co-consumed,1.5041397989079013
12190,1234,796,EX_glygln_e,co-consumed,0.4328202733705334
12191,1234,796,EX_h2o_e,received,0.657708615030396
12192,1234,796,EX_h2s_e,received,0.09158317848303064
12193,1234,796,EX_h_e,co-consumed,3.9999999187499555
12194,1234,796,EX_ile__L_e,co-consumed,0.06182178988472924
12195,1234,796,EX_indole_e,co-consumed,0.012095646042858097
12196,1234,796,EX_k_e,co-consumed,0.041535205650924285
12197,1234,796,EX_lys__L_e,co-consumed,0.07302137681343995
12198,1234,796,EX_meoh_e,received,0.00034291035526867996
12199,1234,796,EX_mg2_e,co-consumed,0.001845957120454128
12200,1234,796,EX_mn2_e,co-consumed,0.000147038197718252
12201,1234,796,EX_nh4_e,co-consumed,5.81020049542e-06
12202,1234,796,EX_o2_e,co-consumed,4.000000007062814
12203,1234,796,EX_orn_e,co-consumed,0.047038335753491874
12204,1234,796,EX_pheme_e,co-consumed,4.7443022883936004e-05
12205,1234,796,EX_pi_e,co-consumed,0.20513428815441953
12206,1234,796,EX_pyovd_kt_e,co-consumed,0.08161142134172414
12207,1234,796,EX_so4_e,co-consumed,0.00259253924081542
12208,1234,796,EX_zn2_e,co-consumed,7.256154230407201e-05
12209,1234,1350,EX_acald_e,provided,1.917460305183066
12210,1234,1350,EX_arg__L_e,co-consumed,0.04480527367546154
12211,1234,1350,EX_ca2_e,co-consumed,0.000388408448178276
12212,1234,1350,EX_cit_e,co-consumed,0.00038843042398383203
12213,1234,1350,EX_cl_e,co-consumed,0.000388413463840176
12214,1234,1350,EX_cobalt2_e,co-consumed,7.46231436586e-06
12215,1234,1350,EX_cu2_e,co-consumed,5.290780885396e-05
12216,1234,1350,EX_fe3_e,co-consumed,0.1012688559048006
12217,1234,1350,EX_gly_asn__L_e,co-consumed,0.01798827822953449
12218,1234,1350,EX_glyc_e,received,1.5041397989079013
12219,1234,1350,EX_glygln_e,co-consumed,0.1284790199539067
12220,1234,1350,EX_h2s_e,co-consumed,0.018360240954817714
12221,1234,1350,EX_h_e,co-consumed,0.17888914915507573
12222,1234,1350,EX_ile__L_e,co-consumed,0.016327387249486534
12223,1234,1350,EX_k_e,co-consumed,0.01456591528015751
12224,1234,1350,EX_lys__L_e,co-consumed,0.02635395491518484
12225,1234,1350,EX_malt_e,co-consumed,0.024316272548759867
12226,1234,1350,EX_mg2_e,co-consumed,0.000647355765087112
12227,1234,1350,EX_mn2_e,co-consumed,5.1564593668596e-05
12228,1234,1350,EX_nh4_e,received,0.10453527812462682
12229,1234,1350,EX_o2_e,co-consumed,4.000000001268809
12230,1234,1350,EX_orn_e,received,0.006236717596360448
12231,1234,1350,EX_pi_e,co-consumed,0.11485945952391907
12232,1234,1350,EX_pyovd_kt_e,co-consumed,0.08164225635842604
12233,1234,1350,EX_so4_e,co-consumed,0.000323716092813068
12234,1234,1350,EX_tyr__L_e,co-consumed,0.010290447363563479
12235,1234,1350,EX_zn2_e,co-consumed,2.5446491987588002e-05
12236,1234,262,EX_acald_e,provided,1.9985361270235371
12237,1234,262,EX_arg__L_e,co-consumed,0.13939505062621846
12238,1234,262,EX_bz_e,co-consumed,4.7064646417284e-05
12239,1234,262,EX_ca2_e,co-consumed,0.0024529104295559277
12240,1234,262,EX_cgly_e,provided,1.3905833167600032e-06
12241,1234,262,EX_cl_e,co-consumed,0.00245291043100516
12242,1234,262,EX_cobalt2_e,co-consumed,4.7126040831452005e-05
12243,1234,262,EX_cu2_e,co-consumed,0.000334123629495
12244,1234,262,EX_fe2_e,co-consumed,0.004128071044394212
12245,1234,262,EX_fe3_e,co-consumed,0.09825562569376221
12246,1234,262,EX_glu__L_e,provided,1.3939495782268335e-06
12247,1234,262,EX_gly_asn__L_e,co-consumed,0.1135996777948417
12248,1234,262,EX_glyc_e,received,0.03544539127576483
12249,1234,262,EX_gthrd_e,received,1.4065100262110147e-06
12250,1234,262,EX_h2o_e,co-consumed,0.657708615030396
12251,1234,262,EX_h2s_e,co-consumed,0.09158317848303064
12252,1234,262,EX_h_e,co-consumed,3.9999999358706617
12253,1234,262,EX_ile__L_e,co-consumed,0.136914781424848
12254,1234,262,EX_indole_e,co-consumed,0.026787848841981675
12255,1234,262,EX_k_e,co-consumed,0.0919867328801378
12256,1234,262,EX_lys__L_e,co-consumed,0.1617181671147805
12257,1234,262,EX_mg2_e,co-consumed,0.004088184035296432
12258,1234,262,EX_mn2_e,co-consumed,0.000325640942145336
12259,1234,262,EX_nh4_e,co-consumed,1.4546589208535525
12260,1234,262,EX_o2_e,co-consumed,4.000000005716123
12261,1234,262,EX_orn_e,received,0.13155441536141965
12262,1234,262,EX_pi_e,co-consumed,0.4543136955359811
12263,1234,262,EX_pyovd_kt_e,co-consumed,0.0966212167263657
12264,1234,262,EX_so4_e,co-consumed,0.00204435203036386
12265,1234,262,EX_tyr__L_e,co-consumed,0.06509001758092595
12266,1234,262,EX_zn2_e,co-consumed,0.00016069979923529602
12267,1234,978,EX_acald_e,provided,1.9985361270235371
12268,1234,978,EX_arg__L_e,co-consumed,0.03493271998263871
12269,1234,978,EX_bz_e,co-consumed,1.178109358972e-05
12270,1234,978,EX_ca2_e,co-consumed,0.000614705407725804
12271,1234,978,EX_cgly_e,provided,1.3905833167600032e-06
12272,1234,978,EX_cl_e,co-consumed,0.000614705397849888
12273,1234,978,EX_cobalt2_e,co-consumed,1.1809901884912e-05
12274,1234,978,EX_cu2_e,co-consumed,8.373220436403201e-05
12275,1234,978,EX_fe2_e,co-consumed,0.0007928112618444481
12276,1234,978,EX_fe3_e,co-consumed,0.1012688559048006
12277,1234,978,EX_glu__L_e,provided,1.3939495782268335e-06
12278,1234,978,EX_glyc_e,co-consumed,0.24764740041469416
12279,1234,978,EX_glygln_e,co-consumed,0.16531970933720153
12280,1234,978,EX_gthrd_e,received,1.4065100262110147e-06
12281,1234,978,EX_h2o_e,co-consumed,0.657708615030396
12282,1234,978,EX_h2s_e,co-consumed,0.029059921706837077
12283,1234,978,EX_h_e,co-consumed,3.999999719834292
12284,1234,978,EX_ile__L_e,co-consumed,0.03672040273140531
12285,1234,978,EX_k_e,co-consumed,0.02305210178621846
12286,1234,978,EX_lys__L_e,co-consumed,0.04170792875179372
12287,1234,978,EX_meoh_e,co-consumed,6.7869655286704e-05
12288,1234,978,EX_mg2_e,co-consumed,0.00102450898582638
12289,1234,978,EX_mn2_e,co-consumed,8.1606422024748e-05
12290,1234,978,EX_nh4_e,co-consumed,0.15221570128204553
12291,1234,978,EX_o2_e,co-consumed,3.999999987126816
12292,1234,978,EX_orn_e,co-consumed,0.02610624975975622
12293,1234,978,EX_pi_e,co-consumed,0.16582010592256907
12294,1234,978,EX_pyovd_kt_e,co-consumed,0.08177217094967777
12295,1234,978,EX_so4_e,co-consumed,0.000512315308719196
12296,1234,978,EX_zn2_e,co-consumed,4.0266750851668e-05
12297,1234,1338,EX_arg__L_e,co-consumed,0.14504670550558305
12298,1234,1338,EX_bz_e,co-consumed,4.9036722629772e-05
12299,1234,1338,EX_ca2_e,co-consumed,0.0025523615473371443
12300,1234,1338,EX_cl_e,co-consumed,0.00255236153706398
12301,1234,1338,EX_co_e,provided,0.000196124531918444
12302,1234,1338,EX_cobalt2_e,co-consumed,4.9036725213007996e-05
12303,1234,1338,EX_cu2_e,co-consumed,0.000347670381760236
12304,1234,1338,EX_fe2_e,co-consumed,0.003402087946900608
12305,1234,1338,EX_fe3_e,co-consumed,0.10098779478597139
12306,1234,1338,EX_gly_asn__L_e,co-consumed,0.11820552310118831
12307,1234,1338,EX_glyc_e,co-consumed,1.5041397989079013
12308,1234,1338,EX_gthrd_e,co-consumed,1.4065100262110147e-06
12309,1234,1338,EX_h2o_e,received,0.657708615030396
12310,1234,1338,EX_h2s_e,co-consumed,0.09158317848303064
12311,1234,1338,EX_h_e,co-consumed,3.99999984176356
12312,1234,1338,EX_ile__L_e,co-consumed,0.17289987362394954
12313,1234,1338,EX_indole_e,co-consumed,0.02787394686242238
12314,1234,1338,EX_k_e,co-consumed,0.09571625504503004
12315,1234,1338,EX_lys__L_e,co-consumed,0.1682748944796095
12316,1234,1338,EX_mg2_e,co-consumed,0.0042539359103182526
12317,1234,1338,EX_mn2_e,co-consumed,0.000338843771649004
12318,1234,1338,EX_nh4_e,received,2.477133969872802
12319,1234,1338,EX_o2_e,co-consumed,4.0000000081240135
12320,1234,1338,EX_orn_e,co-consumed,0.10839807062895389
12321,1234,1338,EX_pheme_e,co-consumed,0.000109338281060112
12322,1234,1338,EX_pi_e,co-consumed,0.4733005374489946
12323,1234,1338,EX_pyovd_kt_e,co-consumed,0.0966212167263657
12324,1234,1338,EX_so4_e,co-consumed,0.002127211543286632
12325,1234,1338,EX_tyr__L_e,co-consumed,0.06772902993430932
12326,1234,1338,EX_zn2_e,co-consumed,0.0001672152329765
12327,1234,1357,EX_acald_e,provided,1.35859842204089
12328,1234,1357,EX_arg__L_e,co-consumed,0.07409311905358083
12329,1234,1357,EX_bz_e,co-consumed,2.5053005366268003e-05
12330,1234,1357,EX_ca2_e,co-consumed,0.001303803745359452
12331,1234,1357,EX_cl_e,co-consumed,0.0013038037393576522
12332,1234,1357,EX_cobalt2_e,co-consumed,2.504906331142e-05
12333,1234,1357,EX_cu2_e,co-consumed,0.000177615054287412
12334,1234,1357,EX_etoh_e,provided,1.2935053489466327e-06
12335,1234,1357,EX_fe2_e,co-consumed,0.001736825051244268
12336,1234,1357,EX_fe3_e,co-consumed,0.09943419479300797
12337,1234,1357,EX_for_e,provided,0.00119456060769882
12338,1234,1357,EX_glyc_e,co-consumed,0.2992554826238624
12339,1234,1357,EX_glygln_e,co-consumed,0.17397824572201334
12340,1234,1357,EX_h2o_e,received,0.657708615030396
12341,1234,1357,EX_h2s_e,co-consumed,0.061693457951051085
12342,1234,1357,EX_h_e,co-consumed,3.999999973844059
12343,1234,1357,EX_ile__L_e,co-consumed,0.07277490655242234
12344,1234,1357,EX_indole_e,co-consumed,0.014238646584827628
12345,1234,1357,EX_k_e,co-consumed,0.04889401814946166
12346,1234,1357,EX_leu__L_e,provided,0.11285374553745517
12347,1234,1357,EX_lys__L_e,co-consumed,0.08595861066855712
12348,1234,1357,EX_mg2_e,co-consumed,0.0021730062497658
12349,1234,1357,EX_mn2_e,co-consumed,0.000173089025632868
12350,1234,1357,EX_nh4_e,received,2.477133969872802
12351,1234,1357,EX_o2_e,co-consumed,4.000000008118272
12352,1234,1357,EX_orn_e,co-consumed,0.05537209138249047
12353,1234,1357,EX_pheme_e,co-consumed,5.5853056938744005e-05
12354,1234,1357,EX_pi_e,co-consumed,0.24148695362315242
12355,1234,1357,EX_pyovd_kt_e,co-consumed,0.0966212167263657
12356,1234,1357,EX_so4_e,co-consumed,0.001086645104511944
12357,1234,1357,EX_tyr__L_e,co-consumed,0.0345975202625863
12358,1234,1357,EX_zn2_e,co-consumed,8.5417305891944e-05
12359,1234,2751,EX_cys__L_e,received,0.05497672798246232
12360,1234,2751,EX_fe3_e,co-consumed,0.1012688559048006
12361,1234,2751,EX_glyc_e,co-consumed,1.5041397989079013
12362,1234,2751,EX_gthrd_e,co-consumed,1.4065100262110147e-06
12363,1234,2751,EX_h2o_e,received,0.657708615030396
12364,1234,2751,EX_h2s_e,co-consumed,0.09158317848303064
12365,1234,2751,EX_h_e,received,4.000000000366147
12366,1234,2751,EX_malt_e,co-consumed,0.4857752656748497
12367,1234,2751,EX_nh4_e,co-consumed,0.7901715688895377
12368,1234,2751,EX_o2_e,co-consumed,3.999999925117265
12369,1234,2751,EX_pyovd_kt_e,co-consumed,0.08140781945174283
12370,1234,709,EX_acald_e,provided,1.9985361270235371
12371,1234,709,EX_arg__L_e,received,0.1760320041144797
12372,1234,709,EX_co2_e,provided,3.9999992468984384
12373,1234,709,EX_fe2_e,co-consumed,0.001004880035867944
12374,1234,709,EX_fe3_e,co-consumed,0.1012688559048006
12375,1234,709,EX_glyc_e,received,1.5041397989079013
12376,1234,709,EX_h2o_e,received,0.657708615030396
12377,1234,709,EX_h2s_e,co-consumed,0.036008770359333114
12378,1234,709,EX_h_e,co-consumed,3.9999997443327784
12379,1234,709,EX_nh4_e,co-consumed,1.2529140989344e-05
12380,1234,709,EX_o2_e,co-consumed,3.9999999885236144
12381,1234,709,EX_orn_e,co-consumed,0.13155441536141965
12382,1234,709,EX_pheme_e,received,0.000132704996924184
12383,1234,709,EX_pi_e,received,1.2724910709637248e-06
12384,1234,709,EX_pyovd_kt_e,co-consumed,0.08162271012892948
12385,1234,1080,EX_acald_e,provided,1.9985361270235371
12386,1234,1080,EX_arg__L_e,co-consumed,0.09774477676403731
12387,1234,1080,EX_bz_e,co-consumed,3.299013178626e-05
12388,1234,1080,EX_ca2_e,co-consumed,0.0017199988518446041
12389,1234,1080,EX_cl_e,co-consumed,0.001719998833413928
12390,1234,1080,EX_cobalt2_e,co-consumed,3.3045126410572e-05
12391,1234,1080,EX_cu2_e,co-consumed,0.00023428994625097202
12392,1234,1080,EX_cys__L_e,co-consumed,0.030262793695731618
12393,1234,1080,EX_dha_e,provided,1.5489009675075565
12394,1234,1080,EX_fe2_e,co-consumed,0.002292361233621388
12395,1234,1080,EX_fe3_e,co-consumed,0.1012688559048006
12396,1234,1080,EX_gly_asn__L_e,co-consumed,0.07965697718288292
12397,1234,1080,EX_glyc_e,received,1.5041397989079013
12398,1234,1080,EX_glygln_e,co-consumed,0.763394002282184
12399,1234,1080,EX_h2o_e,received,0.657708615030396
12400,1234,1080,EX_h2s_e,co-consumed,0.05085931955435928
12401,1234,1080,EX_h_e,co-consumed,3.99999994148562
12402,1234,1080,EX_ile__L_e,co-consumed,0.09600566677600285
12403,1234,1080,EX_indole_e,co-consumed,0.0187838402181919
12404,1234,1080,EX_k_e,co-consumed,0.0645017735945925
12405,1234,1080,EX_leu__L_e,provided,0.14887851188005363
12406,1234,1080,EX_malt_e,co-consumed,0.12643169613036048
12407,1234,1080,EX_mg2_e,co-consumed,0.002866664713725084
12408,1234,1080,EX_mn2_e,co-consumed,0.000228341823497068
12409,1234,1080,EX_nh4_e,received,2.477133969872802
12410,1234,1080,EX_o2_e,co-consumed,4.0000000081989855
12411,1234,1080,EX_pheme_e,co-consumed,7.3692198747684e-05
12412,1234,1080,EX_pi_e,co-consumed,0.317846700613507
12413,1234,1080,EX_pyovd_kt_e,co-consumed,0.08162460805035757
12414,1234,1080,EX_so4_e,co-consumed,0.001433538678428896
12415,1234,1080,EX_tyr__L_e,co-consumed,0.04556790367744402
12416,1234,1080,EX_zn2_e,co-consumed,0.00011268388106005601
12417,1234,459,EX_arg__L_e,co-consumed,0.0752507675809346
12418,1234,459,EX_bz_e,co-consumed,2.5439122619448e-05
12419,1234,459,EX_ca2_e,co-consumed,0.001324174641914416
12420,1234,459,EX_cl_e,co-consumed,0.001324174648216012
12421,1234,459,EX_co_e,provided,1.7996924166142676e-06
12422,1234,459,EX_cobalt2_e,co-consumed,2.5440435039219997e-05
12423,1234,459,EX_cu2_e,co-consumed,0.000180390647390964
12424,1234,459,EX_etoh_e,provided,6.33149306074e-06
12425,1234,459,EX_fe2_e,co-consumed,0.001764986478475996
12426,1234,459,EX_fe3_e,co-consumed,0.09975758485025954
12427,1234,459,EX_gly_asn__L_e,co-consumed,0.06132544409948123
12428,1234,459,EX_glyc_e,co-consumed,0.5603564379780037
12429,1234,459,EX_glygln_e,co-consumed,0.40215818231236483
12430,1234,459,EX_h2o_e,received,0.657708615030396
12431,1234,459,EX_h2s_e,co-consumed,0.06265178161169169
12432,1234,459,EX_h_e,co-consumed,4.000000000366147
12433,1234,459,EX_ile__L_e,co-consumed,0.07391186520346255
12434,1234,459,EX_indole_e,co-consumed,0.014461106596512244
12435,1234,459,EX_k_e,co-consumed,0.049657948366106826
12436,1234,459,EX_lys__L_e,co-consumed,0.05673698394769787
12437,1234,459,EX_meoh_e,co-consumed,0.00014195040660346
12438,1234,459,EX_mg2_e,co-consumed,0.002206957731340756
12439,1234,459,EX_mn2_e,co-consumed,0.000175793406121016
12440,1234,459,EX_nh4_e,co-consumed,0.39438734493157057
12441,1234,459,EX_o2_e,co-consumed,4.0000000081989855
12442,1234,459,EX_orn_e,co-consumed,1.308345766382397e-06
12443,1234,459,EX_pheme_e,co-consumed,5.6724788608056e-05
12444,1234,459,EX_pi_e,co-consumed,0.24524313539055015
12445,1234,459,EX_pyovd_kt_e,co-consumed,0.0966212167263657
12446,1234,459,EX_so4_e,co-consumed,0.0011036054317014401
12447,1234,459,EX_tyr__L_e,co-consumed,0.035138067082458264
12448,1234,459,EX_zn2_e,co-consumed,8.675188348374e-05
12449,1234,939,EX_acald_e,provided,1.9985361270235371
12450,1234,939,EX_arg__L_e,co-consumed,0.09830545590351224
12451,1234,939,EX_bz_e,co-consumed,3.3232014882852e-05
12452,1234,939,EX_ca2_e,co-consumed,0.001729864292236908
12453,1234,939,EX_cit_e,co-consumed,0.13104902428488074
12454,1234,939,EX_cl_e,co-consumed,0.0017298642985617162
12455,1234,939,EX_co2_e,provided,3.9999931267347986
12456,1234,939,EX_cobalt2_e,co-consumed,3.3234664594716e-05
12457,1234,939,EX_cu2_e,co-consumed,0.000235650970620524
12458,1234,939,EX_cys__L_e,co-consumed,0.03062764767200241
12459,1234,939,EX_etoh_e,provided,6.33149306074e-06
12460,1234,939,EX_fe2_e,co-consumed,0.002304981749567044
12461,1234,939,EX_fe3_e,co-consumed,0.1012688559048006
12462,1234,939,EX_glu__L_e,provided,1.3939495782268335e-06
12463,1234,939,EX_gly_asn__L_e,co-consumed,0.08011383168303018
12464,1234,939,EX_glyc_e,received,0.024997015534810717
12465,1234,939,EX_glygln_e,co-consumed,0.8000269939960027
12466,1234,939,EX_h2o_e,received,0.657708615030396
12467,1234,939,EX_h2s_e,co-consumed,0.051150502675831995
12468,1234,939,EX_h_e,co-consumed,3.9999999748859985
12469,1234,939,EX_ile__L_e,co-consumed,0.09655632339616185
12470,1234,939,EX_indole_e,co-consumed,0.01889157864291596
12471,1234,939,EX_k_e,co-consumed,0.06487173886236564
12472,1234,939,EX_malt_e,co-consumed,0.22072956165251448
12473,1234,939,EX_mg2_e,co-consumed,0.002883107157740876
12474,1234,939,EX_mn2_e,co-consumed,0.000229651532349492
12475,1234,939,EX_nh4_e,received,2.477133969872802
12476,1234,939,EX_o2_e,co-consumed,4.0000000081989855
12477,1234,939,EX_pheme_e,co-consumed,7.4111704178228e-05
12478,1234,939,EX_pi_e,co-consumed,0.21639201496887295
12479,1234,939,EX_pyovd_kt_e,co-consumed,0.08179167806008131
12480,1234,939,EX_so4_e,co-consumed,0.0014417620006114402
12481,1234,939,EX_tyr__L_e,co-consumed,0.0458292680808313
12482,1234,939,EX_zn2_e,co-consumed,0.000113330206267984
12483,1234,1101,EX_acald_e,provided,1.7386622935093572
12484,1234,1101,EX_arg__L_e,co-consumed,0.0708719972398029
12485,1234,1101,EX_bz_e,co-consumed,2.3960537358676e-05
12486,1234,1101,EX_ca2_e,co-consumed,0.001247118090470048
12487,1234,1101,EX_cl_e,co-consumed,0.001247118089766604
12488,1234,1101,EX_cobalt2_e,co-consumed,2.3960001738136e-05
12489,1234,1101,EX_cu2_e,co-consumed,0.000169893680116944
12490,1234,1101,EX_cys__L_e,co-consumed,0.02246962345297405
12491,1234,1101,EX_etoh_e,provided,1.6528803451039475e-06
12492,1234,1101,EX_fe2_e,co-consumed,0.001662285257221172
12493,1234,1101,EX_fe3_e,co-consumed,0.09965199913962736
12494,1234,1101,EX_gly_asn__L_e,co-consumed,0.05775678414611285
12495,1234,1101,EX_glyc_e,co-consumed,0.8585038357276302
12496,1234,1101,EX_glygln_e,co-consumed,0.2959978128613629
12497,1234,1101,EX_h2o_e,received,0.657708615030396
12498,1234,1101,EX_h2s_e,co-consumed,0.03687654426009199
12499,1234,1101,EX_h_e,co-consumed,3.9999999758898386
12500,1234,1101,EX_ile__L_e,co-consumed,0.06961074539346983
12501,1234,1101,EX_indole_e,co-consumed,0.013619584923228826
12502,1234,1101,EX_k_e,co-consumed,0.04676824619272245
12503,1234,1101,EX_leu__L_e,provided,0.10794710426198569
12504,1234,1101,EX_lys__L_e,co-consumed,0.08222137421269764
12505,1234,1101,EX_meoh_e,co-consumed,0.000137776930946824
12506,1234,1101,EX_mg2_e,co-consumed,0.0020785301475042483
12507,1234,1101,EX_mn2_e,co-consumed,0.00016556361201052803
12508,1234,1101,EX_nh4_e,co-consumed,0.1584479661111053
12509,1234,1101,EX_o2_e,co-consumed,4.000000008149574
12510,1234,1101,EX_orn_e,co-consumed,0.05296448255771899
12511,1234,1101,EX_pheme_e,co-consumed,5.342306976853601e-05
12512,1234,1101,EX_pi_e,co-consumed,0.2309763883790603
12513,1234,1101,EX_pyovd_kt_e,co-consumed,0.0966212167263657
12514,1234,1101,EX_so4_e,co-consumed,0.0010394015906126839
12515,1234,1101,EX_tyr__L_e,co-consumed,0.033429170991171486
12516,1234,1101,EX_zn2_e,co-consumed,8.1703605927048e-05
12517,1234,895,EX_acald_e,provided,1.9985361270235371
12518,1234,895,EX_arg__L_e,co-consumed,0.04662316792854972
12519,1234,895,EX_ca2_e,co-consumed,0.000820419769612432
12520,1234,895,EX_cit_e,co-consumed,0.13104902428488074
12521,1234,895,EX_cl_e,co-consumed,0.000820419769612432
12522,1234,895,EX_cobalt2_e,co-consumed,1.5762147350859998e-05
12523,1234,895,EX_cu2_e,co-consumed,0.00011175362471762
12524,1234,895,EX_fe2_e,received,0.004128071044394212
12525,1234,895,EX_fe3_e,co-consumed,0.1012688559048006
12526,1234,895,EX_fe3pyovd_kt_e,provided,0.09662121724904432
12527,1234,895,EX_glu__L_e,provided,1.3939495782268335e-06
12528,1234,895,EX_gly_asn__L_e,co-consumed,0.03799544068859324
12529,1234,895,EX_glygln_e,co-consumed,0.47329807696510173
12530,1234,895,EX_h2o_e,received,0.657708615030396
12531,1234,895,EX_h2s_e,co-consumed,0.03881892788041594
12532,1234,895,EX_h_e,received,4.000000000366147
12533,1234,895,EX_indole_e,co-consumed,0.008959674706269403
12534,1234,895,EX_k_e,co-consumed,0.03076660827857057
12535,1234,895,EX_lys__L_e,co-consumed,0.05408952397600663
12536,1234,895,EX_mg2_e,co-consumed,0.001367366289552788
12537,1234,895,EX_mn2_e,co-consumed,0.00010891643819446402
12538,1234,895,EX_nh4_e,received,1.5984822268760945
12539,1234,895,EX_o2_e,co-consumed,3.9999999806049624
12540,1234,895,EX_orn_e,co-consumed,0.0348428136409918
12541,1234,895,EX_pi_e,co-consumed,0.15194507879906127
12542,1234,895,EX_pyovd_kt_e,received,0.0966212167263657
12543,1234,895,EX_so4_e,co-consumed,0.0006837934442837
12544,1234,895,EX_zn2_e,co-consumed,5.374892246644001e-05
12545,1234,1174,EX_acald_e,provided,1.3753633387686748e-06
12546,1234,1174,EX_arg__L_e,co-consumed,0.05605769184233719
12547,1234,1174,EX_ca2_e,co-consumed,0.000986437759824856
12548,1234,1174,EX_cl_e,co-consumed,0.00098643776142874
12549,1234,1174,EX_cobalt2_e,co-consumed,1.895173409846e-05
12550,1234,1174,EX_cu2_e,co-consumed,0.00013436779475808
12551,1234,1174,EX_etoh_e,provided,6.33149306074e-06
12552,1234,1174,EX_fe2_e,co-consumed,0.0027943848852446363
12553,1234,1174,EX_fe3_e,co-consumed,0.1012688559048006
12554,1234,1174,EX_gly_asn__L_e,co-consumed,0.04568414125757652
12555,1234,1174,EX_glyc_e,co-consumed,0.36072456643691775
12556,1234,1174,EX_glygln_e,co-consumed,0.32396667529562967
12557,1234,1174,EX_h2o_e,received,0.657708615030396
12558,1234,1174,EX_h2s_e,co-consumed,0.02916697578508537
12559,1234,1174,EX_h_e,co-consumed,4.000000000366147
12560,1234,1174,EX_ile__L_e,co-consumed,0.055060282718296175
12561,1234,1174,EX_k_e,co-consumed,0.0369924583388076
12562,1234,1174,EX_lys__L_e,co-consumed,0.06503486075269914
12563,1234,1174,EX_malt_e,co-consumed,0.0701186252482854
12564,1234,1174,EX_mg2_e,co-consumed,0.001644062933833644
12565,1234,1174,EX_mn2_e,co-consumed,0.00013095648262036002
12566,1234,1174,EX_nh4_e,co-consumed,0.3070393874160899
12567,1234,1174,EX_o2_e,co-consumed,4.000000007375812
12568,1234,1174,EX_orn_e,received,0.0560576623089545
12569,1234,1174,EX_pheme_e,co-consumed,4.2253617028032e-05
12570,1234,1174,EX_pi_e,co-consumed,0.18053216455657164
12571,1234,1174,EX_pyovd_kt_e,co-consumed,0.08157835839235565
12572,1234,1174,EX_so4_e,co-consumed,0.000822122439672656
12573,1234,1174,EX_zn2_e,co-consumed,6.4625413275748e-05
12574,1234,638,EX_arg__L_e,co-consumed,0.1760320041144797
12575,1234,638,EX_ca2_e,co-consumed,0.0022704574125995644
12576,1234,638,EX_cl_e,co-consumed,0.00227045742129362
12577,1234,638,EX_cobalt2_e,co-consumed,4.3620699700512e-05
12578,1234,638,EX_cu2_e,co-consumed,0.000309270760876628
12579,1234,638,EX_cys__L_e,co-consumed,0.04019944787330906
12580,1234,638,EX_fe2_e,co-consumed,0.002929125572479568
12581,1234,638,EX_fe3_e,co-consumed,0.1012688559048006
12582,1234,638,EX_glygln_e,co-consumed,0.7924241621974696
12583,1234,638,EX_h2o_e,received,0.657708615030396
12584,1234,638,EX_h2s_e,received,0.09158317848303064
12585,1234,638,EX_h_e,co-consumed,3.9999999377074
12586,1234,638,EX_ile__L_e,co-consumed,0.13562939800545407
12587,1234,638,EX_k_e,co-consumed,0.08514455236642081
12588,1234,638,EX_lys__L_e,co-consumed,0.154051264809716
12589,1234,638,EX_malt_e,co-consumed,3.9999999603655665
12590,1234,638,EX_mg2_e,co-consumed,0.0037840956883606605
12591,1234,638,EX_mn2_e,co-consumed,0.000301419034930536
12592,1234,638,EX_nh4_e,co-consumed,0.5506591393670807
12593,1234,638,EX_o2_e,co-consumed,4.0000000003571925
12594,1234,638,EX_orn_e,received,0.03645562108615275
12595,1234,638,EX_pi_e,co-consumed,0.5710582709526603
12596,1234,638,EX_pyovd_kt_e,co-consumed,0.08183482317024428
12597,1234,638,EX_so4_e,co-consumed,0.00259253924081542
12598,1234,638,EX_tyr__L_e,co-consumed,0.060151225681881935
12599,1234,638,EX_zn2_e,co-consumed,0.000148746585978744
12600,1234,1252,EX_acald_e,provided,1.9985361270235371
12601,1234,1252,EX_arg__L_e,co-consumed,0.04958276460367674
12602,1234,1252,EX_ca2_e,co-consumed,0.000872499182630916
12603,1234,1252,EX_cit_e,co-consumed,0.13104902428488074
12604,1234,1252,EX_cl_e,co-consumed,0.0008724991859140641
12605,1234,1252,EX_cobalt2_e,co-consumed,1.6762632508992e-05
12606,1234,1252,EX_cu2_e,co-consumed,0.00011884763121716
12607,1234,1252,EX_fe3_e,co-consumed,0.10010262645074329
12608,1234,1252,EX_glu__L_e,provided,1.3939495782268335e-06
12609,1234,1252,EX_gly_asn__L_e,co-consumed,0.040407353390169966
12610,1234,1252,EX_glyc_e,co-consumed,2.5718014938363035e-06
12611,1234,1252,EX_glygln_e,co-consumed,0.4764608738417795
12612,1234,1252,EX_gthrd_e,co-consumed,1.4065100262110147e-06
12613,1234,1252,EX_h2o_e,received,0.657708615030396
12614,1234,1252,EX_h2s_e,co-consumed,0.025799261722311503
12615,1234,1252,EX_h_e,co-consumed,3.999999977009301
12616,1234,1252,EX_ile__L_e,co-consumed,0.04870053056460484
12617,1234,1252,EX_indole_e,co-consumed,0.009528431344488265
12618,1234,1252,EX_k_e,co-consumed,0.03271964129784373
12619,1234,1252,EX_lys__L_e,co-consumed,0.05752308177107786
12620,1234,1252,EX_meoh_e,co-consumed,0.00023215479451063202
12621,1234,1252,EX_mg2_e,co-consumed,0.001454165301560156
12622,1234,1252,EX_mn2_e,co-consumed,0.00011583034153456801
12623,1234,1252,EX_nh4_e,received,1.6559531392377067
12624,1234,1252,EX_o2_e,co-consumed,4.000000006593655
12625,1234,1252,EX_orn_e,co-consumed,0.03705476110979352
12626,1234,1252,EX_pheme_e,co-consumed,3.7374474097828e-05
12627,1234,1252,EX_pi_e,co-consumed,0.16625355329077693
12628,1234,1252,EX_pyovd_kt_e,co-consumed,0.0966212167263657
12629,1234,1252,EX_so4_e,co-consumed,0.0007271911647131201
12630,1234,1252,EX_tyr__L_e,co-consumed,0.02315249065739494
12631,1234,1252,EX_zn2_e,co-consumed,5.7160849428843996e-05
12632,459,1208,EX_acald_e,provided,0.031528264551958556
12633,459,1208,EX_arg__L_e,co-consumed,0.010515392853133068
12634,459,1208,EX_ca2_e,co-consumed,0.000185037459311756
12635,459,1208,EX_cl_e,co-consumed,0.00018503746083356002
12636,459,1208,EX_cobalt2_e,co-consumed,3.554994415211502e-06
12637,459,1208,EX_cu2_e,co-consumed,2.5204910403848e-05
12638,459,1208,EX_fe2_e,co-consumed,0.00023873883590635602
12639,459,1208,EX_fe3_e,co-consumed,0.09975758485025954
12640,459,1208,EX_glyc_e,received,0.5603564379780037
12641,459,1208,EX_glygln_e,co-consumed,0.05348671039292357
12642,459,1208,EX_h2o_e,provided,0.44188172090410993
12643,459,1208,EX_h2s_e,co-consumed,0.00547056092920584
12644,459,1208,EX_h_e,received,3.024212848729982
12645,459,1208,EX_ile__L_e,co-consumed,0.011053439265323308
12646,459,1208,EX_k_e,co-consumed,0.006939100248883789
12647,459,1208,EX_lys__L_e,co-consumed,0.012199306937354772
12648,459,1208,EX_mg2_e,co-consumed,0.000308395771808992
12649,459,1208,EX_mn2_e,co-consumed,2.4565011409108002e-05
12650,459,1208,EX_nh4_e,received,0.39438734493157057
12651,459,1208,EX_o2_e,co-consumed,3.9999999827833617
12652,459,1208,EX_orn_e,received,1.308345766382397e-06
12653,459,1208,EX_pi_e,co-consumed,0.04983466476348048
12654,459,1208,EX_pyovd_kt_e,co-consumed,0.08157885504853672
12655,459,1208,EX_so4_e,co-consumed,0.00015421954251966
12656,459,1208,EX_tyr__L_e,co-consumed,0.004910088625336588
12657,459,1208,EX_zn2_e,co-consumed,1.2122530955867999e-05
12658,459,1334,EX_arg__L_e,co-consumed,0.038608070545978
12659,459,1334,EX_bz_e,co-consumed,1.3059379269832e-05
12660,459,1334,EX_ca2_e,co-consumed,0.0006793794336395401
12661,459,1334,EX_cl_e,co-consumed,0.00067937942944234
12662,459,1334,EX_co_e,received,1.7996924166142676e-06
12663,459,1334,EX_cobalt2_e,co-consumed,1.305243863054e-05
12664,459,1334,EX_cu2_e,co-consumed,9.254178989055201e-05
12665,459,1334,EX_fe2_e,co-consumed,0.00087650510841338
12666,459,1334,EX_fe3_e,co-consumed,0.09975758485025954
12667,459,1334,EX_gly_asn__L_e,co-consumed,0.03146355398006519
12668,459,1334,EX_glyc_e,received,0.5603564379780037
12669,459,1334,EX_h2o_e,provided,3.999999949116735
12670,459,1334,EX_h2s_e,co-consumed,0.020089283009825425
12671,459,1334,EX_h_e,co-consumed,1.0810525813379293
12672,459,1334,EX_ile__L_e,co-consumed,0.04058313148740553
12673,459,1334,EX_k_e,co-consumed,0.025477446536117086
12674,459,1334,EX_lac__L_e,co-consumed,0.6259845512466978
12675,459,1334,EX_lys__L_e,received,0.05673698394769787
12676,459,1334,EX_mg2_e,co-consumed,0.0011322990512711
12677,459,1334,EX_mn2_e,co-consumed,9.019235093705599e-05
12678,459,1334,EX_nh4_e,received,0.39438734493157057
12679,459,1334,EX_o2_e,co-consumed,3.9999999947191163
12680,459,1334,EX_orn_e,co-consumed,1.308345766382397e-06
12681,459,1334,EX_pi_e,co-consumed,0.1832505419051775
12682,459,1334,EX_pyovd_kt_e,co-consumed,0.08174269204197179
12683,459,1334,EX_so4_e,co-consumed,0.000566218747882516
12684,459,1334,EX_tyr__L_e,co-consumed,0.01802789882693641
12685,459,1334,EX_zn2_e,co-consumed,4.4508815730152e-05
12686,459,397,EX_arg__L_e,co-consumed,0.06920866969908211
12687,459,397,EX_bz_e,co-consumed,2.3404863776383998e-05
12688,459,397,EX_ca2_e,co-consumed,0.001217852818750344
12689,459,397,EX_cl_e,co-consumed,0.001217852822333104
12690,459,397,EX_co_e,co-consumed,1.7996924166142676e-06
12691,459,397,EX_cobalt2_e,co-consumed,2.339774867916e-05
12692,459,397,EX_cu2_e,co-consumed,0.000165890038135252
12693,459,397,EX_fe2_e,co-consumed,0.0016230509548978839
12694,459,397,EX_fe3_e,co-consumed,0.09975758485025954
12695,459,397,EX_glyc_e,co-consumed,0.18638663939230632
12696,459,397,EX_glygln_e,co-consumed,0.2435887689092726
12697,459,397,EX_gua_e,provided,0.029323899499775583
12698,459,397,EX_h2s_e,received,0.06265178161169169
12699,459,397,EX_h_e,co-consumed,3.999999947550514
12700,459,397,EX_ile__L_e,co-consumed,0.06797735190551758
12701,459,397,EX_indole_e,co-consumed,0.01329998742891936
12702,459,397,EX_k_e,co-consumed,0.045670767579315284
12703,459,397,EX_lys__L_e,co-consumed,0.05673698394769787
12704,459,397,EX_mg2_e,co-consumed,0.002029754698458512
12705,459,397,EX_mn2_e,co-consumed,0.000161678443373004
12706,459,397,EX_nh4_e,co-consumed,0.39438734493157057
12707,459,397,EX_o2_e,co-consumed,4.0000000080151406
12708,459,397,EX_orn_e,co-consumed,1.308345766382397e-06
12709,459,397,EX_pheme_e,co-consumed,5.217097049218e-05
12710,459,397,EX_pi_e,co-consumed,0.22556046007853384
12711,459,397,EX_pyovd_kt_e,co-consumed,0.08168261366841971
12712,459,397,EX_so4_e,co-consumed,0.001015003960146008
12713,459,397,EX_tyr__L_e,co-consumed,0.03231674507244956
12714,459,397,EX_zn2_e,co-consumed,7.9786322995936e-05
12715,459,790,EX_acald_e,provided,2.93522760138418
12716,459,790,EX_arg__L_e,co-consumed,0.0643513465484833
12717,459,790,EX_bz_e,co-consumed,2.1815775779456e-05
12718,459,790,EX_ca2_e,co-consumed,0.0011323795243763201
12719,459,790,EX_cl_e,co-consumed,0.001132379475451076
12720,459,790,EX_co_e,co-consumed,1.7996924166142676e-06
12721,459,790,EX_cobalt2_e,co-consumed,2.175560948702e-05
12722,459,790,EX_cu2_e,co-consumed,0.000154264017236172
12723,459,790,EX_etoh_e,co-consumed,1.3486580099658077e-06
12724,459,790,EX_fe2_e,co-consumed,0.001508712915426732
12725,459,790,EX_fe3_e,co-consumed,0.09975758485025954
12726,459,790,EX_gly_e,co-consumed,0.40197725779776977
12727,459,790,EX_glyc_e,co-consumed,5.115498198920001e-06
12728,459,790,EX_glygln_e,co-consumed,0.29324987953109855
12729,459,790,EX_gua_e,provided,1.4960626605072258e-06
12730,459,790,EX_h2s_e,co-consumed,0.05358084316260509
12731,459,790,EX_h_e,co-consumed,3.9999999510067523
12732,459,790,EX_ile__L_e,co-consumed,0.0632063717651916
12733,459,790,EX_indole_e,co-consumed,0.012366520040754805
12734,459,790,EX_k_e,co-consumed,0.042465426826002066
12735,459,790,EX_lys__L_e,co-consumed,0.05673698394769787
12736,459,790,EX_mg2_e,co-consumed,0.0018872991181296081
12737,459,790,EX_mn2_e,co-consumed,0.000150331261555316
12738,459,790,EX_nh4_e,received,0.39438734493157057
12739,459,790,EX_o2_e,co-consumed,4.000000008075555
12740,459,790,EX_orn_e,co-consumed,1.308345766382397e-06
12741,459,790,EX_pheme_e,co-consumed,4.851410567494e-05
12742,459,790,EX_pi_e,co-consumed,0.20959968283663044
12743,459,790,EX_pyovd_kt_e,co-consumed,0.08168969220271365
12744,459,790,EX_so4_e,co-consumed,0.000943764545232616
12745,459,790,EX_tyr__L_e,received,0.035138067082458264
12746,459,790,EX_zn2_e,co-consumed,7.418662835074e-05
12747,459,947,EX_arg__L_e,co-consumed,0.07014177111137566
12748,459,947,EX_ca2_e,co-consumed,0.00123427219400334
12749,459,947,EX_cl_e,co-consumed,0.0012342722029121001
12750,459,947,EX_co_e,co-consumed,1.7996924166142676e-06
12751,459,947,EX_cobalt2_e,co-consumed,2.3713174407356e-05
12752,459,947,EX_cu2_e,co-consumed,0.000168126606253288
12753,459,947,EX_etoh_e,co-consumed,3.525817915228069
12754,459,947,EX_fe2_e,co-consumed,0.0016975131417780078
12755,459,947,EX_fe3_e,co-consumed,0.09975758485025954
12756,459,947,EX_gly_asn__L_e,co-consumed,0.05716190124390364
12757,459,947,EX_glyc_e,co-consumed,0.5603564379780037
12758,459,947,EX_glygln_e,co-consumed,0.39876471997726015
12759,459,947,EX_h2s_e,co-consumed,0.036494787671598944
12760,459,947,EX_h_e,co-consumed,4.000000002546111
12761,459,947,EX_indole_e,co-consumed,0.013479294341799253
12762,459,947,EX_k_e,co-consumed,0.04628651150126695
12763,459,947,EX_lys__L_e,co-consumed,0.05673698394769787
12764,459,947,EX_mg2_e,co-consumed,0.0020571203234276882
12765,459,947,EX_mn2_e,co-consumed,0.000163858229789876
12766,459,947,EX_nh4_e,co-consumed,0.39438734493157057
12767,459,947,EX_o2_e,co-consumed,4.0000000079260385
12768,459,947,EX_orn_e,received,1.308345766382397e-06
12769,459,947,EX_pi_e,co-consumed,0.22859835619422186
12770,459,947,EX_pyovd_kt_e,co-consumed,0.08172432925127425
12771,459,947,EX_so4_e,co-consumed,0.00102869325506434
12772,459,947,EX_zn2_e,co-consumed,8.0862020779088e-05
12773,459,997,EX_acald_e,provided,0.6015655253815413
12774,459,997,EX_arg__L_e,co-consumed,0.05929959856276623
12775,459,997,EX_bz_e,co-consumed,2.0096298488695998e-05
12776,459,997,EX_ca2_e,co-consumed,0.0010434847208092
12777,459,997,EX_cl_e,co-consumed,0.00104348472257708
12778,459,997,EX_cobalt2_e,co-consumed,2.0047737191336e-05
12779,459,997,EX_cu2_e,co-consumed,0.000142138456686592
12780,459,997,EX_etoh_e,co-consumed,1.5971720553081045e-06
12781,459,997,EX_fe2_e,co-consumed,0.001390731870040848
12782,459,997,EX_fe3_e,co-consumed,0.09940322317984002
12783,459,997,EX_gly_asn__L_e,co-consumed,0.04832607565121119
12784,459,997,EX_glyc_e,co-consumed,0.027880222580512305
12785,459,997,EX_glygln_e,co-consumed,0.17273684583107904
12786,459,997,EX_gua_e,provided,0.029323899499775583
12787,459,997,EX_h2s_e,co-consumed,0.04932917039706491
12788,459,997,EX_h_e,co-consumed,3.999999955173125
12789,459,997,EX_ile__L_e,co-consumed,0.05824451862096163
12790,459,997,EX_indole_e,co-consumed,0.011395739851250869
12791,459,997,EX_k_e,co-consumed,0.03913177965589056
12792,459,997,EX_lys__L_e,co-consumed,0.05673698394769787
12793,459,997,EX_mg2_e,co-consumed,0.001739141201779196
12794,459,997,EX_mn2_e,co-consumed,0.000138529863992152
12795,459,997,EX_nh4_e,received,0.39438734493157057
12796,459,997,EX_o2_e,co-consumed,4.000000008075873
12797,459,997,EX_orn_e,co-consumed,1.308345766382397e-06
12798,459,997,EX_pheme_e,co-consumed,4.4700229887944004e-05
12799,459,997,EX_pyovd_kt_e,co-consumed,0.09777116056894272
12800,459,997,EX_so4_e,co-consumed,0.000869810833913784
12801,459,997,EX_tyr__L_e,co-consumed,0.02764506582847024
12802,459,997,EX_ura_e,received,0.08415546426400097
12803,459,997,EX_zn2_e,co-consumed,6.8362783822464e-05
12804,459,1114,EX_arg__L_e,co-consumed,0.0046357303882063276
12805,459,1114,EX_bz_e,co-consumed,1.5686153384505792e-06
12806,459,1114,EX_ca2_e,co-consumed,8.157368052924399e-05
12807,459,1114,EX_cl_e,co-consumed,8.1573673573936e-05
12808,459,1114,EX_cobalt2_e,co-consumed,1.5672176856355215e-06
12809,459,1114,EX_cu2_e,co-consumed,1.0660673623368001e-05
12810,459,1114,EX_fe2_e,co-consumed,0.000105202132142988
12811,459,1114,EX_fe3_e,co-consumed,0.09975758485025954
12812,459,1114,EX_gly_asn__L_e,co-consumed,0.003777855372185156
12813,459,1114,EX_glyc_e,co-consumed,0.5603564379780037
12814,459,1114,EX_glygln_e,co-consumed,0.042553588203818285
12815,459,1114,EX_h2s_e,co-consumed,0.0038483196513773637
12816,459,1114,EX_h_e,received,0.00112623464957868
12817,459,1114,EX_ile__L_e,co-consumed,0.004872935060638228
12818,459,1114,EX_k_e,co-consumed,0.003059099217122536
12819,459,1114,EX_lys__L_e,co-consumed,0.005534792074785936
12820,459,1114,EX_mg2_e,co-consumed,0.000135956138154524
12821,459,1114,EX_mn2_e,co-consumed,1.082947420774e-05
12822,459,1114,EX_nh4_e,received,0.04547024196706147
12823,459,1114,EX_o2_e,co-consumed,3.8457435539662432
12824,459,1114,EX_orn_e,co-consumed,1.308345766382397e-06
12825,459,1114,EX_pyovd_kt_e,co-consumed,0.08153202518695611
12826,459,1114,EX_so4_e,co-consumed,6.7900542683388e-05
12827,459,1114,EX_tyr__L_e,co-consumed,0.002161134730962664
12828,459,1114,EX_zn2_e,co-consumed,5.344212308016e-06
12829,459,1362,EX_arg__L_e,co-consumed,0.0752507675809346
12830,459,1362,EX_bz_e,received,2.5439122619448e-05
12831,459,1362,EX_ca2_e,co-consumed,0.001324174641914416
12832,459,1362,EX_cl_e,co-consumed,0.001324174648216012
12833,459,1362,EX_co_e,received,1.7996924166142676e-06
12834,459,1362,EX_cobalt2_e,co-consumed,2.5440435039219997e-05
12835,459,1362,EX_cu2_e,co-consumed,0.000180390647390964
12836,459,1362,EX_etoh_e,received,2.282753711595222e-06
12837,459,1362,EX_fe2_e,co-consumed,0.001764986478475996
12838,459,1362,EX_fe3_e,co-consumed,0.09975758485025954
12839,459,1362,EX_gly_asn__L_e,co-consumed,0.06132544409948123
12840,459,1362,EX_glyc_e,co-consumed,0.5603564379780037
12841,459,1362,EX_gua_e,provided,0.029323899499775583
12842,459,1362,EX_h2s_e,received,0.06265178161169169
12843,459,1362,EX_h_e,co-consumed,3.999999965538384
12844,459,1362,EX_hxan_e,provided,0.00019135856164778802
12845,459,1362,EX_indole_e,received,0.014461106596512244
12846,459,1362,EX_k_e,co-consumed,0.049657948366106826
12847,459,1362,EX_mg2_e,co-consumed,0.002206957731340756
12848,459,1362,EX_mn2_e,co-consumed,0.000175793406121016
12849,459,1362,EX_nh4_e,co-consumed,0.01835854082437485
12850,459,1362,EX_o2_e,co-consumed,4.0000000073171
12851,459,1362,EX_pheme_e,co-consumed,5.6724788608056e-05
12852,459,1362,EX_pi_e,co-consumed,0.24524313539055015
12853,459,1362,EX_pyovd_kt_e,co-consumed,0.09708401242788707
12854,459,1362,EX_so4_e,co-consumed,0.0011036054317014401
12855,459,1362,EX_zn2_e,co-consumed,8.675188348374e-05
12856,459,428,EX_acald_e,provided,3.9999992800442308
12857,459,428,EX_arg__L_e,co-consumed,0.0752507675809346
12858,459,428,EX_bz_e,co-consumed,2.5439122619448e-05
12859,459,428,EX_ca2_e,co-consumed,0.001324174641914416
12860,459,428,EX_cl_e,co-consumed,0.001324174648216012
12861,459,428,EX_co_e,received,1.7996924166142676e-06
12862,459,428,EX_cobalt2_e,co-consumed,2.5440435039219997e-05
12863,459,428,EX_cu2_e,co-consumed,0.000180390647390964
12864,459,428,EX_etoh_e,co-consumed,3.525817915228069
12865,459,428,EX_fe2_e,co-consumed,0.001764986478475996
12866,459,428,EX_fe3_e,co-consumed,0.09975758485025954
12867,459,428,EX_gly_asn__L_e,co-consumed,0.06132544409948123
12868,459,428,EX_glyc_e,co-consumed,0.5603564379780037
12869,459,428,EX_glygln_e,co-consumed,0.4007078806932791
12870,459,428,EX_h2s_e,co-consumed,0.04303388535733
12871,459,428,EX_h_e,co-consumed,3.999999975345196
12872,459,428,EX_ile__L_e,co-consumed,0.07391186520346255
12873,459,428,EX_indole_e,co-consumed,0.014461106596512244
12874,459,428,EX_k_e,co-consumed,0.049657948366106826
12875,459,428,EX_lys__L_e,co-consumed,0.05673698394769787
12876,459,428,EX_mg2_e,co-consumed,0.002206957731340756
12877,459,428,EX_mn2_e,co-consumed,0.000175793406121016
12878,459,428,EX_nh4_e,co-consumed,0.39438734493157057
12879,459,428,EX_o2_e,co-consumed,4.000000008075317
12880,459,428,EX_pheme_e,co-consumed,5.6724788608056e-05
12881,459,428,EX_pi_e,co-consumed,0.24524313539055015
12882,459,428,EX_pyovd_kt_e,co-consumed,0.08186765301658698
12883,459,428,EX_so4_e,co-consumed,0.0011036054317014401
12884,459,428,EX_tyr__L_e,co-consumed,0.035138067082458264
12885,459,428,EX_ura_e,co-consumed,0.08415546426400097
12886,459,428,EX_zn2_e,co-consumed,8.675188348374e-05
12887,459,796,EX_acald_e,provided,0.002836909054187548
12888,459,796,EX_arg__L_e,co-consumed,0.06294170452915404
12889,459,796,EX_ca2_e,co-consumed,0.001107574281398108
12890,459,796,EX_cl_e,co-consumed,0.0011075742753872161
12891,459,796,EX_co_e,co-consumed,1.7996924166142676e-06
12892,459,796,EX_cobalt2_e,co-consumed,2.1279044663959997e-05
12893,459,796,EX_cu2_e,co-consumed,0.000150868424905576
12894,459,796,EX_etoh_e,co-consumed,0.1831971585221885
12895,459,796,EX_fe2_e,co-consumed,0.0014762008737501159
12896,459,796,EX_fe3_e,co-consumed,0.09975758485025954
12897,459,796,EX_gly_asn__L_e,co-consumed,0.051294202073340886
12898,459,796,EX_glyc_e,co-consumed,0.5603564379780037
12899,459,796,EX_glygln_e,co-consumed,0.40215818231236483
12900,459,796,EX_h2s_e,received,0.06265178161169169
12901,459,796,EX_h_e,co-consumed,3.9999999187499555
12902,459,796,EX_ile__L_e,co-consumed,0.06182178988472924
12903,459,796,EX_indole_e,co-consumed,0.012095646042858097
12904,459,796,EX_k_e,co-consumed,0.041535205650924285
12905,459,796,EX_lys__L_e,co-consumed,0.05673698394769787
12906,459,796,EX_meoh_e,received,0.00014195040660346
12907,459,796,EX_mg2_e,co-consumed,0.001845957120454128
12908,459,796,EX_mn2_e,co-consumed,0.000147038197718252
12909,459,796,EX_nh4_e,co-consumed,5.81020049542e-06
12910,459,796,EX_o2_e,co-consumed,4.000000007062814
12911,459,796,EX_orn_e,co-consumed,1.308345766382397e-06
12912,459,796,EX_pheme_e,co-consumed,4.7443022883936004e-05
12913,459,796,EX_pi_e,co-consumed,0.20513428815441953
12914,459,796,EX_pyovd_kt_e,co-consumed,0.08161142134172414
12915,459,796,EX_so4_e,co-consumed,0.0011036054317014401
12916,459,796,EX_ura_e,co-consumed,0.07038945814940765
12917,459,796,EX_zn2_e,co-consumed,7.256154230407201e-05
12918,459,1350,EX_acald_e,provided,1.917460305183066
12919,459,1350,EX_arg__L_e,co-consumed,0.04480527367546154
12920,459,1350,EX_ca2_e,co-consumed,0.000388408448178276
12921,459,1350,EX_cl_e,co-consumed,0.000388413463840176
12922,459,1350,EX_cobalt2_e,co-consumed,7.46231436586e-06
12923,459,1350,EX_cu2_e,co-consumed,5.290780885396e-05
12924,459,1350,EX_fe3_e,co-consumed,0.09975758485025954
12925,459,1350,EX_gly_asn__L_e,co-consumed,0.01798827822953449
12926,459,1350,EX_glyc_e,received,0.5603564379780037
12927,459,1350,EX_glygln_e,co-consumed,0.1284790199539067
12928,459,1350,EX_h2s_e,co-consumed,0.018360240954817714
12929,459,1350,EX_h_e,co-consumed,0.17888914915507573
12930,459,1350,EX_ile__L_e,co-consumed,0.016327387249486534
12931,459,1350,EX_k_e,co-consumed,0.01456591528015751
12932,459,1350,EX_lys__L_e,co-consumed,0.02635395491518484
12933,459,1350,EX_mg2_e,co-consumed,0.000647355765087112
12934,459,1350,EX_mn2_e,co-consumed,5.1564593668596e-05
12935,459,1350,EX_nh4_e,received,0.10453527812462682
12936,459,1350,EX_o2_e,co-consumed,4.000000001268809
12937,459,1350,EX_orn_e,received,1.308345766382397e-06
12938,459,1350,EX_pi_e,co-consumed,0.11485945952391907
12939,459,1350,EX_pyovd_kt_e,co-consumed,0.08164225635842604
12940,459,1350,EX_so4_e,co-consumed,0.000323716092813068
12941,459,1350,EX_tyr__L_e,co-consumed,0.010290447363563479
12942,459,1350,EX_ura_e,co-consumed,0.0019525092422970841
12943,459,1350,EX_zn2_e,co-consumed,2.5446491987588002e-05
12944,459,262,EX_acald_e,provided,2.3331030225877964
12945,459,262,EX_adn_e,provided,1.1000462399344416e-06
12946,459,262,EX_arg__L_e,co-consumed,0.0752507675809346
12947,459,262,EX_bz_e,co-consumed,2.5439122619448e-05
12948,459,262,EX_ca2_e,co-consumed,0.001324174641914416
12949,459,262,EX_cl_e,co-consumed,0.001324174648216012
12950,459,262,EX_cobalt2_e,co-consumed,2.5440435039219997e-05
12951,459,262,EX_cu2_e,co-consumed,0.000180390647390964
12952,459,262,EX_etoh_e,received,3.525817915228069
12953,459,262,EX_fe2_e,co-consumed,0.001764986478475996
12954,459,262,EX_fe3_e,co-consumed,0.09825562569376221
12955,459,262,EX_gly_asn__L_e,co-consumed,0.06132544409948123
12956,459,262,EX_glyc_e,received,0.03544539127576483
12957,459,262,EX_gua_e,provided,0.029323899499775583
12958,459,262,EX_h2o_e,provided,3.9999997466492805
12959,459,262,EX_h2s_e,co-consumed,0.06265178161169169
12960,459,262,EX_h_e,co-consumed,3.9999999358706617
12961,459,262,EX_ile__L_e,co-consumed,0.07391186520346255
12962,459,262,EX_indole_e,co-consumed,0.014461106596512244
12963,459,262,EX_k_e,co-consumed,0.049657948366106826
12964,459,262,EX_lys__L_e,co-consumed,0.05673698394769787
12965,459,262,EX_mg2_e,co-consumed,0.002206957731340756
12966,459,262,EX_mn2_e,co-consumed,0.000175793406121016
12967,459,262,EX_ncam_e,provided,0.001073277955324624
12968,459,262,EX_nh4_e,co-consumed,0.39438734493157057
12969,459,262,EX_o2_e,co-consumed,4.000000005716123
12970,459,262,EX_orn_e,received,1.308345766382397e-06
12971,459,262,EX_pi_e,co-consumed,0.24524313539055015
12972,459,262,EX_pyovd_kt_e,co-consumed,0.09777116056894272
12973,459,262,EX_so4_e,co-consumed,0.0011036054317014401
12974,459,262,EX_tyr__L_e,co-consumed,0.035138067082458264
12975,459,262,EX_ura_e,co-consumed,0.08415546426400097
12976,459,262,EX_zn2_e,co-consumed,8.675188348374e-05
12977,459,978,EX_acald_e,provided,3.9999998664308722
12978,459,978,EX_arg__L_e,co-consumed,0.03493271998263871
12979,459,978,EX_bz_e,co-consumed,1.178109358972e-05
12980,459,978,EX_ca2_e,co-consumed,0.000614705407725804
12981,459,978,EX_cl_e,co-consumed,0.000614705397849888
12982,459,978,EX_co_e,received,1.7996924166142676e-06
12983,459,978,EX_cobalt2_e,co-consumed,1.1809901884912e-05
12984,459,978,EX_cu2_e,co-consumed,8.373220436403201e-05
12985,459,978,EX_fe2_e,co-consumed,0.0007928112618444481
12986,459,978,EX_fe3_e,co-consumed,0.09975758485025954
12987,459,978,EX_glyc_e,co-consumed,0.24764740041469416
12988,459,978,EX_glygln_e,co-consumed,0.16531970933720153
12989,459,978,EX_h2o_e,provided,3.999999718465075
12990,459,978,EX_h2s_e,co-consumed,0.029059921706837077
12991,459,978,EX_h_e,co-consumed,3.999999719834292
12992,459,978,EX_ile__L_e,co-consumed,0.03672040273140531
12993,459,978,EX_k_e,co-consumed,0.02305210178621846
12994,459,978,EX_lac__L_e,co-consumed,3.444571779387561
12995,459,978,EX_lys__L_e,co-consumed,0.04170792875179372
12996,459,978,EX_meoh_e,co-consumed,6.7869655286704e-05
12997,459,978,EX_mg2_e,co-consumed,0.00102450898582638
12998,459,978,EX_mn2_e,co-consumed,8.1606422024748e-05
12999,459,978,EX_nh4_e,co-consumed,0.15221570128204553
13000,459,978,EX_o2_e,co-consumed,3.999999987126816
13001,459,978,EX_orn_e,co-consumed,1.308345766382397e-06
13002,459,978,EX_pi_e,co-consumed,0.16582010592256907
13003,459,978,EX_pyovd_kt_e,co-consumed,0.08177217094967777
13004,459,978,EX_so4_e,co-consumed,0.000512315308719196
13005,459,978,EX_zn2_e,co-consumed,4.0266750851668e-05
13006,459,1338,EX_arg__L_e,co-consumed,0.0752507675809346
13007,459,1338,EX_bz_e,co-consumed,2.5439122619448e-05
13008,459,1338,EX_ca2_e,co-consumed,0.001324174641914416
13009,459,1338,EX_cl_e,co-consumed,0.001324174648216012
13010,459,1338,EX_co_e,co-consumed,1.7996924166142676e-06
13011,459,1338,EX_cobalt2_e,co-consumed,2.5440435039219997e-05
13012,459,1338,EX_cu2_e,co-consumed,0.000180390647390964
13013,459,1338,EX_etoh_e,received,0.00032043276375097603
13014,459,1338,EX_fe2_e,co-consumed,0.001764986478475996
13015,459,1338,EX_fe3_e,co-consumed,0.09975758485025954
13016,459,1338,EX_gly_asn__L_e,co-consumed,0.06132544409948123
13017,459,1338,EX_glyc_e,co-consumed,0.5603564379780037
13018,459,1338,EX_gua_e,provided,0.029323899499775583
13019,459,1338,EX_h2s_e,co-consumed,0.06265178161169169
13020,459,1338,EX_h_e,co-consumed,3.99999984176356
13021,459,1338,EX_ile__L_e,co-consumed,0.07391186520346255
13022,459,1338,EX_indole_e,co-consumed,0.014461106596512244
13023,459,1338,EX_k_e,co-consumed,0.049657948366106826
13024,459,1338,EX_lys__L_e,co-consumed,0.05673698394769787
13025,459,1338,EX_mg2_e,co-consumed,0.002206957731340756
13026,459,1338,EX_mn2_e,co-consumed,0.000175793406121016
13027,459,1338,EX_nh4_e,received,0.39438734493157057
13028,459,1338,EX_o2_e,co-consumed,4.0000000081240135
13029,459,1338,EX_orn_e,co-consumed,1.308345766382397e-06
13030,459,1338,EX_pheme_e,co-consumed,5.6724788608056e-05
13031,459,1338,EX_pi_e,co-consumed,0.24524313539055015
13032,459,1338,EX_pyovd_kt_e,co-consumed,0.09715883992988676
13033,459,1338,EX_so4_e,co-consumed,0.0011036054317014401
13034,459,1338,EX_tyr__L_e,co-consumed,0.035138067082458264
13035,459,1338,EX_zn2_e,co-consumed,8.675188348374e-05
13036,459,1357,EX_acald_e,provided,1.35859842204089
13037,459,1357,EX_arg__L_e,co-consumed,0.07409311905358083
13038,459,1357,EX_bz_e,co-consumed,2.5053005366268003e-05
13039,459,1357,EX_ca2_e,co-consumed,0.001303803745359452
13040,459,1357,EX_cl_e,co-consumed,0.0013038037393576522
13041,459,1357,EX_co_e,received,1.7996924166142676e-06
13042,459,1357,EX_cobalt2_e,co-consumed,2.504906331142e-05
13043,459,1357,EX_cu2_e,co-consumed,0.000177615054287412
13044,459,1357,EX_etoh_e,co-consumed,1.2935053489466327e-06
13045,459,1357,EX_fe2_e,co-consumed,0.001736825051244268
13046,459,1357,EX_fe3_e,co-consumed,0.09943419479300797
13047,459,1357,EX_gly_e,co-consumed,0.40197725779776977
13048,459,1357,EX_glyc_e,co-consumed,0.2992554826238624
13049,459,1357,EX_glygln_e,co-consumed,0.17397824572201334
13050,459,1357,EX_h2s_e,co-consumed,0.061693457951051085
13051,459,1357,EX_h_e,co-consumed,3.999999973844059
13052,459,1357,EX_ile__L_e,co-consumed,0.07277490655242234
13053,459,1357,EX_indole_e,co-consumed,0.014238646584827628
13054,459,1357,EX_k_e,co-consumed,0.04889401814946166
13055,459,1357,EX_lys__L_e,co-consumed,0.05673698394769787
13056,459,1357,EX_mg2_e,co-consumed,0.0021730062497658
13057,459,1357,EX_mn2_e,co-consumed,0.000173089025632868
13058,459,1357,EX_nh4_e,received,0.39438734493157057
13059,459,1357,EX_o2_e,co-consumed,4.000000008118272
13060,459,1357,EX_orn_e,co-consumed,1.308345766382397e-06
13061,459,1357,EX_pheme_e,co-consumed,5.5853056938744005e-05
13062,459,1357,EX_pi_e,co-consumed,0.24148695362315242
13063,459,1357,EX_pyovd_kt_e,co-consumed,0.09747692068785542
13064,459,1357,EX_so4_e,co-consumed,0.001086645104511944
13065,459,1357,EX_tyr__L_e,co-consumed,0.0345975202625863
13066,459,1357,EX_zn2_e,co-consumed,8.5417305891944e-05
13067,459,2751,EX_fe3_e,co-consumed,0.09975758485025954
13068,459,2751,EX_frulys_e,received,1.3602570510141201e-06
13069,459,2751,EX_gly_e,co-consumed,0.40197725779776977
13070,459,2751,EX_glyc_e,co-consumed,0.5603564379780037
13071,459,2751,EX_h2s_e,co-consumed,0.06265178161169169
13072,459,2751,EX_h_e,received,4.000000002546111
13073,459,2751,EX_lac__L_e,received,1.9431042672358652
13074,459,2751,EX_nh4_e,co-consumed,0.39438734493157057
13075,459,2751,EX_o2_e,co-consumed,3.999999925117265
13076,459,2751,EX_pyovd_kt_e,co-consumed,0.08140781945174283
13077,459,709,EX_acald_e,provided,3.999999565435491
13078,459,709,EX_arg__L_e,received,0.0752507675809346
13079,459,709,EX_co2_e,provided,3.6775672303461886
13080,459,709,EX_co_e,received,1.7996924166142676e-06
13081,459,709,EX_etoh_e,received,0.6805789844413482
13082,459,709,EX_fe2_e,co-consumed,0.001004880035867944
13083,459,709,EX_fe3_e,co-consumed,0.09975758485025954
13084,459,709,EX_gly_e,co-consumed,1.0235220928464696e-06
13085,459,709,EX_glyc_e,received,0.5603564379780037
13086,459,709,EX_h2s_e,co-consumed,0.036008770359333114
13087,459,709,EX_h_e,co-consumed,3.9999997443327784
13088,459,709,EX_lac__L_e,received,3.444571779387561
13089,459,709,EX_nh4_e,co-consumed,1.2529140989344e-05
13090,459,709,EX_o2_e,co-consumed,3.9999999885236144
13091,459,709,EX_orn_e,co-consumed,1.308345766382397e-06
13092,459,709,EX_pheme_e,received,5.6724788608056e-05
13093,459,709,EX_pi_e,received,1.2724910709637248e-06
13094,459,709,EX_pyovd_kt_e,co-consumed,0.08162271012892948
13095,459,1080,EX_acald_e,provided,3.9999998824042273
13096,459,1080,EX_arg__L_e,co-consumed,0.0752507675809346
13097,459,1080,EX_bz_e,co-consumed,2.5439122619448e-05
13098,459,1080,EX_ca2_e,co-consumed,0.001324174641914416
13099,459,1080,EX_cl_e,co-consumed,0.001324174648216012
13100,459,1080,EX_co_e,received,1.7996924166142676e-06
13101,459,1080,EX_cobalt2_e,co-consumed,2.5440435039219997e-05
13102,459,1080,EX_cu2_e,co-consumed,0.000180390647390964
13103,459,1080,EX_etoh_e,received,3.525817915228069
13104,459,1080,EX_fe2_e,co-consumed,0.001764986478475996
13105,459,1080,EX_fe3_e,co-consumed,0.09975758485025954
13106,459,1080,EX_gly_asn__L_e,co-consumed,0.06132544409948123
13107,459,1080,EX_glyc_e,received,0.5603564379780037
13108,459,1080,EX_glygln_e,co-consumed,0.40215818231236483
13109,459,1080,EX_h2s_e,co-consumed,0.05085931955435928
13110,459,1080,EX_h_e,co-consumed,3.99999994148562
13111,459,1080,EX_ile__L_e,co-consumed,0.07391186520346255
13112,459,1080,EX_indole_e,co-consumed,0.014461106596512244
13113,459,1080,EX_k_e,co-consumed,0.049657948366106826
13114,459,1080,EX_mg2_e,co-consumed,0.002206957731340756
13115,459,1080,EX_mn2_e,co-consumed,0.000175793406121016
13116,459,1080,EX_nh4_e,received,0.39438734493157057
13117,459,1080,EX_o2_e,co-consumed,4.000000008271434
13118,459,1080,EX_pheme_e,co-consumed,5.6724788608056e-05
13119,459,1080,EX_pi_e,co-consumed,0.24524313539055015
13120,459,1080,EX_pyovd_kt_e,co-consumed,0.08162460805035757
13121,459,1080,EX_so4_e,co-consumed,0.0011036054317014401
13122,459,1080,EX_tyr__L_e,co-consumed,0.035138067082458264
13123,459,1080,EX_zn2_e,co-consumed,8.675188348374e-05
13124,459,1234,EX_arg__L_e,co-consumed,0.0752507675809346
13125,459,1234,EX_bz_e,co-consumed,2.5439122619448e-05
13126,459,1234,EX_ca2_e,co-consumed,0.001324174641914416
13127,459,1234,EX_cl_e,co-consumed,0.001324174648216012
13128,459,1234,EX_co_e,received,1.7996924166142676e-06
13129,459,1234,EX_cobalt2_e,co-consumed,2.5440435039219997e-05
13130,459,1234,EX_cu2_e,co-consumed,0.000180390647390964
13131,459,1234,EX_etoh_e,received,6.33149306074e-06
13132,459,1234,EX_fe2_e,co-consumed,0.001764986478475996
13133,459,1234,EX_fe3_e,co-consumed,0.09975758485025954
13134,459,1234,EX_gly_asn__L_e,co-consumed,0.06132544409948123
13135,459,1234,EX_glyc_e,co-consumed,0.5603564379780037
13136,459,1234,EX_glygln_e,co-consumed,0.40215818231236483
13137,459,1234,EX_h2o_e,provided,0.657708615030396
13138,459,1234,EX_h2s_e,co-consumed,0.06265178161169169
13139,459,1234,EX_h_e,co-consumed,4.000000000366147
13140,459,1234,EX_ile__L_e,co-consumed,0.07391186520346255
13141,459,1234,EX_indole_e,co-consumed,0.014461106596512244
13142,459,1234,EX_k_e,co-consumed,0.049657948366106826
13143,459,1234,EX_lys__L_e,co-consumed,0.05673698394769787
13144,459,1234,EX_meoh_e,co-consumed,0.00014195040660346
13145,459,1234,EX_mg2_e,co-consumed,0.002206957731340756
13146,459,1234,EX_mn2_e,co-consumed,0.000175793406121016
13147,459,1234,EX_nh4_e,co-consumed,0.39438734493157057
13148,459,1234,EX_o2_e,co-consumed,4.0000000081989855
13149,459,1234,EX_orn_e,co-consumed,1.308345766382397e-06
13150,459,1234,EX_pheme_e,co-consumed,5.6724788608056e-05
13151,459,1234,EX_pi_e,co-consumed,0.24524313539055015
13152,459,1234,EX_pyovd_kt_e,co-consumed,0.0966212167263657
13153,459,1234,EX_so4_e,co-consumed,0.0011036054317014401
13154,459,1234,EX_tyr__L_e,co-consumed,0.035138067082458264
13155,459,1234,EX_zn2_e,co-consumed,8.675188348374e-05
13156,459,939,EX_acald_e,provided,3.999999953878311
13157,459,939,EX_arg__L_e,co-consumed,0.0752507675809346
13158,459,939,EX_bz_e,co-consumed,2.5439122619448e-05
13159,459,939,EX_ca2_e,co-consumed,0.001324174641914416
13160,459,939,EX_cl_e,co-consumed,0.001324174648216012
13161,459,939,EX_co2_e,provided,3.6775672303461886
13162,459,939,EX_co_e,received,1.7996924166142676e-06
13163,459,939,EX_cobalt2_e,co-consumed,2.5440435039219997e-05
13164,459,939,EX_cu2_e,co-consumed,0.000180390647390964
13165,459,939,EX_etoh_e,co-consumed,3.525817915228069
13166,459,939,EX_fe2_e,co-consumed,0.001764986478475996
13167,459,939,EX_fe3_e,co-consumed,0.09975758485025954
13168,459,939,EX_gly_asn__L_e,co-consumed,0.06132544409948123
13169,459,939,EX_glyc_e,received,0.024997015534810717
13170,459,939,EX_glygln_e,co-consumed,0.40215818231236483
13171,459,939,EX_h2s_e,co-consumed,0.051150502675831995
13172,459,939,EX_h_e,co-consumed,3.9999999748859985
13173,459,939,EX_ile__L_e,co-consumed,0.07391186520346255
13174,459,939,EX_indole_e,co-consumed,0.014461106596512244
13175,459,939,EX_k_e,co-consumed,0.049657948366106826
13176,459,939,EX_lac__L_e,co-consumed,1.1283645295789803e-06
13177,459,939,EX_mg2_e,co-consumed,0.002206957731340756
13178,459,939,EX_mn2_e,co-consumed,0.000175793406121016
13179,459,939,EX_nh4_e,received,0.39438734493157057
13180,459,939,EX_o2_e,co-consumed,4.000000008346392
13181,459,939,EX_pheme_e,co-consumed,5.6724788608056e-05
13182,459,939,EX_pi_e,co-consumed,0.21639201496887295
13183,459,939,EX_pyovd_kt_e,co-consumed,0.08179167806008131
13184,459,939,EX_so4_e,co-consumed,0.0011036054317014401
13185,459,939,EX_tyr__L_e,co-consumed,0.035138067082458264
13186,459,939,EX_ura_e,co-consumed,0.08415546426400097
13187,459,939,EX_zn2_e,co-consumed,8.675188348374e-05
13188,459,1101,EX_acald_e,provided,1.7386622935093572
13189,459,1101,EX_arg__L_e,co-consumed,0.0708719972398029
13190,459,1101,EX_bz_e,co-consumed,2.3960537358676e-05
13191,459,1101,EX_ca2_e,co-consumed,0.001247118090470048
13192,459,1101,EX_cl_e,co-consumed,0.001247118089766604
13193,459,1101,EX_cobalt2_e,co-consumed,2.3960001738136e-05
13194,459,1101,EX_cu2_e,co-consumed,0.000169893680116944
13195,459,1101,EX_etoh_e,co-consumed,1.6528803451039475e-06
13196,459,1101,EX_fe2_e,co-consumed,0.001662285257221172
13197,459,1101,EX_fe3_e,co-consumed,0.09965199913962736
13198,459,1101,EX_gly_asn__L_e,co-consumed,0.05775678414611285
13199,459,1101,EX_gly_e,co-consumed,0.3365352611723767
13200,459,1101,EX_glyc_e,co-consumed,0.5603564379780037
13201,459,1101,EX_glygln_e,co-consumed,0.2959978128613629
13202,459,1101,EX_gua_e,provided,0.013918972514455676
13203,459,1101,EX_h2s_e,co-consumed,0.03687654426009199
13204,459,1101,EX_h_e,co-consumed,3.9999999758898386
13205,459,1101,EX_ile__L_e,co-consumed,0.06961074539346983
13206,459,1101,EX_indole_e,co-consumed,0.013619584923228826
13207,459,1101,EX_k_e,co-consumed,0.04676824619272245
13208,459,1101,EX_lys__L_e,co-consumed,0.05673698394769787
13209,459,1101,EX_meoh_e,co-consumed,0.000137776930946824
13210,459,1101,EX_mg2_e,co-consumed,0.0020785301475042483
13211,459,1101,EX_mn2_e,co-consumed,0.00016556361201052803
13212,459,1101,EX_nh4_e,co-consumed,0.1584479661111053
13213,459,1101,EX_o2_e,co-consumed,4.000000008149574
13214,459,1101,EX_orn_e,co-consumed,1.308345766382397e-06
13215,459,1101,EX_pheme_e,co-consumed,5.342306976853601e-05
13216,459,1101,EX_pi_e,co-consumed,0.2309763883790603
13217,459,1101,EX_pyovd_kt_e,co-consumed,0.09777116056894272
13218,459,1101,EX_so4_e,co-consumed,0.0010394015906126839
13219,459,1101,EX_tyr__L_e,co-consumed,0.033429170991171486
13220,459,1101,EX_ura_e,co-consumed,0.07925822142510183
13221,459,1101,EX_zn2_e,co-consumed,8.1703605927048e-05
13222,459,895,EX_acald_e,provided,3.9999999079672297
13223,459,895,EX_arg__L_e,co-consumed,0.04662316792854972
13224,459,895,EX_ca2_e,co-consumed,0.000820419769612432
13225,459,895,EX_cl_e,co-consumed,0.000820419769612432
13226,459,895,EX_co_e,received,1.7996924166142676e-06
13227,459,895,EX_cobalt2_e,co-consumed,1.5762147350859998e-05
13228,459,895,EX_cu2_e,co-consumed,0.00011175362471762
13229,459,895,EX_etoh_e,received,3.525817915228069
13230,459,895,EX_fe2_e,received,0.001764986478475996
13231,459,895,EX_fe3_e,co-consumed,0.09975758485025954
13232,459,895,EX_fe3pyovd_kt_e,provided,0.09777116104129016
13233,459,895,EX_gly_asn__L_e,co-consumed,0.03799544068859324
13234,459,895,EX_glygln_e,co-consumed,0.40215818231236483
13235,459,895,EX_h2s_e,co-consumed,0.03881892788041594
13236,459,895,EX_h_e,received,4.000000002546111
13237,459,895,EX_indole_e,co-consumed,0.008959674706269403
13238,459,895,EX_k_e,co-consumed,0.03076660827857057
13239,459,895,EX_lys__L_e,co-consumed,0.05408952397600663
13240,459,895,EX_mg2_e,co-consumed,0.001367366289552788
13241,459,895,EX_mn2_e,co-consumed,0.00010891643819446402
13242,459,895,EX_nh4_e,received,0.39438734493157057
13243,459,895,EX_o2_e,co-consumed,3.9999999806049624
13244,459,895,EX_orn_e,co-consumed,1.308345766382397e-06
13245,459,895,EX_pi_e,co-consumed,0.15194507879906127
13246,459,895,EX_pyovd_kt_e,received,0.09777116056894272
13247,459,895,EX_so4_e,co-consumed,0.0006837934442837
13248,459,895,EX_zn2_e,co-consumed,5.374892246644001e-05
13249,459,1174,EX_acald_e,provided,1.3753633387686748e-06
13250,459,1174,EX_arg__L_e,co-consumed,0.05605769184233719
13251,459,1174,EX_ca2_e,co-consumed,0.000986437759824856
13252,459,1174,EX_cl_e,co-consumed,0.00098643776142874
13253,459,1174,EX_cobalt2_e,co-consumed,1.895173409846e-05
13254,459,1174,EX_cu2_e,co-consumed,0.00013436779475808
13255,459,1174,EX_etoh_e,co-consumed,1.4944651258840753
13256,459,1174,EX_fe2_e,co-consumed,0.001764986478475996
13257,459,1174,EX_fe3_e,co-consumed,0.09975758485025954
13258,459,1174,EX_gly_asn__L_e,co-consumed,0.04568414125757652
13259,459,1174,EX_glyc_e,co-consumed,0.36072456643691775
13260,459,1174,EX_glygln_e,co-consumed,0.32396667529562967
13261,459,1174,EX_h2s_e,co-consumed,0.02916697578508537
13262,459,1174,EX_h_e,co-consumed,4.000000001053228
13263,459,1174,EX_ile__L_e,co-consumed,0.055060282718296175
13264,459,1174,EX_k_e,co-consumed,0.0369924583388076
13265,459,1174,EX_lys__L_e,co-consumed,0.05673698394769787
13266,459,1174,EX_mg2_e,co-consumed,0.001644062933833644
13267,459,1174,EX_mn2_e,co-consumed,0.00013095648262036002
13268,459,1174,EX_nh4_e,co-consumed,0.3070393874160899
13269,459,1174,EX_o2_e,co-consumed,4.000000007375812
13270,459,1174,EX_orn_e,received,1.308345766382397e-06
13271,459,1174,EX_pheme_e,co-consumed,4.2253617028032e-05
13272,459,1174,EX_pi_e,co-consumed,0.18053216455657164
13273,459,1174,EX_pyovd_kt_e,co-consumed,0.08157835839235565
13274,459,1174,EX_so4_e,co-consumed,0.000822122439672656
13275,459,1174,EX_ura_e,co-consumed,0.06269127962800343
13276,459,1174,EX_zn2_e,co-consumed,6.4625413275748e-05
13277,459,638,EX_arg__L_e,co-consumed,0.0752507675809346
13278,459,638,EX_ca2_e,co-consumed,0.001324174641914416
13279,459,638,EX_cl_e,co-consumed,0.001324174648216012
13280,459,638,EX_cobalt2_e,co-consumed,2.5440435039219997e-05
13281,459,638,EX_cu2_e,co-consumed,0.000180390647390964
13282,459,638,EX_etoh_e,received,6.3958109527e-06
13283,459,638,EX_fe2_e,co-consumed,0.001764986478475996
13284,459,638,EX_fe3_e,co-consumed,0.09975758485025954
13285,459,638,EX_glygln_e,co-consumed,0.40215818231236483
13286,459,638,EX_h2s_e,received,0.06265178161169169
13287,459,638,EX_h_e,co-consumed,3.9999999377074
13288,459,638,EX_ile__L_e,co-consumed,0.07391186520346255
13289,459,638,EX_k_e,co-consumed,0.049657948366106826
13290,459,638,EX_lys__L_e,co-consumed,0.05673698394769787
13291,459,638,EX_mg2_e,co-consumed,0.002206957731340756
13292,459,638,EX_mn2_e,co-consumed,0.000175793406121016
13293,459,638,EX_nh4_e,co-consumed,0.39438734493157057
13294,459,638,EX_o2_e,co-consumed,4.0000000003571925
13295,459,638,EX_orn_e,received,1.308345766382397e-06
13296,459,638,EX_pi_e,co-consumed,0.24524313539055015
13297,459,638,EX_pyovd_kt_e,co-consumed,0.08183482317024428
13298,459,638,EX_so4_e,co-consumed,0.0011036054317014401
13299,459,638,EX_tyr__L_e,co-consumed,0.035138067082458264
13300,459,638,EX_zn2_e,co-consumed,8.675188348374e-05
13301,459,1252,EX_acald_e,provided,3.9999997904593902
13302,459,1252,EX_arg__L_e,co-consumed,0.04958276460367674
13303,459,1252,EX_ca2_e,co-consumed,0.000872499182630916
13304,459,1252,EX_cl_e,co-consumed,0.0008724991859140641
13305,459,1252,EX_cobalt2_e,co-consumed,1.6762632508992e-05
13306,459,1252,EX_cu2_e,co-consumed,0.00011884763121716
13307,459,1252,EX_etoh_e,received,3.525817915228069
13308,459,1252,EX_fe3_e,co-consumed,0.09975758485025954
13309,459,1252,EX_gly_asn__L_e,co-consumed,0.040407353390169966
13310,459,1252,EX_glyc_e,co-consumed,2.5718014938363035e-06
13311,459,1252,EX_glygln_e,co-consumed,0.40215818231236483
13312,459,1252,EX_h2s_e,co-consumed,0.025799261722311503
13313,459,1252,EX_h_e,co-consumed,3.999999977009301
13314,459,1252,EX_ile__L_e,co-consumed,0.04870053056460484
13315,459,1252,EX_indole_e,co-consumed,0.009528431344488265
13316,459,1252,EX_k_e,co-consumed,0.03271964129784373
13317,459,1252,EX_lys__L_e,co-consumed,0.05673698394769787
13318,459,1252,EX_meoh_e,co-consumed,0.00014195040660346
13319,459,1252,EX_mg2_e,co-consumed,0.001454165301560156
13320,459,1252,EX_mn2_e,co-consumed,0.00011583034153456801
13321,459,1252,EX_nh4_e,received,0.39438734493157057
13322,459,1252,EX_o2_e,co-consumed,4.000000006593655
13323,459,1252,EX_orn_e,co-consumed,1.308345766382397e-06
13324,459,1252,EX_pheme_e,co-consumed,3.7374474097828e-05
13325,459,1252,EX_pi_e,co-consumed,0.16625355329077693
13326,459,1252,EX_pyovd_kt_e,co-consumed,0.09763087271135708
13327,459,1252,EX_so4_e,co-consumed,0.0007271911647131201
13328,459,1252,EX_tyr__L_e,co-consumed,0.02315249065739494
13329,459,1252,EX_zn2_e,co-consumed,5.7160849428843996e-05
13330,939,1208,EX_acald_e,co-consumed,0.031528264551958556
13331,939,1208,EX_arg__L_e,co-consumed,0.010515392853133068
13332,939,1208,EX_ca2_e,co-consumed,0.000185037459311756
13333,939,1208,EX_cit_e,co-consumed,0.5061314848144136
13334,939,1208,EX_cl_e,co-consumed,0.00018503746083356002
13335,939,1208,EX_co2_e,received,3.9999931267347986
13336,939,1208,EX_cobalt2_e,co-consumed,3.554994415211502e-06
13337,939,1208,EX_cu2_e,co-consumed,2.5204910403848e-05
13338,939,1208,EX_cys__L_e,co-consumed,0.0032636170591681004
13339,939,1208,EX_fe2_e,co-consumed,0.00023873883590635602
13340,939,1208,EX_fe3_e,co-consumed,0.2529801586337414
13341,939,1208,EX_glu__L_e,received,1.0558889299769023e-06
13342,939,1208,EX_glygln_e,co-consumed,0.05348671039292357
13343,939,1208,EX_h2o_e,provided,0.44188172090410993
13344,939,1208,EX_h2s_e,co-consumed,0.00547056092920584
13345,939,1208,EX_h_e,received,3.024212848729982
13346,939,1208,EX_ile__L_e,co-consumed,0.011053439265323308
13347,939,1208,EX_k_e,co-consumed,0.006939100248883789
13348,939,1208,EX_malt_e,co-consumed,0.015817809174526198
13349,939,1208,EX_mg2_e,co-consumed,0.000308395771808992
13350,939,1208,EX_mn2_e,co-consumed,2.4565011409108002e-05
13351,939,1208,EX_o2_e,co-consumed,3.9999999827833617
13352,939,1208,EX_pi_e,co-consumed,0.04983466476348048
13353,939,1208,EX_pyovd_kt_e,co-consumed,0.08157885504853672
13354,939,1208,EX_so4_e,co-consumed,0.00015421954251966
13355,939,1208,EX_stfrnA_e,co-consumed,0.08557217889577441
13356,939,1208,EX_stfrnB_e,co-consumed,0.08555159790369211
13357,939,1208,EX_tyr__L_e,co-consumed,0.004910088625336588
13358,939,1208,EX_zn2_e,co-consumed,1.2122530955867999e-05
13359,939,1334,EX_arg__L_e,co-consumed,0.038608070545978
13360,939,1334,EX_bz_e,co-consumed,1.3059379269832e-05
13361,939,1334,EX_ca2_e,co-consumed,0.0006793794336395401
13362,939,1334,EX_cit_e,co-consumed,0.000679406253194092
13363,939,1334,EX_cl_e,co-consumed,0.00067937942944234
13364,939,1334,EX_co2_e,received,3.9999931267347986
13365,939,1334,EX_cobalt2_e,co-consumed,1.305243863054e-05
13366,939,1334,EX_cu2_e,co-consumed,9.254178989055201e-05
13367,939,1334,EX_cys__L_e,co-consumed,0.01205676251673251
13368,939,1334,EX_fe2_e,co-consumed,0.00087650510841338
13369,939,1334,EX_fe3_e,co-consumed,0.2542119424440433
13370,939,1334,EX_glu__L_e,co-consumed,0.7326833773435338
13371,939,1334,EX_gly_asn__L_e,co-consumed,0.03146355398006519
13372,939,1334,EX_h2o_e,provided,3.999999949116735
13373,939,1334,EX_h2s_e,co-consumed,0.020089283009825425
13374,939,1334,EX_h_e,co-consumed,1.0810525813379293
13375,939,1334,EX_icit_e,co-consumed,1.0220093766322852e-06
13376,939,1334,EX_ile__L_e,co-consumed,0.04058313148740553
13377,939,1334,EX_k_e,co-consumed,0.025477446536117086
13378,939,1334,EX_lac__L_e,co-consumed,1.1283645295789803e-06
13379,939,1334,EX_malt_e,co-consumed,0.15360650768892167
13380,939,1334,EX_mg2_e,co-consumed,0.0011322990512711
13381,939,1334,EX_mn2_e,co-consumed,9.019235093705599e-05
13382,939,1334,EX_no2_e,co-consumed,1.011687584279431e-06
13383,939,1334,EX_o2_e,co-consumed,3.9999999947191163
13384,939,1334,EX_pi_e,co-consumed,0.1832505419051775
13385,939,1334,EX_pyovd_kt_e,co-consumed,0.08174269204197179
13386,939,1334,EX_so4_e,co-consumed,0.000566218747882516
13387,939,1334,EX_stfrnA_e,co-consumed,0.08574002981856813
13388,939,1334,EX_stfrnB_e,co-consumed,0.08571011538482924
13389,939,1334,EX_tyr__L_e,co-consumed,0.01802789882693641
13390,939,1334,EX_zn2_e,co-consumed,4.4508815730152e-05
13391,939,397,EX_arg__L_e,co-consumed,0.06920866969908211
13392,939,397,EX_bz_e,co-consumed,2.3404863776383998e-05
13393,939,397,EX_ca2_e,co-consumed,0.001217852818750344
13394,939,397,EX_cit_e,co-consumed,1.4778527111875477
13395,939,397,EX_cl_e,co-consumed,0.001217852822333104
13396,939,397,EX_co2_e,received,3.9999931267347986
13397,939,397,EX_co_e,provided,9.345755130370001e-05
13398,939,397,EX_cobalt2_e,co-consumed,2.339774867916e-05
13399,939,397,EX_cu2_e,co-consumed,0.000165890038135252
13400,939,397,EX_cys__L_e,co-consumed,0.03062764767200241
13401,939,397,EX_fe2_e,co-consumed,0.0016230509548978839
13402,939,397,EX_fe3_e,co-consumed,0.25486127206504283
13403,939,397,EX_glyc_e,provided,0.024997015534810717
13404,939,397,EX_glygln_e,co-consumed,0.2435887689092726
13405,939,397,EX_gua_e,provided,0.056909822510723636
13406,939,397,EX_h2s_e,received,0.051150502675831995
13407,939,397,EX_h_e,co-consumed,3.999999947550514
13408,939,397,EX_ile__L_e,co-consumed,0.06797735190551758
13409,939,397,EX_indole_e,co-consumed,0.01329998742891936
13410,939,397,EX_k_e,co-consumed,0.045670767579315284
13411,939,397,EX_malt_e,co-consumed,0.08970263165913173
13412,939,397,EX_mg2_e,co-consumed,0.002029754698458512
13413,939,397,EX_mn2_e,co-consumed,0.000161678443373004
13414,939,397,EX_nh4_e,provided,0.4893943352087682
13415,939,397,EX_o2_e,co-consumed,4.0000000080151406
13416,939,397,EX_pheme_e,co-consumed,5.217097049218e-05
13417,939,397,EX_pi_e,co-consumed,0.21639201496887295
13418,939,397,EX_pyovd_kt_e,co-consumed,0.08168261366841971
13419,939,397,EX_so4_e,co-consumed,0.001015003960146008
13420,939,397,EX_stfrnA_e,co-consumed,0.08568619093024499
13421,939,397,EX_stfrnB_e,co-consumed,0.08566524854270875
13422,939,397,EX_tyr__L_e,co-consumed,0.03231674507244956
13423,939,397,EX_val__L_e,co-consumed,0.09914428540010288
13424,939,397,EX_zn2_e,co-consumed,7.9786322995936e-05
13425,939,790,EX_acald_e,co-consumed,2.93522760138418
13426,939,790,EX_arg__L_e,co-consumed,0.0643513465484833
13427,939,790,EX_bz_e,co-consumed,2.1815775779456e-05
13428,939,790,EX_ca2_e,co-consumed,0.0011323795243763201
13429,939,790,EX_cl_e,co-consumed,0.001132379475451076
13430,939,790,EX_co2_e,received,3.9999931267347986
13431,939,790,EX_co_e,provided,8.6963135624944e-05
13432,939,790,EX_cobalt2_e,co-consumed,2.175560948702e-05
13433,939,790,EX_cu2_e,co-consumed,0.000154264017236172
13434,939,790,EX_etoh_e,co-consumed,1.3486580099658077e-06
13435,939,790,EX_fe2_e,co-consumed,0.001508712915426732
13436,939,790,EX_fe3_e,co-consumed,0.25474934365794655
13437,939,790,EX_glu__L_e,co-consumed,0.2379628279478169
13438,939,790,EX_glyc_e,provided,5.115498198920001e-06
13439,939,790,EX_glygln_e,co-consumed,0.29324987953109855
13440,939,790,EX_gua_e,provided,1.4960626605072258e-06
13441,939,790,EX_h2s_e,co-consumed,0.051150502675831995
13442,939,790,EX_h_e,co-consumed,3.9999999510067523
13443,939,790,EX_ile__L_e,co-consumed,0.0632063717651916
13444,939,790,EX_indole_e,co-consumed,0.012366520040754805
13445,939,790,EX_k_e,co-consumed,0.042465426826002066
13446,939,790,EX_malt_e,co-consumed,0.07662155144452865
13447,939,790,EX_mg2_e,co-consumed,0.0018872991181296081
13448,939,790,EX_mn2_e,co-consumed,0.000150331261555316
13449,939,790,EX_o2_e,co-consumed,4.000000008075555
13450,939,790,EX_pheme_e,co-consumed,4.851410567494e-05
13451,939,790,EX_pi_e,co-consumed,0.20959968283663044
13452,939,790,EX_pyovd_kt_e,co-consumed,0.08168969220271365
13453,939,790,EX_so4_e,co-consumed,0.000943764545232616
13454,939,790,EX_stfrnA_e,co-consumed,0.0856930507974858
13455,939,790,EX_stfrnB_e,co-consumed,0.0856674522874954
13456,939,790,EX_tyr__L_e,received,0.0458292680808313
13457,939,790,EX_zn2_e,co-consumed,7.418662835074e-05
13458,939,947,EX_acald_e,received,3.8316336657903487
13459,939,947,EX_arg__L_e,co-consumed,0.07014177111137566
13460,939,947,EX_asp__L_e,co-consumed,0.3083016036155272
13461,939,947,EX_ca2_e,co-consumed,0.00123427219400334
13462,939,947,EX_cit_e,co-consumed,0.001234267179719784
13463,939,947,EX_cl_e,co-consumed,0.0012342722029121001
13464,939,947,EX_co2_e,received,1.2400521224646877
13465,939,947,EX_co_e,provided,0.000168305542711704
13466,939,947,EX_cobalt2_e,co-consumed,2.3713174407356e-05
13467,939,947,EX_cu2_e,co-consumed,0.000168126606253288
13468,939,947,EX_etoh_e,co-consumed,3.9999986151031823
13469,939,947,EX_fe2_e,co-consumed,0.0016975131417780078
13470,939,947,EX_fe3_e,co-consumed,0.25500640961074594
13471,939,947,EX_gly_asn__L_e,co-consumed,0.05716190124390364
13472,939,947,EX_glyc_e,provided,0.024997015534810717
13473,939,947,EX_glygln_e,co-consumed,0.39876471997726015
13474,939,947,EX_h2s_e,co-consumed,0.036494787671598944
13475,939,947,EX_h_e,co-consumed,3.9999999748859985
13476,939,947,EX_indole_e,co-consumed,0.013479294341799253
13477,939,947,EX_k_e,co-consumed,0.04628651150126695
13478,939,947,EX_mg2_e,co-consumed,0.0020571203234276882
13479,939,947,EX_mn2_e,co-consumed,0.000163858229789876
13480,939,947,EX_nh4_e,provided,0.8581781074640575
13481,939,947,EX_o2_e,co-consumed,4.0000000079260385
13482,939,947,EX_pi_e,co-consumed,0.21639201496887295
13483,939,947,EX_pyovd_kt_e,co-consumed,0.08172432925127425
13484,939,947,EX_so4_e,co-consumed,0.00102869325506434
13485,939,947,EX_stfrnA_e,co-consumed,0.08572703856581225
13486,939,947,EX_stfrnB_e,co-consumed,0.08570291328544478
13487,939,947,EX_zn2_e,co-consumed,8.0862020779088e-05
13488,939,997,EX_acald_e,co-consumed,0.6015655253815413
13489,939,997,EX_arg__L_e,co-consumed,0.05929959856276623
13490,939,997,EX_bz_e,co-consumed,2.0096298488695998e-05
13491,939,997,EX_ca2_e,co-consumed,0.0010434847208092
13492,939,997,EX_cl_e,co-consumed,0.00104348472257708
13493,939,997,EX_co2_e,received,3.9999931267347986
13494,939,997,EX_cobalt2_e,co-consumed,2.0047737191336e-05
13495,939,997,EX_cu2_e,co-consumed,0.000142138456686592
13496,939,997,EX_etoh_e,co-consumed,1.5971720553081045e-06
13497,939,997,EX_fe2_e,co-consumed,0.001390731870040848
13498,939,997,EX_fe3_e,co-consumed,0.09940322317984002
13499,939,997,EX_glu__L_e,received,1.4547662932545256e-06
13500,939,997,EX_gly_asn__L_e,co-consumed,0.04832607565121119
13501,939,997,EX_glyc_e,provided,0.024997015534810717
13502,939,997,EX_glygln_e,co-consumed,0.17273684583107904
13503,939,997,EX_gua_e,provided,0.0487618761801338
13504,939,997,EX_h2s_e,co-consumed,0.04932917039706491
13505,939,997,EX_h_e,co-consumed,3.999999955173125
13506,939,997,EX_ile__L_e,co-consumed,0.05824451862096163
13507,939,997,EX_indole_e,co-consumed,0.011395739851250869
13508,939,997,EX_k_e,co-consumed,0.03913177965589056
13509,939,997,EX_mg2_e,co-consumed,0.001739141201779196
13510,939,997,EX_mn2_e,co-consumed,0.000138529863992152
13511,939,997,EX_o2_e,co-consumed,4.000000008075873
13512,939,997,EX_pheme_e,co-consumed,4.4700229887944004e-05
13513,939,997,EX_pyovd_kt_e,co-consumed,0.08179167806008131
13514,939,997,EX_so4_e,co-consumed,0.000869810833913784
13515,939,997,EX_thm_e,co-consumed,4.4672280316016e-05
13516,939,997,EX_tyr__L_e,co-consumed,0.02764506582847024
13517,939,997,EX_ura_e,received,0.10993626824722248
13518,939,997,EX_zn2_e,co-consumed,6.8362783822464e-05
13519,939,1114,EX_arg__L_e,co-consumed,0.0046357303882063276
13520,939,1114,EX_asp__L_e,co-consumed,0.011399098370460896
13521,939,1114,EX_bz_e,co-consumed,1.5686153384505792e-06
13522,939,1114,EX_ca2_e,co-consumed,8.157368052924399e-05
13523,939,1114,EX_cl_e,co-consumed,8.1573673573936e-05
13524,939,1114,EX_co2_e,received,0.05916848607292281
13525,939,1114,EX_cobalt2_e,co-consumed,1.5672176856355215e-06
13526,939,1114,EX_cu2_e,co-consumed,1.0660673623368001e-05
13527,939,1114,EX_fe2_e,co-consumed,0.000105202132142988
13528,939,1114,EX_fe3_e,co-consumed,0.2526625386113989
13529,939,1114,EX_gly_asn__L_e,co-consumed,0.003777855372185156
13530,939,1114,EX_glyc_e,provided,0.024997015534810717
13531,939,1114,EX_glygln_e,co-consumed,0.042553588203818285
13532,939,1114,EX_h2s_e,co-consumed,0.0038483196513773637
13533,939,1114,EX_h_e,received,0.00112623464957868
13534,939,1114,EX_ile__L_e,co-consumed,0.004872935060638228
13535,939,1114,EX_k_e,co-consumed,0.003059099217122536
13536,939,1114,EX_malt_e,co-consumed,0.22072956165251448
13537,939,1114,EX_mg2_e,co-consumed,0.000135956138154524
13538,939,1114,EX_mn2_e,co-consumed,1.082947420774e-05
13539,939,1114,EX_o2_e,co-consumed,3.8457435539662432
13540,939,1114,EX_pyovd_kt_e,co-consumed,0.08153202518695611
13541,939,1114,EX_so4_e,co-consumed,6.7900542683388e-05
13542,939,1114,EX_stfrnA_e,co-consumed,0.08551769571185876
13543,939,1114,EX_stfrnB_e,co-consumed,0.0854905751777392
13544,939,1114,EX_thm_e,co-consumed,3.4862392137499753e-06
13545,939,1114,EX_tyr__L_e,co-consumed,0.002161134730962664
13546,939,1114,EX_val__L_e,co-consumed,0.006669552610136128
13547,939,1114,EX_zn2_e,co-consumed,5.344212308016e-06
13548,939,1362,EX_R_3httdca_e,co-consumed,0.02586467625025754
13549,939,1362,EX_acald_e,received,3.999999953878311
13550,939,1362,EX_arg__L_e,co-consumed,0.09830545590351224
13551,939,1362,EX_asp__L_e,co-consumed,3.1584524819393966e-06
13552,939,1362,EX_bz_e,received,3.3232014882852e-05
13553,939,1362,EX_ca2_e,co-consumed,0.001729864292236908
13554,939,1362,EX_cl_e,co-consumed,0.0017298642985617162
13555,939,1362,EX_co2_e,received,3.9999931267347986
13556,939,1362,EX_cobalt2_e,co-consumed,3.3234664594716e-05
13557,939,1362,EX_cu2_e,co-consumed,0.000235650970620524
13558,939,1362,EX_etoh_e,received,2.282753711595222e-06
13559,939,1362,EX_fe2_e,co-consumed,0.002304981749567044
13560,939,1362,EX_fe3_e,co-consumed,0.10109349937422764
13561,939,1362,EX_for_e,provided,3.3401778116501353
13562,939,1362,EX_glu__L_e,received,0.7326833773435338
13563,939,1362,EX_gly_asn__L_e,co-consumed,0.08011383168303018
13564,939,1362,EX_glyc_e,provided,0.024997015534810717
13565,939,1362,EX_gua_e,provided,0.12489286651192032
13566,939,1362,EX_h2s_e,received,0.051150502675831995
13567,939,1362,EX_h_e,co-consumed,3.999999965538384
13568,939,1362,EX_indole_e,received,0.01889157864291596
13569,939,1362,EX_k_e,co-consumed,0.06487173886236564
13570,939,1362,EX_mg2_e,co-consumed,0.002883107157740876
13571,939,1362,EX_mn2_e,co-consumed,0.000229651532349492
13572,939,1362,EX_nh4_e,provided,0.01835854082437485
13573,939,1362,EX_no2_e,co-consumed,0.449654285960827
13574,939,1362,EX_o2_e,co-consumed,4.0000000073171
13575,939,1362,EX_oxa_e,co-consumed,0.08205630144259583
13576,939,1362,EX_pheme_e,co-consumed,7.4111704178228e-05
13577,939,1362,EX_pi_e,co-consumed,0.21639201496887295
13578,939,1362,EX_pyovd_kt_e,co-consumed,0.08179167806008131
13579,939,1362,EX_so4_e,co-consumed,0.0014417620006114402
13580,939,1362,EX_zn2_e,co-consumed,0.000113330206267984
13581,939,428,EX_acald_e,co-consumed,3.9999992800442308
13582,939,428,EX_arg__L_e,co-consumed,0.08270622101590855
13583,939,428,EX_bz_e,co-consumed,2.7960846569208e-05
13584,939,428,EX_ca2_e,co-consumed,0.001455367113996248
13585,939,428,EX_cl_e,co-consumed,0.001455367112419864
13586,939,428,EX_co2_e,received,2.1068207791232045
13587,939,428,EX_cobalt2_e,co-consumed,2.7960943592624002e-05
13588,939,428,EX_cu2_e,co-consumed,0.000198243090071724
13589,939,428,EX_etoh_e,co-consumed,3.9999901691965394
13590,939,428,EX_fe2_e,co-consumed,0.001938810426974312
13591,939,428,EX_fe3_e,co-consumed,0.25577753130779485
13592,939,428,EX_glu__L_e,received,0.6658464473984848
13593,939,428,EX_gly_asn__L_e,co-consumed,0.06740129790001674
13594,939,428,EX_glyc_e,provided,0.024997015534810717
13595,939,428,EX_glygln_e,co-consumed,0.4007078806932791
13596,939,428,EX_h2s_e,co-consumed,0.04303388535733
13597,939,428,EX_h_e,co-consumed,3.9999999748859985
13598,939,428,EX_ile__L_e,co-consumed,0.08123464914254601
13599,939,428,EX_indole_e,co-consumed,0.015893834215524313
13600,939,428,EX_k_e,co-consumed,0.05457780462675701
13601,939,428,EX_malt_e,co-consumed,0.10750490007631758
13602,939,428,EX_mg2_e,co-consumed,0.002425611846484028
13603,939,428,EX_mn2_e,co-consumed,0.000193210120225052
13604,939,428,EX_nh4_e,provided,0.5711387962245577
13605,939,428,EX_o2_e,co-consumed,4.000000008075317
13606,939,428,EX_pheme_e,co-consumed,6.234547232358e-05
13607,939,428,EX_pi_e,co-consumed,0.21639201496887295
13608,939,428,EX_pyovd_kt_e,co-consumed,0.08179167806008131
13609,939,428,EX_so4_e,co-consumed,0.00121296412708714
13610,939,428,EX_stfrnA_e,co-consumed,0.08579135370272256
13611,939,428,EX_stfrnB_e,co-consumed,0.08577044294487317
13612,939,428,EX_tyr__L_e,co-consumed,0.038619371405905024
13613,939,428,EX_ura_e,co-consumed,0.09249307473258073
13614,939,428,EX_zn2_e,co-consumed,9.5346817650856e-05
13615,939,796,EX_acald_e,co-consumed,0.002836909054187548
13616,939,796,EX_arg__L_e,co-consumed,0.06294170452915404
13617,939,796,EX_asp__L_e,co-consumed,2.2083547877845074e-06
13618,939,796,EX_ca2_e,co-consumed,0.001107574281398108
13619,939,796,EX_cl_e,co-consumed,0.0011075742753872161
13620,939,796,EX_co2_e,received,3.9999931267347986
13621,939,796,EX_co_e,provided,8.5100383024136e-05
13622,939,796,EX_cobalt2_e,co-consumed,2.1279044663959997e-05
13623,939,796,EX_cu2_e,co-consumed,0.000150868424905576
13624,939,796,EX_cys__L_e,co-consumed,0.03062764767200241
13625,939,796,EX_etoh_e,co-consumed,0.1831971585221885
13626,939,796,EX_fe2_e,co-consumed,0.0014762008737501159
13627,939,796,EX_fe3_e,co-consumed,0.2544726661743336
13628,939,796,EX_gly_asn__L_e,co-consumed,0.051294202073340886
13629,939,796,EX_glyc_e,provided,0.024997015534810717
13630,939,796,EX_glygln_e,co-consumed,0.4328202733705334
13631,939,796,EX_h2s_e,received,0.051150502675831995
13632,939,796,EX_h_e,co-consumed,3.9999999187499555
13633,939,796,EX_ile__L_e,co-consumed,0.06182178988472924
13634,939,796,EX_indole_e,co-consumed,0.012095646042858097
13635,939,796,EX_k_e,co-consumed,0.041535205650924285
13636,939,796,EX_mg2_e,co-consumed,0.001845957120454128
13637,939,796,EX_mn2_e,co-consumed,0.000147038197718252
13638,939,796,EX_nh4_e,provided,5.81020049542e-06
13639,939,796,EX_o2_e,co-consumed,4.000000007062814
13640,939,796,EX_pheme_e,co-consumed,4.7443022883936004e-05
13641,939,796,EX_pi_e,co-consumed,0.20513428815441953
13642,939,796,EX_pyovd_kt_e,co-consumed,0.08161142134172414
13643,939,796,EX_so4_e,co-consumed,0.0014417620006114402
13644,939,796,EX_stfrnA_e,co-consumed,0.08560896902501572
13645,939,796,EX_stfrnB_e,co-consumed,0.08559065192532496
13646,939,796,EX_ura_e,co-consumed,0.07038945814940765
13647,939,796,EX_zn2_e,co-consumed,7.256154230407201e-05
13648,939,1350,EX_acald_e,co-consumed,1.917460305183066
13649,939,1350,EX_arg__L_e,co-consumed,0.04480527367546154
13650,939,1350,EX_ca2_e,co-consumed,0.000388408448178276
13651,939,1350,EX_cit_e,co-consumed,0.00038843042398383203
13652,939,1350,EX_cl_e,co-consumed,0.000388413463840176
13653,939,1350,EX_co2_e,received,3.9999931267347986
13654,939,1350,EX_cobalt2_e,co-consumed,7.46231436586e-06
13655,939,1350,EX_cu2_e,co-consumed,5.290780885396e-05
13656,939,1350,EX_fe3_e,co-consumed,0.2539856748570928
13657,939,1350,EX_gly_asn__L_e,co-consumed,0.01798827822953449
13658,939,1350,EX_glygln_e,co-consumed,0.1284790199539067
13659,939,1350,EX_h2s_e,co-consumed,0.018360240954817714
13660,939,1350,EX_h_e,co-consumed,0.17888914915507573
13661,939,1350,EX_ile__L_e,co-consumed,0.016327387249486534
13662,939,1350,EX_k_e,co-consumed,0.01456591528015751
13663,939,1350,EX_malt_e,co-consumed,0.024316272548759867
13664,939,1350,EX_mg2_e,co-consumed,0.000647355765087112
13665,939,1350,EX_mn2_e,co-consumed,5.1564593668596e-05
13666,939,1350,EX_o2_e,co-consumed,4.000000001268809
13667,939,1350,EX_pi_e,co-consumed,0.11485945952391907
13668,939,1350,EX_pyovd_kt_e,co-consumed,0.08164225635842604
13669,939,1350,EX_so4_e,co-consumed,0.000323716092813068
13670,939,1350,EX_stfrnA_e,co-consumed,0.08564058922336161
13671,939,1350,EX_stfrnB_e,co-consumed,0.08561906502578104
13672,939,1350,EX_thm_e,co-consumed,1.6419537479584e-05
13673,939,1350,EX_tyr__L_e,co-consumed,0.010290447363563479
13674,939,1350,EX_ura_e,co-consumed,0.0019525092422970841
13675,939,1350,EX_zn2_e,co-consumed,2.5446491987588002e-05
13676,939,262,EX_acald_e,co-consumed,2.3331030225877964
13677,939,262,EX_arg__L_e,co-consumed,0.09830545590351224
13678,939,262,EX_asp__L_e,co-consumed,3.7421089295866063
13679,939,262,EX_bz_e,co-consumed,3.3232014882852e-05
13680,939,262,EX_ca2_e,co-consumed,0.001729864292236908
13681,939,262,EX_cl_e,co-consumed,0.0017298642985617162
13682,939,262,EX_co2_e,received,3.9999931267347986
13683,939,262,EX_cobalt2_e,co-consumed,3.3234664594716e-05
13684,939,262,EX_cu2_e,co-consumed,0.000235650970620524
13685,939,262,EX_etoh_e,received,3.9999986151031823
13686,939,262,EX_fe2_e,co-consumed,0.002304981749567044
13687,939,262,EX_fe3_e,co-consumed,0.09825562569376221
13688,939,262,EX_glu__L_e,co-consumed,0.7326833773435338
13689,939,262,EX_gly_asn__L_e,co-consumed,0.08011383168303018
13690,939,262,EX_gua_e,provided,0.11462372236362665
13691,939,262,EX_h2o_e,provided,3.9999997466492805
13692,939,262,EX_h2s_e,co-consumed,0.051150502675831995
13693,939,262,EX_h_e,co-consumed,3.9999999358706617
13694,939,262,EX_ile__L_e,co-consumed,0.09655632339616185
13695,939,262,EX_indole_e,co-consumed,0.01889157864291596
13696,939,262,EX_k_e,co-consumed,0.06487173886236564
13697,939,262,EX_mg2_e,co-consumed,0.002883107157740876
13698,939,262,EX_mn2_e,co-consumed,0.000229651532349492
13699,939,262,EX_nh4_e,provided,1.4546589208535525
13700,939,262,EX_o2_e,co-consumed,4.000000005716123
13701,939,262,EX_pi_e,co-consumed,0.21639201496887295
13702,939,262,EX_pyovd_kt_e,co-consumed,0.08179167806008131
13703,939,262,EX_so4_e,co-consumed,0.0014417620006114402
13704,939,262,EX_tyr__L_e,co-consumed,0.0458292680808313
13705,939,262,EX_ura_e,co-consumed,0.10993626824722248
13706,939,262,EX_zn2_e,co-consumed,0.000113330206267984
13707,939,978,EX_acald_e,co-consumed,3.9999998664308722
13708,939,978,EX_arg__L_e,co-consumed,0.03493271998263871
13709,939,978,EX_bz_e,co-consumed,1.178109358972e-05
13710,939,978,EX_ca2_e,co-consumed,0.000614705407725804
13711,939,978,EX_cl_e,co-consumed,0.000614705397849888
13712,939,978,EX_co2_e,received,3.9999931267347986
13713,939,978,EX_cobalt2_e,co-consumed,1.1809901884912e-05
13714,939,978,EX_cu2_e,co-consumed,8.373220436403201e-05
13715,939,978,EX_fe2_e,co-consumed,0.0007928112618444481
13716,939,978,EX_fe3_e,co-consumed,0.25421123036778265
13717,939,978,EX_glu__L_e,co-consumed,0.7326833773435338
13718,939,978,EX_glyc_e,provided,0.024997015534810717
13719,939,978,EX_glygln_e,co-consumed,0.16531970933720153
13720,939,978,EX_h2o_e,provided,3.999999718465075
13721,939,978,EX_h2s_e,co-consumed,0.029059921706837077
13722,939,978,EX_h_e,co-consumed,3.999999719834292
13723,939,978,EX_ile__L_e,co-consumed,0.03672040273140531
13724,939,978,EX_k_e,co-consumed,0.02305210178621846
13725,939,978,EX_lac__L_e,co-consumed,1.1283645295789803e-06
13726,939,978,EX_mg2_e,co-consumed,0.00102450898582638
13727,939,978,EX_mn2_e,co-consumed,8.1606422024748e-05
13728,939,978,EX_nh4_e,provided,0.15221570128204553
13729,939,978,EX_o2_e,co-consumed,3.999999987126816
13730,939,978,EX_pi_e,co-consumed,0.16582010592256907
13731,939,978,EX_pyovd_kt_e,co-consumed,0.08177217094967777
13732,939,978,EX_so4_e,co-consumed,0.000512315308719196
13733,939,978,EX_stfrnA_e,co-consumed,0.08577318102997826
13734,939,978,EX_stfrnB_e,co-consumed,0.08574355525679864
13735,939,978,EX_thm_e,co-consumed,2.6335884137236003e-05
13736,939,978,EX_zn2_e,co-consumed,4.0266750851668e-05
13737,939,1338,EX_acald_e,received,3.999999953878311
13738,939,1338,EX_arg__L_e,co-consumed,0.09830545590351224
13739,939,1338,EX_bz_e,co-consumed,3.3232014882852e-05
13740,939,1338,EX_ca2_e,co-consumed,0.001729864292236908
13741,939,1338,EX_cl_e,co-consumed,0.0017298642985617162
13742,939,1338,EX_co2_e,received,3.9999931267347986
13743,939,1338,EX_co_e,provided,0.000196124531918444
13744,939,1338,EX_cobalt2_e,co-consumed,3.3234664594716e-05
13745,939,1338,EX_cu2_e,co-consumed,0.000235650970620524
13746,939,1338,EX_etoh_e,received,0.00032043276375097603
13747,939,1338,EX_fe2_e,co-consumed,0.002304981749567044
13748,939,1338,EX_fe3_e,co-consumed,0.10098779478597139
13749,939,1338,EX_glu__L_e,received,0.5985558432159503
13750,939,1338,EX_gly_asn__L_e,co-consumed,0.08011383168303018
13751,939,1338,EX_glyc_e,provided,0.024997015534810717
13752,939,1338,EX_gua_e,provided,0.11927081725904311
13753,939,1338,EX_h2s_e,co-consumed,0.051150502675831995
13754,939,1338,EX_h_e,co-consumed,3.99999984176356
13755,939,1338,EX_ile__L_e,co-consumed,0.09655632339616185
13756,939,1338,EX_indole_e,co-consumed,0.01889157864291596
13757,939,1338,EX_k_e,co-consumed,0.06487173886236564
13758,939,1338,EX_mg2_e,co-consumed,0.002883107157740876
13759,939,1338,EX_mn2_e,co-consumed,0.000229651532349492
13760,939,1338,EX_no2_e,received,0.7647958208627043
13761,939,1338,EX_o2_e,co-consumed,4.0000000081240135
13762,939,1338,EX_pheme_e,co-consumed,7.4111704178228e-05
13763,939,1338,EX_pi_e,co-consumed,0.21639201496887295
13764,939,1338,EX_pyovd_kt_e,co-consumed,0.08179167806008131
13765,939,1338,EX_so4_e,co-consumed,0.0014417620006114402
13766,939,1338,EX_tyr__L_e,co-consumed,0.0458292680808313
13767,939,1338,EX_zn2_e,co-consumed,0.000113330206267984
13768,939,1357,EX_acald_e,co-consumed,1.35859842204089
13769,939,1357,EX_arg__L_e,co-consumed,0.07409311905358083
13770,939,1357,EX_bz_e,co-consumed,2.5053005366268003e-05
13771,939,1357,EX_ca2_e,co-consumed,0.001303803745359452
13772,939,1357,EX_cl_e,co-consumed,0.0013038037393576522
13773,939,1357,EX_co2_e,received,3.9999931267347986
13774,939,1357,EX_cobalt2_e,co-consumed,2.504906331142e-05
13775,939,1357,EX_cu2_e,co-consumed,0.000177615054287412
13776,939,1357,EX_etoh_e,co-consumed,1.2935053489466327e-06
13777,939,1357,EX_fe2_e,co-consumed,0.001736825051244268
13778,939,1357,EX_fe3_e,co-consumed,0.09943419479300797
13779,939,1357,EX_for_e,provided,0.2306773228292371
13780,939,1357,EX_glyc_e,provided,0.024997015534810717
13781,939,1357,EX_glygln_e,co-consumed,0.17397824572201334
13782,939,1357,EX_h2s_e,co-consumed,0.051150502675831995
13783,939,1357,EX_h_e,co-consumed,3.999999973844059
13784,939,1357,EX_ile__L_e,co-consumed,0.07277490655242234
13785,939,1357,EX_indole_e,co-consumed,0.014238646584827628
13786,939,1357,EX_k_e,co-consumed,0.04889401814946166
13787,939,1357,EX_mg2_e,co-consumed,0.0021730062497658
13788,939,1357,EX_mn2_e,co-consumed,0.000173089025632868
13789,939,1357,EX_o2_e,co-consumed,4.000000008118272
13790,939,1357,EX_oxa_e,received,0.14862217281861737
13791,939,1357,EX_pheme_e,co-consumed,5.5853056938744005e-05
13792,939,1357,EX_pi_e,co-consumed,0.21639201496887295
13793,939,1357,EX_pyovd_kt_e,co-consumed,0.08179167806008131
13794,939,1357,EX_so4_e,co-consumed,0.001086645104511944
13795,939,1357,EX_tyr__L_e,co-consumed,0.0345975202625863
13796,939,1357,EX_zn2_e,co-consumed,8.5417305891944e-05
13797,939,2751,EX_co2_e,received,0.4242778801344553
13798,939,2751,EX_cys__L_e,received,0.03062764767200241
13799,939,2751,EX_fe3_e,co-consumed,0.25214261553782036
13800,939,2751,EX_glu__L_e,received,0.6995528978121673
13801,939,2751,EX_glyc_e,provided,0.024997015534810717
13802,939,2751,EX_h2s_e,co-consumed,0.051150502675831995
13803,939,2751,EX_h_e,received,3.9999999748859985
13804,939,2751,EX_lac__L_e,received,1.1283645295789803e-06
13805,939,2751,EX_malt_e,co-consumed,0.22072956165251448
13806,939,2751,EX_nh4_e,provided,0.7901715688895377
13807,939,2751,EX_o2_e,co-consumed,3.999999925117265
13808,939,2751,EX_pyovd_kt_e,co-consumed,0.08140781945174283
13809,939,2751,EX_stfrnA_e,co-consumed,0.0853751819941325
13810,939,2751,EX_stfrnB_e,co-consumed,0.08535991256867606
13811,939,709,EX_acald_e,co-consumed,3.999999565435491
13812,939,709,EX_arg__L_e,received,0.09830545590351224
13813,939,709,EX_asp__L_e,co-consumed,2.3364666711578006
13814,939,709,EX_co2_e,co-consumed,3.9999931267347986
13815,939,709,EX_etoh_e,received,0.6805789844413482
13816,939,709,EX_fe2_e,co-consumed,0.001004880035867944
13817,939,709,EX_fe3_e,co-consumed,0.25283877006317557
13818,939,709,EX_h2s_e,co-consumed,0.036008770359333114
13819,939,709,EX_h_e,co-consumed,3.9999997443327784
13820,939,709,EX_lac__L_e,received,1.1283645295789803e-06
13821,939,709,EX_nh4_e,provided,1.2529140989344e-05
13822,939,709,EX_o2_e,co-consumed,3.9999999885236144
13823,939,709,EX_pheme_e,received,7.4111704178228e-05
13824,939,709,EX_pi_e,received,1.2724910709637248e-06
13825,939,709,EX_pyovd_kt_e,co-consumed,0.08162271012892948
13826,939,709,EX_stfrnA_e,co-consumed,0.08561876966794828
13827,939,709,EX_stfrnB_e,co-consumed,0.08559728795379533
13828,939,1080,EX_acald_e,co-consumed,3.9999998824042273
13829,939,1080,EX_arg__L_e,co-consumed,0.09774477676403731
13830,939,1080,EX_asp__L_e,co-consumed,0.0017179471956249041
13831,939,1080,EX_bz_e,co-consumed,3.299013178626e-05
13832,939,1080,EX_ca2_e,co-consumed,0.0017199988518446041
13833,939,1080,EX_cl_e,co-consumed,0.001719998833413928
13834,939,1080,EX_co2_e,received,3.9999931267347986
13835,939,1080,EX_cobalt2_e,co-consumed,3.3045126410572e-05
13836,939,1080,EX_cu2_e,co-consumed,0.00023428994625097202
13837,939,1080,EX_cys__L_e,co-consumed,0.030262793695731618
13838,939,1080,EX_etoh_e,received,3.9999986151031823
13839,939,1080,EX_fe2_e,co-consumed,0.002292361233621388
13840,939,1080,EX_fe3_e,co-consumed,0.25543215656573787
13841,939,1080,EX_gly_asn__L_e,co-consumed,0.07965697718288292
13842,939,1080,EX_glygln_e,co-consumed,0.763394002282184
13843,939,1080,EX_h2s_e,co-consumed,0.05085931955435928
13844,939,1080,EX_h_e,co-consumed,3.99999994148562
13845,939,1080,EX_ile__L_e,co-consumed,0.09600566677600285
13846,939,1080,EX_indole_e,co-consumed,0.0187838402181919
13847,939,1080,EX_k_e,co-consumed,0.0645017735945925
13848,939,1080,EX_malt_e,co-consumed,0.12643169613036048
13849,939,1080,EX_mg2_e,co-consumed,0.002866664713725084
13850,939,1080,EX_mn2_e,co-consumed,0.000228341823497068
13851,939,1080,EX_o2_e,co-consumed,4.000000008271434
13852,939,1080,EX_pheme_e,co-consumed,7.3692198747684e-05
13853,939,1080,EX_pi_e,co-consumed,0.21639201496887295
13854,939,1080,EX_pyovd_kt_e,co-consumed,0.08162460805035757
13855,939,1080,EX_so4_e,co-consumed,0.001433538678428896
13856,939,1080,EX_stfrnA_e,co-consumed,0.08562607366209049
13857,939,1080,EX_stfrnB_e,co-consumed,0.08560076402816279
13858,939,1080,EX_thm_e,co-consumed,7.3690323671168e-05
13859,939,1080,EX_tyr__L_e,co-consumed,0.04556790367744402
13860,939,1080,EX_val__L_e,co-consumed,0.1398337412608802
13861,939,1080,EX_zn2_e,co-consumed,0.00011268388106005601
13862,939,1234,EX_acald_e,received,1.9985361270235371
13863,939,1234,EX_arg__L_e,co-consumed,0.09830545590351224
13864,939,1234,EX_bz_e,co-consumed,3.3232014882852e-05
13865,939,1234,EX_ca2_e,co-consumed,0.001729864292236908
13866,939,1234,EX_cit_e,co-consumed,0.13104902428488074
13867,939,1234,EX_cl_e,co-consumed,0.0017298642985617162
13868,939,1234,EX_co2_e,received,3.9999931267347986
13869,939,1234,EX_cobalt2_e,co-consumed,3.3234664594716e-05
13870,939,1234,EX_cu2_e,co-consumed,0.000235650970620524
13871,939,1234,EX_cys__L_e,co-consumed,0.03062764767200241
13872,939,1234,EX_etoh_e,received,6.33149306074e-06
13873,939,1234,EX_fe2_e,co-consumed,0.002304981749567044
13874,939,1234,EX_fe3_e,co-consumed,0.1012688559048006
13875,939,1234,EX_glu__L_e,received,1.3939495782268335e-06
13876,939,1234,EX_gly_asn__L_e,co-consumed,0.08011383168303018
13877,939,1234,EX_glyc_e,provided,0.024997015534810717
13878,939,1234,EX_glygln_e,co-consumed,0.8000269939960027
13879,939,1234,EX_h2o_e,provided,0.657708615030396
13880,939,1234,EX_h2s_e,co-consumed,0.051150502675831995
13881,939,1234,EX_h_e,co-consumed,3.9999999748859985
13882,939,1234,EX_ile__L_e,co-consumed,0.09655632339616185
13883,939,1234,EX_indole_e,co-consumed,0.01889157864291596
13884,939,1234,EX_k_e,co-consumed,0.06487173886236564
13885,939,1234,EX_malt_e,co-consumed,0.22072956165251448
13886,939,1234,EX_mg2_e,co-consumed,0.002883107157740876
13887,939,1234,EX_mn2_e,co-consumed,0.000229651532349492
13888,939,1234,EX_nh4_e,provided,2.477133969872802
13889,939,1234,EX_o2_e,co-consumed,4.0000000081989855
13890,939,1234,EX_pheme_e,co-consumed,7.4111704178228e-05
13891,939,1234,EX_pi_e,co-consumed,0.21639201496887295
13892,939,1234,EX_pyovd_kt_e,co-consumed,0.08179167806008131
13893,939,1234,EX_so4_e,co-consumed,0.0014417620006114402
13894,939,1234,EX_tyr__L_e,co-consumed,0.0458292680808313
13895,939,1234,EX_zn2_e,co-consumed,0.000113330206267984
13896,939,459,EX_acald_e,received,3.999999953878311
13897,939,459,EX_arg__L_e,co-consumed,0.0752507675809346
13898,939,459,EX_bz_e,co-consumed,2.5439122619448e-05
13899,939,459,EX_ca2_e,co-consumed,0.001324174641914416
13900,939,459,EX_cl_e,co-consumed,0.001324174648216012
13901,939,459,EX_co2_e,received,3.6775672303461886
13902,939,459,EX_co_e,provided,1.7996924166142676e-06
13903,939,459,EX_cobalt2_e,co-consumed,2.5440435039219997e-05
13904,939,459,EX_cu2_e,co-consumed,0.000180390647390964
13905,939,459,EX_etoh_e,co-consumed,3.525817915228069
13906,939,459,EX_fe2_e,co-consumed,0.001764986478475996
13907,939,459,EX_fe3_e,co-consumed,0.09975758485025954
13908,939,459,EX_gly_asn__L_e,co-consumed,0.06132544409948123
13909,939,459,EX_glyc_e,provided,0.024997015534810717
13910,939,459,EX_glygln_e,co-consumed,0.40215818231236483
13911,939,459,EX_h2s_e,co-consumed,0.051150502675831995
13912,939,459,EX_h_e,co-consumed,3.9999999748859985
13913,939,459,EX_ile__L_e,co-consumed,0.07391186520346255
13914,939,459,EX_indole_e,co-consumed,0.014461106596512244
13915,939,459,EX_k_e,co-consumed,0.049657948366106826
13916,939,459,EX_lac__L_e,co-consumed,1.1283645295789803e-06
13917,939,459,EX_mg2_e,co-consumed,0.002206957731340756
13918,939,459,EX_mn2_e,co-consumed,0.000175793406121016
13919,939,459,EX_nh4_e,provided,0.39438734493157057
13920,939,459,EX_o2_e,co-consumed,4.000000008346392
13921,939,459,EX_pheme_e,co-consumed,5.6724788608056e-05
13922,939,459,EX_pi_e,co-consumed,0.21639201496887295
13923,939,459,EX_pyovd_kt_e,co-consumed,0.08179167806008131
13924,939,459,EX_so4_e,co-consumed,0.0011036054317014401
13925,939,459,EX_tyr__L_e,co-consumed,0.035138067082458264
13926,939,459,EX_ura_e,co-consumed,0.08415546426400097
13927,939,459,EX_zn2_e,co-consumed,8.675188348374e-05
13928,939,1101,EX_acald_e,co-consumed,1.7386622935093572
13929,939,1101,EX_arg__L_e,co-consumed,0.0708719972398029
13930,939,1101,EX_bz_e,co-consumed,2.3960537358676e-05
13931,939,1101,EX_ca2_e,co-consumed,0.001247118090470048
13932,939,1101,EX_cl_e,co-consumed,0.001247118089766604
13933,939,1101,EX_co2_e,received,2.421582560481998
13934,939,1101,EX_cobalt2_e,co-consumed,2.3960001738136e-05
13935,939,1101,EX_cu2_e,co-consumed,0.000169893680116944
13936,939,1101,EX_cys__L_e,co-consumed,0.02246962345297405
13937,939,1101,EX_etoh_e,co-consumed,1.6528803451039475e-06
13938,939,1101,EX_fe2_e,co-consumed,0.001662285257221172
13939,939,1101,EX_fe3_e,co-consumed,0.09965199913962736
13940,939,1101,EX_gly_asn__L_e,co-consumed,0.05775678414611285
13941,939,1101,EX_glyc_e,provided,0.024997015534810717
13942,939,1101,EX_glygln_e,co-consumed,0.2959978128613629
13943,939,1101,EX_gua_e,provided,0.013918972514455676
13944,939,1101,EX_h2s_e,co-consumed,0.03687654426009199
13945,939,1101,EX_h_e,co-consumed,3.9999999748859985
13946,939,1101,EX_ile__L_e,co-consumed,0.06961074539346983
13947,939,1101,EX_indole_e,co-consumed,0.013619584923228826
13948,939,1101,EX_k_e,co-consumed,0.04676824619272245
13949,939,1101,EX_mg2_e,co-consumed,0.0020785301475042483
13950,939,1101,EX_mn2_e,co-consumed,0.00016556361201052803
13951,939,1101,EX_nh4_e,provided,0.1584479661111053
13952,939,1101,EX_o2_e,co-consumed,4.000000008149574
13953,939,1101,EX_pheme_e,co-consumed,5.342306976853601e-05
13954,939,1101,EX_pi_e,co-consumed,0.21639201496887295
13955,939,1101,EX_pyovd_kt_e,co-consumed,0.08179167806008131
13956,939,1101,EX_so4_e,co-consumed,0.0010394015906126839
13957,939,1101,EX_thm_e,received,7.4113588579012e-05
13958,939,1101,EX_tyr__L_e,co-consumed,0.033429170991171486
13959,939,1101,EX_ura_e,co-consumed,0.07925822142510183
13960,939,1101,EX_zn2_e,co-consumed,8.1703605927048e-05
13961,939,895,EX_acald_e,co-consumed,3.9999999079672297
13962,939,895,EX_arg__L_e,co-consumed,0.04662316792854972
13963,939,895,EX_ca2_e,co-consumed,0.000820419769612432
13964,939,895,EX_cit_e,co-consumed,3.99999998150825
13965,939,895,EX_cl_e,co-consumed,0.000820419769612432
13966,939,895,EX_co2_e,received,3.9999931267347986
13967,939,895,EX_cobalt2_e,co-consumed,1.5762147350859998e-05
13968,939,895,EX_cu2_e,co-consumed,0.00011175362471762
13969,939,895,EX_etoh_e,received,3.816404787615397
13970,939,895,EX_fe2_e,received,0.002304981749567044
13971,939,895,EX_fe3_e,co-consumed,0.2559489559051031
13972,939,895,EX_fe3pyovd_kt_e,provided,0.08179167813970883
13973,939,895,EX_glu__L_e,co-consumed,0.7326833773435338
13974,939,895,EX_gly_asn__L_e,co-consumed,0.03799544068859324
13975,939,895,EX_glygln_e,co-consumed,0.47329807696510173
13976,939,895,EX_h2s_e,co-consumed,0.03881892788041594
13977,939,895,EX_h_e,received,3.9999999748859985
13978,939,895,EX_indole_e,co-consumed,0.008959674706269403
13979,939,895,EX_istfrnA_e,provided,0.08579135370272273
13980,939,895,EX_istfrnB_e,provided,0.08577044294683825
13981,939,895,EX_k_e,co-consumed,0.03076660827857057
13982,939,895,EX_mg2_e,co-consumed,0.001367366289552788
13983,939,895,EX_mn2_e,co-consumed,0.00010891643819446402
13984,939,895,EX_o2_e,co-consumed,3.9999999806049624
13985,939,895,EX_pi_e,co-consumed,0.15194507879906127
13986,939,895,EX_pyovd_kt_e,received,0.08179167806008131
13987,939,895,EX_so4_e,co-consumed,0.0006837934442837
13988,939,895,EX_stfrnA_e,received,0.08579135370272256
13989,939,895,EX_stfrnB_e,received,0.08577044294487317
13990,939,895,EX_zn2_e,co-consumed,5.374892246644001e-05
13991,939,1174,EX_acald_e,co-consumed,1.3753633387686748e-06
13992,939,1174,EX_arg__L_e,co-consumed,0.05605769184233719
13993,939,1174,EX_ca2_e,co-consumed,0.000986437759824856
13994,939,1174,EX_cl_e,co-consumed,0.00098643776142874
13995,939,1174,EX_co2_e,received,2.0204843794699174
13996,939,1174,EX_cobalt2_e,co-consumed,1.895173409846e-05
13997,939,1174,EX_cu2_e,co-consumed,0.00013436779475808
13998,939,1174,EX_etoh_e,co-consumed,1.4944651258840753
13999,939,1174,EX_fe2_e,co-consumed,0.002304981749567044
14000,939,1174,EX_fe3_e,co-consumed,0.252709713225035
14001,939,1174,EX_gly_asn__L_e,co-consumed,0.04568414125757652
14002,939,1174,EX_glyc_e,provided,0.024997015534810717
14003,939,1174,EX_glygln_e,co-consumed,0.32396667529562967
14004,939,1174,EX_h2s_e,co-consumed,0.02916697578508537
14005,939,1174,EX_h_e,co-consumed,3.9999999748859985
14006,939,1174,EX_ile__L_e,co-consumed,0.055060282718296175
14007,939,1174,EX_k_e,co-consumed,0.0369924583388076
14008,939,1174,EX_malt_e,co-consumed,0.0701186252482854
14009,939,1174,EX_mg2_e,co-consumed,0.001644062933833644
14010,939,1174,EX_mn2_e,co-consumed,0.00013095648262036002
14011,939,1174,EX_nh4_e,provided,0.3070393874160899
14012,939,1174,EX_o2_e,co-consumed,4.000000007375812
14013,939,1174,EX_pheme_e,co-consumed,4.2253617028032e-05
14014,939,1174,EX_pi_e,co-consumed,0.18053216455657164
14015,939,1174,EX_pyovd_kt_e,co-consumed,0.08157835839235565
14016,939,1174,EX_so4_e,co-consumed,0.000822122439672656
14017,939,1174,EX_stfrnA_e,co-consumed,0.0855760688585592
14018,939,1174,EX_stfrnB_e,co-consumed,0.08555523452901823
14019,939,1174,EX_ura_e,co-consumed,0.06269127962800343
14020,939,1174,EX_zn2_e,co-consumed,6.4625413275748e-05
14021,939,638,EX_acald_e,received,3.999999953878311
14022,939,638,EX_arg__L_e,co-consumed,0.09830545590351224
14023,939,638,EX_ca2_e,co-consumed,0.001729864292236908
14024,939,638,EX_cl_e,co-consumed,0.0017298642985617162
14025,939,638,EX_co2_e,received,3.9999931267347986
14026,939,638,EX_cobalt2_e,co-consumed,3.3234664594716e-05
14027,939,638,EX_cu2_e,co-consumed,0.000235650970620524
14028,939,638,EX_cys__L_e,co-consumed,0.03062764767200241
14029,939,638,EX_etoh_e,received,6.3958109527e-06
14030,939,638,EX_fe2_e,co-consumed,0.002304981749567044
14031,939,638,EX_fe3_e,co-consumed,0.2559489559051031
14032,939,638,EX_glygln_e,co-consumed,0.7924241621974696
14033,939,638,EX_h2s_e,received,0.051150502675831995
14034,939,638,EX_h_e,co-consumed,3.9999999377074
14035,939,638,EX_ile__L_e,co-consumed,0.09655632339616185
14036,939,638,EX_k_e,co-consumed,0.06487173886236564
14037,939,638,EX_malt_e,co-consumed,0.22072956165251448
14038,939,638,EX_mg2_e,co-consumed,0.002883107157740876
14039,939,638,EX_mn2_e,co-consumed,0.000229651532349492
14040,939,638,EX_nh4_e,provided,0.5506591393670807
14041,939,638,EX_o2_e,co-consumed,4.0000000003571925
14042,939,638,EX_pi_e,co-consumed,0.21639201496887295
14043,939,638,EX_pyovd_kt_e,co-consumed,0.08179167806008131
14044,939,638,EX_so4_e,co-consumed,0.0014417620006114402
14045,939,638,EX_stfrnA_e,co-consumed,0.08579135370272256
14046,939,638,EX_stfrnB_e,co-consumed,0.08577044294487317
14047,939,638,EX_thm_e,co-consumed,7.4113588579012e-05
14048,939,638,EX_tyr__L_e,co-consumed,0.0458292680808313
14049,939,638,EX_zn2_e,co-consumed,0.000113330206267984
14050,939,1252,EX_acald_e,co-consumed,3.9999997904593902
14051,939,1252,EX_arg__L_e,co-consumed,0.04958276460367674
14052,939,1252,EX_ca2_e,co-consumed,0.000872499182630916
14053,939,1252,EX_cit_e,co-consumed,0.28266369032457156
14054,939,1252,EX_cl_e,co-consumed,0.0008724991859140641
14055,939,1252,EX_co2_e,received,3.9999931267347986
14056,939,1252,EX_cobalt2_e,co-consumed,1.6762632508992e-05
14057,939,1252,EX_cu2_e,co-consumed,0.00011884763121716
14058,939,1252,EX_etoh_e,received,3.8533133133823108
14059,939,1252,EX_fe3_e,co-consumed,0.10010262645074329
14060,939,1252,EX_glu__L_e,co-consumed,0.7326833773435338
14061,939,1252,EX_gly_asn__L_e,co-consumed,0.040407353390169966
14062,939,1252,EX_glyc_e,provided,2.5718014938363035e-06
14063,939,1252,EX_glygln_e,co-consumed,0.4764608738417795
14064,939,1252,EX_h2s_e,co-consumed,0.025799261722311503
14065,939,1252,EX_h_e,co-consumed,3.9999999748859985
14066,939,1252,EX_ile__L_e,co-consumed,0.04870053056460484
14067,939,1252,EX_indole_e,co-consumed,0.009528431344488265
14068,939,1252,EX_k_e,co-consumed,0.03271964129784373
14069,939,1252,EX_mg2_e,co-consumed,0.001454165301560156
14070,939,1252,EX_mn2_e,co-consumed,0.00011583034153456801
14071,939,1252,EX_o2_e,co-consumed,4.000000006593655
14072,939,1252,EX_pheme_e,co-consumed,3.7374474097828e-05
14073,939,1252,EX_pi_e,co-consumed,0.16625355329077693
14074,939,1252,EX_pyovd_kt_e,co-consumed,0.08179167806008131
14075,939,1252,EX_so4_e,co-consumed,0.0007271911647131201
14076,939,1252,EX_tyr__L_e,co-consumed,0.02315249065739494
14077,939,1252,EX_zn2_e,co-consumed,5.7160849428843996e-05
14078,1101,1208,EX_acald_e,co-consumed,0.031528264551958556
14079,1101,1208,EX_arg__L_e,co-consumed,0.010515392853133068
14080,1101,1208,EX_ca2_e,co-consumed,0.000185037459311756
14081,1101,1208,EX_cl_e,co-consumed,0.00018503746083356002
14082,1101,1208,EX_cobalt2_e,co-consumed,3.554994415211502e-06
14083,1101,1208,EX_cu2_e,co-consumed,2.5204910403848e-05
14084,1101,1208,EX_cys__L_e,co-consumed,0.0032636170591681004
14085,1101,1208,EX_fe2_e,co-consumed,0.00023873883590635602
14086,1101,1208,EX_fe3_e,co-consumed,0.09965199913962736
14087,1101,1208,EX_glyc2p_e,co-consumed,1.0397915284202196e-06
14088,1101,1208,EX_glyc_e,received,0.8585038357276302
14089,1101,1208,EX_glygln_e,co-consumed,0.05348671039292357
14090,1101,1208,EX_h2o_e,provided,0.44188172090410993
14091,1101,1208,EX_h2s_e,co-consumed,0.00547056092920584
14092,1101,1208,EX_h_e,received,3.024212848729982
14093,1101,1208,EX_ile__L_e,co-consumed,0.011053439265323308
14094,1101,1208,EX_k_e,co-consumed,0.006939100248883789
14095,1101,1208,EX_lys__L_e,co-consumed,0.012199306937354772
14096,1101,1208,EX_mg2_e,co-consumed,0.000308395771808992
14097,1101,1208,EX_mn2_e,co-consumed,2.4565011409108002e-05
14098,1101,1208,EX_nh4_e,received,0.1584479661111053
14099,1101,1208,EX_o2_e,co-consumed,3.9999999827833617
14100,1101,1208,EX_orn_e,received,0.05296448255771899
14101,1101,1208,EX_pi_e,co-consumed,0.04983466476348048
14102,1101,1208,EX_pyovd_kt_e,co-consumed,0.08157885504853672
14103,1101,1208,EX_so4_e,co-consumed,0.00015421954251966
14104,1101,1208,EX_tyr__L_e,co-consumed,0.004910088625336588
14105,1101,1208,EX_zn2_e,co-consumed,1.2122530955867999e-05
14106,1101,1334,EX_arg__L_e,co-consumed,0.038608070545978
14107,1101,1334,EX_bz_e,co-consumed,1.3059379269832e-05
14108,1101,1334,EX_ca2_e,co-consumed,0.0006793794336395401
14109,1101,1334,EX_cl_e,co-consumed,0.00067937942944234
14110,1101,1334,EX_cobalt2_e,co-consumed,1.305243863054e-05
14111,1101,1334,EX_cu2_e,co-consumed,9.254178989055201e-05
14112,1101,1334,EX_cys__L_e,co-consumed,0.01205676251673251
14113,1101,1334,EX_fe2_e,co-consumed,0.00087650510841338
14114,1101,1334,EX_fe3_e,co-consumed,0.09965199913962736
14115,1101,1334,EX_gly_asn__L_e,co-consumed,0.03146355398006519
14116,1101,1334,EX_glyc_e,received,0.8585038357276302
14117,1101,1334,EX_h2o_e,provided,3.999999949116735
14118,1101,1334,EX_h2s_e,co-consumed,0.020089283009825425
14119,1101,1334,EX_h_e,co-consumed,1.0810525813379293
14120,1101,1334,EX_ile__L_e,co-consumed,0.04058313148740553
14121,1101,1334,EX_k_e,co-consumed,0.025477446536117086
14122,1101,1334,EX_leu__L_e,co-consumed,0.06021490463799532
14123,1101,1334,EX_lys__L_e,received,0.08222137421269764
14124,1101,1334,EX_mg2_e,co-consumed,0.0011322990512711
14125,1101,1334,EX_mn2_e,co-consumed,9.019235093705599e-05
14126,1101,1334,EX_nh4_e,received,0.1584479661111053
14127,1101,1334,EX_o2_e,co-consumed,3.9999999947191163
14128,1101,1334,EX_orn_e,co-consumed,0.02841741718383033
14129,1101,1334,EX_pi_e,co-consumed,0.1832505419051775
14130,1101,1334,EX_pyovd_kt_e,co-consumed,0.08174269204197179
14131,1101,1334,EX_so4_e,co-consumed,0.000566218747882516
14132,1101,1334,EX_tyr__L_e,co-consumed,0.01802789882693641
14133,1101,1334,EX_zn2_e,co-consumed,4.4508815730152e-05
14134,1101,397,EX_arg__L_e,co-consumed,0.06920866969908211
14135,1101,397,EX_bz_e,co-consumed,2.3404863776383998e-05
14136,1101,397,EX_ca2_e,co-consumed,0.001217852818750344
14137,1101,397,EX_cl_e,co-consumed,0.001217852822333104
14138,1101,397,EX_cobalt2_e,co-consumed,2.339774867916e-05
14139,1101,397,EX_cu2_e,co-consumed,0.000165890038135252
14140,1101,397,EX_cys__L_e,co-consumed,0.02246962345297405
14141,1101,397,EX_fe2_e,co-consumed,0.0016230509548978839
14142,1101,397,EX_fe3_e,co-consumed,0.09965199913962736
14143,1101,397,EX_glyc_e,co-consumed,0.18638663939230632
14144,1101,397,EX_glygln_e,co-consumed,0.2435887689092726
14145,1101,397,EX_gua_e,co-consumed,0.013918972514455676
14146,1101,397,EX_h2s_e,received,0.03687654426009199
14147,1101,397,EX_h_e,co-consumed,3.999999947550514
14148,1101,397,EX_ile__L_e,co-consumed,0.06797735190551758
14149,1101,397,EX_indole_e,co-consumed,0.01329998742891936
14150,1101,397,EX_k_e,co-consumed,0.045670767579315284
14151,1101,397,EX_leu__L_e,co-consumed,0.10541401146566946
14152,1101,397,EX_lys__L_e,co-consumed,0.0802919326984846
14153,1101,397,EX_mg2_e,co-consumed,0.002029754698458512
14154,1101,397,EX_mn2_e,co-consumed,0.000161678443373004
14155,1101,397,EX_nh4_e,co-consumed,0.1584479661111053
14156,1101,397,EX_o2_e,co-consumed,4.0000000080151406
14157,1101,397,EX_orn_e,co-consumed,0.05172166304865404
14158,1101,397,EX_pheme_e,co-consumed,5.217097049218e-05
14159,1101,397,EX_pi_e,co-consumed,0.22556046007853384
14160,1101,397,EX_pyovd_kt_e,co-consumed,0.08168261366841971
14161,1101,397,EX_so4_e,co-consumed,0.001015003960146008
14162,1101,397,EX_tyr__L_e,co-consumed,0.03231674507244956
14163,1101,397,EX_zn2_e,co-consumed,7.9786322995936e-05
14164,1101,790,EX_acald_e,co-consumed,1.7386622935093572
14165,1101,790,EX_arg__L_e,co-consumed,0.0643513465484833
14166,1101,790,EX_bz_e,co-consumed,2.1815775779456e-05
14167,1101,790,EX_ca2_e,co-consumed,0.0011323795243763201
14168,1101,790,EX_cl_e,co-consumed,0.001132379475451076
14169,1101,790,EX_cobalt2_e,co-consumed,2.175560948702e-05
14170,1101,790,EX_cu2_e,co-consumed,0.000154264017236172
14171,1101,790,EX_etoh_e,co-consumed,1.3486580099658077e-06
14172,1101,790,EX_fe2_e,co-consumed,0.001508712915426732
14173,1101,790,EX_fe3_e,co-consumed,0.09965199913962736
14174,1101,790,EX_gly_e,co-consumed,0.3365352611723767
14175,1101,790,EX_glyc_e,co-consumed,5.115498198920001e-06
14176,1101,790,EX_glygln_e,co-consumed,0.29324987953109855
14177,1101,790,EX_gua_e,co-consumed,1.4960626605072258e-06
14178,1101,790,EX_h2s_e,co-consumed,0.03687654426009199
14179,1101,790,EX_h_e,co-consumed,3.9999999510067523
14180,1101,790,EX_ile__L_e,co-consumed,0.0632063717651916
14181,1101,790,EX_indole_e,co-consumed,0.012366520040754805
14182,1101,790,EX_k_e,co-consumed,0.042465426826002066
14183,1101,790,EX_leu__L_e,co-consumed,0.0980154113658712
14184,1101,790,EX_lys__L_e,co-consumed,0.07465664481291695
14185,1101,790,EX_mg2_e,co-consumed,0.0018872991181296081
14186,1101,790,EX_mn2_e,co-consumed,0.000150331261555316
14187,1101,790,EX_nh4_e,received,0.1584479661111053
14188,1101,790,EX_o2_e,co-consumed,4.000000008075555
14189,1101,790,EX_orn_e,co-consumed,0.04809132745711527
14190,1101,790,EX_pheme_e,co-consumed,4.851410567494e-05
14191,1101,790,EX_pi_e,co-consumed,0.20959968283663044
14192,1101,790,EX_pyovd_kt_e,co-consumed,0.08168969220271365
14193,1101,790,EX_so4_e,co-consumed,0.000943764545232616
14194,1101,790,EX_tyr__L_e,received,0.033429170991171486
14195,1101,790,EX_zn2_e,co-consumed,7.418662835074e-05
14196,1101,947,EX_acald_e,received,1.7386622935093572
14197,1101,947,EX_arg__L_e,co-consumed,0.07014177111137566
14198,1101,947,EX_ca2_e,co-consumed,0.00123427219400334
14199,1101,947,EX_cl_e,co-consumed,0.0012342722029121001
14200,1101,947,EX_cobalt2_e,co-consumed,2.3713174407356e-05
14201,1101,947,EX_cu2_e,co-consumed,0.000168126606253288
14202,1101,947,EX_etoh_e,co-consumed,1.6528803451039475e-06
14203,1101,947,EX_fe2_e,co-consumed,0.001662285257221172
14204,1101,947,EX_fe3_e,co-consumed,0.09965199913962736
14205,1101,947,EX_gly_asn__L_e,co-consumed,0.05716190124390364
14206,1101,947,EX_glyc2p_e,co-consumed,1.4717885945011311e-06
14207,1101,947,EX_glyc_e,co-consumed,0.8585038357276302
14208,1101,947,EX_glygln_e,co-consumed,0.2959978128613629
14209,1101,947,EX_h2s_e,co-consumed,0.036494787671598944
14210,1101,947,EX_h_e,co-consumed,3.9999999758898386
14211,1101,947,EX_indole_e,co-consumed,0.013479294341799253
14212,1101,947,EX_k_e,co-consumed,0.04628651150126695
14213,1101,947,EX_leu__L_e,received,1.712640020151455e-06
14214,1101,947,EX_lys__L_e,co-consumed,0.08137446490217075
14215,1101,947,EX_mg2_e,co-consumed,0.0020571203234276882
14216,1101,947,EX_mn2_e,co-consumed,0.000163858229789876
14217,1101,947,EX_nh4_e,co-consumed,0.1584479661111053
14218,1101,947,EX_o2_e,co-consumed,4.0000000079260385
14219,1101,947,EX_orn_e,received,0.05296448255771899
14220,1101,947,EX_pi_e,co-consumed,0.22859835619422186
14221,1101,947,EX_pyovd_kt_e,co-consumed,0.08172432925127425
14222,1101,947,EX_so4_e,co-consumed,0.00102869325506434
14223,1101,947,EX_zn2_e,co-consumed,8.0862020779088e-05
14224,1101,997,EX_acald_e,co-consumed,0.6015655253815413
14225,1101,997,EX_arg__L_e,co-consumed,0.05929959856276623
14226,1101,997,EX_bz_e,co-consumed,2.0096298488695998e-05
14227,1101,997,EX_ca2_e,co-consumed,0.0010434847208092
14228,1101,997,EX_cl_e,co-consumed,0.00104348472257708
14229,1101,997,EX_cobalt2_e,co-consumed,2.0047737191336e-05
14230,1101,997,EX_cu2_e,co-consumed,0.000142138456686592
14231,1101,997,EX_etoh_e,co-consumed,1.5971720553081045e-06
14232,1101,997,EX_fe2_e,co-consumed,0.001390731870040848
14233,1101,997,EX_fe3_e,co-consumed,0.09940322317984002
14234,1101,997,EX_gly_asn__L_e,co-consumed,0.04832607565121119
14235,1101,997,EX_glyc_e,co-consumed,0.027880222580512305
14236,1101,997,EX_glygln_e,co-consumed,0.17273684583107904
14237,1101,997,EX_gua_e,co-consumed,0.013918972514455676
14238,1101,997,EX_h2s_e,co-consumed,0.03687654426009199
14239,1101,997,EX_h_e,co-consumed,3.999999955173125
14240,1101,997,EX_ile__L_e,co-consumed,0.05824451862096163
14241,1101,997,EX_indole_e,co-consumed,0.011395739851250869
14242,1101,997,EX_k_e,co-consumed,0.03913177965589056
14243,1101,997,EX_leu__L_e,co-consumed,0.09032106403279362
14244,1101,997,EX_lys__L_e,co-consumed,0.0687959983179711
14245,1101,997,EX_mg2_e,co-consumed,0.001739141201779196
14246,1101,997,EX_mn2_e,co-consumed,0.000138529863992152
14247,1101,997,EX_nh4_e,received,0.1584479661111053
14248,1101,997,EX_o2_e,co-consumed,4.000000008075873
14249,1101,997,EX_orn_e,co-consumed,0.04431628766154045
14250,1101,997,EX_pheme_e,co-consumed,4.4700229887944004e-05
14251,1101,997,EX_pyovd_kt_e,co-consumed,0.09778118568073929
14252,1101,997,EX_so4_e,co-consumed,0.000869810833913784
14253,1101,997,EX_thm_e,provided,4.4672280316016e-05
14254,1101,997,EX_tyr__L_e,co-consumed,0.02764506582847024
14255,1101,997,EX_ura_e,received,0.07925822142510183
14256,1101,997,EX_zn2_e,co-consumed,6.8362783822464e-05
14257,1101,1114,EX_arg__L_e,co-consumed,0.0046357303882063276
14258,1101,1114,EX_bz_e,co-consumed,1.5686153384505792e-06
14259,1101,1114,EX_ca2_e,co-consumed,8.157368052924399e-05
14260,1101,1114,EX_cl_e,co-consumed,8.1573673573936e-05
14261,1101,1114,EX_cobalt2_e,co-consumed,1.5672176856355215e-06
14262,1101,1114,EX_cu2_e,co-consumed,1.0660673623368001e-05
14263,1101,1114,EX_fe2_e,co-consumed,0.000105202132142988
14264,1101,1114,EX_fe3_e,co-consumed,0.09965199913962736
14265,1101,1114,EX_gly_asn__L_e,co-consumed,0.003777855372185156
14266,1101,1114,EX_glyc_e,co-consumed,0.8585038357276302
14267,1101,1114,EX_glygln_e,co-consumed,0.042553588203818285
14268,1101,1114,EX_h2s_e,co-consumed,0.0038483196513773637
14269,1101,1114,EX_h_e,received,0.00112623464957868
14270,1101,1114,EX_ile__L_e,co-consumed,0.004872935060638228
14271,1101,1114,EX_k_e,co-consumed,0.003059099217122536
14272,1101,1114,EX_leu__L_e,co-consumed,0.007230005544080364
14273,1101,1114,EX_lys__L_e,co-consumed,0.005534792074785936
14274,1101,1114,EX_mg2_e,co-consumed,0.000135956138154524
14275,1101,1114,EX_mn2_e,co-consumed,1.082947420774e-05
14276,1101,1114,EX_nh4_e,received,0.04547024196706147
14277,1101,1114,EX_o2_e,co-consumed,3.8457435539662432
14278,1101,1114,EX_orn_e,co-consumed,0.003464318233193924
14279,1101,1114,EX_pyovd_kt_e,co-consumed,0.08153202518695611
14280,1101,1114,EX_so4_e,co-consumed,6.7900542683388e-05
14281,1101,1114,EX_thm_e,provided,3.4862392137499753e-06
14282,1101,1114,EX_tyr__L_e,co-consumed,0.002161134730962664
14283,1101,1114,EX_zn2_e,co-consumed,5.344212308016e-06
14284,1101,1362,EX_acald_e,received,1.7386622935093572
14285,1101,1362,EX_arg__L_e,co-consumed,0.0708719972398029
14286,1101,1362,EX_bz_e,received,2.3960537358676e-05
14287,1101,1362,EX_ca2_e,co-consumed,0.001247118090470048
14288,1101,1362,EX_cl_e,co-consumed,0.001247118089766604
14289,1101,1362,EX_cobalt2_e,co-consumed,2.3960001738136e-05
14290,1101,1362,EX_cu2_e,co-consumed,0.000169893680116944
14291,1101,1362,EX_etoh_e,received,1.6528803451039475e-06
14292,1101,1362,EX_fe2_e,co-consumed,0.001662285257221172
14293,1101,1362,EX_fe3_e,co-consumed,0.09965199913962736
14294,1101,1362,EX_gly_asn__L_e,co-consumed,0.05775678414611285
14295,1101,1362,EX_glyc_e,co-consumed,0.8585038357276302
14296,1101,1362,EX_gua_e,co-consumed,0.013918972514455676
14297,1101,1362,EX_h2s_e,received,0.03687654426009199
14298,1101,1362,EX_h_e,co-consumed,3.999999965538384
14299,1101,1362,EX_indole_e,received,0.013619584923228826
14300,1101,1362,EX_k_e,co-consumed,0.04676824619272245
14301,1101,1362,EX_leu__L_e,co-consumed,0.10794710426198569
14302,1101,1362,EX_mg2_e,co-consumed,0.0020785301475042483
14303,1101,1362,EX_mn2_e,co-consumed,0.00016556361201052803
14304,1101,1362,EX_nh4_e,co-consumed,0.01835854082437485
14305,1101,1362,EX_o2_e,co-consumed,4.0000000073171
14306,1101,1362,EX_pheme_e,co-consumed,5.342306976853601e-05
14307,1101,1362,EX_pi_e,co-consumed,0.2309763883790603
14308,1101,1362,EX_pyovd_kt_e,co-consumed,0.09708401242788707
14309,1101,1362,EX_so4_e,co-consumed,0.0010394015906126839
14310,1101,1362,EX_zn2_e,co-consumed,8.1703605927048e-05
14311,1101,428,EX_acald_e,co-consumed,1.7386622935093572
14312,1101,428,EX_arg__L_e,co-consumed,0.0708719972398029
14313,1101,428,EX_bz_e,co-consumed,2.3960537358676e-05
14314,1101,428,EX_ca2_e,co-consumed,0.001247118090470048
14315,1101,428,EX_cl_e,co-consumed,0.001247118089766604
14316,1101,428,EX_cobalt2_e,co-consumed,2.3960001738136e-05
14317,1101,428,EX_cu2_e,co-consumed,0.000169893680116944
14318,1101,428,EX_etoh_e,co-consumed,1.6528803451039475e-06
14319,1101,428,EX_fe2_e,co-consumed,0.001662285257221172
14320,1101,428,EX_fe3_e,co-consumed,0.09965199913962736
14321,1101,428,EX_gly_asn__L_e,co-consumed,0.05775678414611285
14322,1101,428,EX_glyc_e,co-consumed,0.8585038357276302
14323,1101,428,EX_glygln_e,co-consumed,0.2959978128613629
14324,1101,428,EX_h2s_e,co-consumed,0.03687654426009199
14325,1101,428,EX_h_e,co-consumed,3.999999975345196
14326,1101,428,EX_ile__L_e,co-consumed,0.06961074539346983
14327,1101,428,EX_indole_e,co-consumed,0.013619584923228826
14328,1101,428,EX_k_e,co-consumed,0.04676824619272245
14329,1101,428,EX_lys__L_e,co-consumed,0.08222137421269764
14330,1101,428,EX_mg2_e,co-consumed,0.0020785301475042483
14331,1101,428,EX_mn2_e,co-consumed,0.00016556361201052803
14332,1101,428,EX_nh4_e,co-consumed,0.1584479661111053
14333,1101,428,EX_o2_e,co-consumed,4.000000008075317
14334,1101,428,EX_pheme_e,co-consumed,5.342306976853601e-05
14335,1101,428,EX_pi_e,co-consumed,0.2309763883790603
14336,1101,428,EX_pyovd_kt_e,co-consumed,0.08186765301658698
14337,1101,428,EX_so4_e,co-consumed,0.0010394015906126839
14338,1101,428,EX_tyr__L_e,co-consumed,0.033429170991171486
14339,1101,428,EX_ura_e,co-consumed,0.07925822142510183
14340,1101,428,EX_zn2_e,co-consumed,8.1703605927048e-05
14341,1101,796,EX_acald_e,co-consumed,0.002836909054187548
14342,1101,796,EX_arg__L_e,co-consumed,0.06294170452915404
14343,1101,796,EX_ca2_e,co-consumed,0.001107574281398108
14344,1101,796,EX_cl_e,co-consumed,0.0011075742753872161
14345,1101,796,EX_cobalt2_e,co-consumed,2.1279044663959997e-05
14346,1101,796,EX_cu2_e,co-consumed,0.000150868424905576
14347,1101,796,EX_cys__L_e,co-consumed,0.02246962345297405
14348,1101,796,EX_etoh_e,co-consumed,1.6528803451039475e-06
14349,1101,796,EX_fe2_e,co-consumed,0.0014762008737501159
14350,1101,796,EX_fe3_e,co-consumed,0.09965199913962736
14351,1101,796,EX_gly_asn__L_e,co-consumed,0.051294202073340886
14352,1101,796,EX_glyc_e,co-consumed,0.8585038357276302
14353,1101,796,EX_glygln_e,co-consumed,0.2959978128613629
14354,1101,796,EX_h2s_e,received,0.03687654426009199
14355,1101,796,EX_h_e,co-consumed,3.9999999187499555
14356,1101,796,EX_ile__L_e,co-consumed,0.06182178988472924
14357,1101,796,EX_indole_e,co-consumed,0.012095646042858097
14358,1101,796,EX_k_e,co-consumed,0.041535205650924285
14359,1101,796,EX_lys__L_e,co-consumed,0.07302137681343995
14360,1101,796,EX_meoh_e,received,0.000137776930946824
14361,1101,796,EX_mg2_e,co-consumed,0.001845957120454128
14362,1101,796,EX_mn2_e,co-consumed,0.000147038197718252
14363,1101,796,EX_nh4_e,co-consumed,5.81020049542e-06
14364,1101,796,EX_o2_e,co-consumed,4.000000007062814
14365,1101,796,EX_orn_e,co-consumed,0.047038335753491874
14366,1101,796,EX_pheme_e,co-consumed,4.7443022883936004e-05
14367,1101,796,EX_pi_e,co-consumed,0.20513428815441953
14368,1101,796,EX_pyovd_kt_e,co-consumed,0.08161142134172414
14369,1101,796,EX_so4_e,co-consumed,0.0010394015906126839
14370,1101,796,EX_ura_e,co-consumed,0.07038945814940765
14371,1101,796,EX_zn2_e,co-consumed,7.256154230407201e-05
14372,1101,1350,EX_acald_e,co-consumed,1.7386622935093572
14373,1101,1350,EX_arg__L_e,co-consumed,0.04480527367546154
14374,1101,1350,EX_ca2_e,co-consumed,0.000388408448178276
14375,1101,1350,EX_cl_e,co-consumed,0.000388413463840176
14376,1101,1350,EX_cobalt2_e,co-consumed,7.46231436586e-06
14377,1101,1350,EX_cu2_e,co-consumed,5.290780885396e-05
14378,1101,1350,EX_fe3_e,co-consumed,0.09965199913962736
14379,1101,1350,EX_gly_asn__L_e,co-consumed,0.01798827822953449
14380,1101,1350,EX_glyc_e,received,0.8585038357276302
14381,1101,1350,EX_glygln_e,co-consumed,0.1284790199539067
14382,1101,1350,EX_gua_e,received,0.00195256487725718
14383,1101,1350,EX_h2s_e,co-consumed,0.018360240954817714
14384,1101,1350,EX_h_e,co-consumed,0.17888914915507573
14385,1101,1350,EX_ile__L_e,co-consumed,0.016327387249486534
14386,1101,1350,EX_k_e,co-consumed,0.01456591528015751
14387,1101,1350,EX_lys__L_e,co-consumed,0.02635395491518484
14388,1101,1350,EX_mg2_e,co-consumed,0.000647355765087112
14389,1101,1350,EX_mn2_e,co-consumed,5.1564593668596e-05
14390,1101,1350,EX_nh4_e,received,0.10453527812462682
14391,1101,1350,EX_o2_e,co-consumed,4.000000001268809
14392,1101,1350,EX_orn_e,received,0.006236717596360448
14393,1101,1350,EX_pi_e,co-consumed,0.11485945952391907
14394,1101,1350,EX_pyovd_kt_e,co-consumed,0.08164225635842604
14395,1101,1350,EX_so4_e,co-consumed,0.000323716092813068
14396,1101,1350,EX_thm_e,provided,1.6419537479584e-05
14397,1101,1350,EX_tyr__L_e,co-consumed,0.010290447363563479
14398,1101,1350,EX_ura_e,co-consumed,0.0019525092422970841
14399,1101,1350,EX_zn2_e,co-consumed,2.5446491987588002e-05
14400,1101,262,EX_acald_e,co-consumed,1.7386622935093572
14401,1101,262,EX_arg__L_e,co-consumed,0.0708719972398029
14402,1101,262,EX_bz_e,co-consumed,2.3960537358676e-05
14403,1101,262,EX_ca2_e,co-consumed,0.001247118090470048
14404,1101,262,EX_cl_e,co-consumed,0.001247118089766604
14405,1101,262,EX_cobalt2_e,co-consumed,2.3960001738136e-05
14406,1101,262,EX_cu2_e,co-consumed,0.000169893680116944
14407,1101,262,EX_etoh_e,received,1.6528803451039475e-06
14408,1101,262,EX_fe2_e,co-consumed,0.001662285257221172
14409,1101,262,EX_fe3_e,co-consumed,0.09825562569376221
14410,1101,262,EX_gly_asn__L_e,co-consumed,0.05775678414611285
14411,1101,262,EX_glyc_e,received,0.03544539127576483
14412,1101,262,EX_gua_e,co-consumed,0.013918972514455676
14413,1101,262,EX_h2o_e,provided,3.9999997466492805
14414,1101,262,EX_h2s_e,co-consumed,0.03687654426009199
14415,1101,262,EX_h_e,co-consumed,3.9999999358706617
14416,1101,262,EX_ile__L_e,co-consumed,0.06961074539346983
14417,1101,262,EX_indole_e,co-consumed,0.013619584923228826
14418,1101,262,EX_k_e,co-consumed,0.04676824619272245
14419,1101,262,EX_lys__L_e,co-consumed,0.08222137421269764
14420,1101,262,EX_mg2_e,co-consumed,0.0020785301475042483
14421,1101,262,EX_mn2_e,co-consumed,0.00016556361201052803
14422,1101,262,EX_nh4_e,co-consumed,0.1584479661111053
14423,1101,262,EX_o2_e,co-consumed,4.000000005716123
14424,1101,262,EX_orn_e,received,0.05296448255771899
14425,1101,262,EX_pi_e,co-consumed,0.2309763883790603
14426,1101,262,EX_pyovd_kt_e,co-consumed,0.09778118568073929
14427,1101,262,EX_so4_e,co-consumed,0.0010394015906126839
14428,1101,262,EX_tyr__L_e,co-consumed,0.033429170991171486
14429,1101,262,EX_ura_e,co-consumed,0.07925822142510183
14430,1101,262,EX_zn2_e,co-consumed,8.1703605927048e-05
14431,1101,978,EX_acald_e,co-consumed,1.7386622935093572
14432,1101,978,EX_arg__L_e,co-consumed,0.03493271998263871
14433,1101,978,EX_bz_e,co-consumed,1.178109358972e-05
14434,1101,978,EX_ca2_e,co-consumed,0.000614705407725804
14435,1101,978,EX_cl_e,co-consumed,0.000614705397849888
14436,1101,978,EX_cobalt2_e,co-consumed,1.1809901884912e-05
14437,1101,978,EX_cu2_e,co-consumed,8.373220436403201e-05
14438,1101,978,EX_fe2_e,co-consumed,0.0007928112618444481
14439,1101,978,EX_fe3_e,co-consumed,0.09965199913962736
14440,1101,978,EX_glyc2p_e,co-consumed,1.0643967071158908e-06
14441,1101,978,EX_glyc_e,co-consumed,0.24764740041469416
14442,1101,978,EX_glygln_e,co-consumed,0.16531970933720153
14443,1101,978,EX_h2o_e,provided,3.999999718465075
14444,1101,978,EX_h2s_e,co-consumed,0.029059921706837077
14445,1101,978,EX_h_e,co-consumed,3.999999719834292
14446,1101,978,EX_ile__L_e,co-consumed,0.03672040273140531
14447,1101,978,EX_k_e,co-consumed,0.02305210178621846
14448,1101,978,EX_lys__L_e,co-consumed,0.04170792875179372
14449,1101,978,EX_meoh_e,co-consumed,6.7869655286704e-05
14450,1101,978,EX_mg2_e,co-consumed,0.00102450898582638
14451,1101,978,EX_mn2_e,co-consumed,8.1606422024748e-05
14452,1101,978,EX_nh4_e,co-consumed,0.15221570128204553
14453,1101,978,EX_o2_e,co-consumed,3.999999987126816
14454,1101,978,EX_orn_e,co-consumed,0.02610624975975622
14455,1101,978,EX_pi_e,co-consumed,0.16582010592256907
14456,1101,978,EX_pyovd_kt_e,co-consumed,0.08177217094967777
14457,1101,978,EX_so4_e,co-consumed,0.000512315308719196
14458,1101,978,EX_thm_e,provided,2.6335884137236003e-05
14459,1101,978,EX_zn2_e,co-consumed,4.0266750851668e-05
14460,1101,1338,EX_acald_e,received,1.7386622935093572
14461,1101,1338,EX_arg__L_e,co-consumed,0.0708719972398029
14462,1101,1338,EX_bz_e,co-consumed,2.3960537358676e-05
14463,1101,1338,EX_ca2_e,co-consumed,0.001247118090470048
14464,1101,1338,EX_cl_e,co-consumed,0.001247118089766604
14465,1101,1338,EX_cobalt2_e,co-consumed,2.3960001738136e-05
14466,1101,1338,EX_cu2_e,co-consumed,0.000169893680116944
14467,1101,1338,EX_etoh_e,received,1.6528803451039475e-06
14468,1101,1338,EX_fe2_e,co-consumed,0.001662285257221172
14469,1101,1338,EX_fe3_e,co-consumed,0.09965199913962736
14470,1101,1338,EX_gly_asn__L_e,co-consumed,0.05775678414611285
14471,1101,1338,EX_glyc_e,co-consumed,0.8585038357276302
14472,1101,1338,EX_gua_e,co-consumed,0.013918972514455676
14473,1101,1338,EX_h2s_e,co-consumed,0.03687654426009199
14474,1101,1338,EX_h_e,co-consumed,3.99999984176356
14475,1101,1338,EX_ile__L_e,co-consumed,0.06961074539346983
14476,1101,1338,EX_indole_e,co-consumed,0.013619584923228826
14477,1101,1338,EX_k_e,co-consumed,0.04676824619272245
14478,1101,1338,EX_lys__L_e,co-consumed,0.08222137421269764
14479,1101,1338,EX_mg2_e,co-consumed,0.0020785301475042483
14480,1101,1338,EX_mn2_e,co-consumed,0.00016556361201052803
14481,1101,1338,EX_nh4_e,received,0.1584479661111053
14482,1101,1338,EX_o2_e,co-consumed,4.0000000081240135
14483,1101,1338,EX_orn_e,co-consumed,0.05296448255771899
14484,1101,1338,EX_pheme_e,co-consumed,5.342306976853601e-05
14485,1101,1338,EX_pi_e,co-consumed,0.2309763883790603
14486,1101,1338,EX_pyovd_kt_e,co-consumed,0.09715883992988676
14487,1101,1338,EX_so4_e,co-consumed,0.0010394015906126839
14488,1101,1338,EX_tyr__L_e,co-consumed,0.033429170991171486
14489,1101,1338,EX_zn2_e,co-consumed,8.1703605927048e-05
14490,1101,1357,EX_acald_e,co-consumed,1.35859842204089
14491,1101,1357,EX_arg__L_e,co-consumed,0.0708719972398029
14492,1101,1357,EX_bz_e,co-consumed,2.3960537358676e-05
14493,1101,1357,EX_ca2_e,co-consumed,0.001247118090470048
14494,1101,1357,EX_cl_e,co-consumed,0.001247118089766604
14495,1101,1357,EX_cobalt2_e,co-consumed,2.3960001738136e-05
14496,1101,1357,EX_cu2_e,co-consumed,0.000169893680116944
14497,1101,1357,EX_etoh_e,co-consumed,1.2935053489466327e-06
14498,1101,1357,EX_fe2_e,co-consumed,0.001662285257221172
14499,1101,1357,EX_fe3_e,co-consumed,0.09943419479300797
14500,1101,1357,EX_gly_e,co-consumed,0.3365352611723767
14501,1101,1357,EX_glyc_e,co-consumed,0.2992554826238624
14502,1101,1357,EX_glygln_e,co-consumed,0.17397824572201334
14503,1101,1357,EX_h2s_e,co-consumed,0.03687654426009199
14504,1101,1357,EX_h_e,co-consumed,3.999999973844059
14505,1101,1357,EX_ile__L_e,co-consumed,0.06961074539346983
14506,1101,1357,EX_indole_e,co-consumed,0.013619584923228826
14507,1101,1357,EX_k_e,co-consumed,0.04676824619272245
14508,1101,1357,EX_leu__L_e,co-consumed,0.10794710426198569
14509,1101,1357,EX_lys__L_e,co-consumed,0.08222137421269764
14510,1101,1357,EX_mg2_e,co-consumed,0.0020785301475042483
14511,1101,1357,EX_mn2_e,co-consumed,0.00016556361201052803
14512,1101,1357,EX_nh4_e,received,0.1584479661111053
14513,1101,1357,EX_o2_e,co-consumed,4.000000008118272
14514,1101,1357,EX_orn_e,co-consumed,0.05296448255771899
14515,1101,1357,EX_pheme_e,co-consumed,5.342306976853601e-05
14516,1101,1357,EX_pi_e,co-consumed,0.2309763883790603
14517,1101,1357,EX_pyovd_kt_e,co-consumed,0.09747692068785542
14518,1101,1357,EX_so4_e,co-consumed,0.0010394015906126839
14519,1101,1357,EX_tyr__L_e,co-consumed,0.033429170991171486
14520,1101,1357,EX_zn2_e,co-consumed,8.1703605927048e-05
14521,1101,2751,EX_cys__L_e,received,0.02246962345297405
14522,1101,2751,EX_fe3_e,co-consumed,0.09965199913962736
14523,1101,2751,EX_gly_e,co-consumed,0.3365352611723767
14524,1101,2751,EX_glyc_e,co-consumed,0.8585038357276302
14525,1101,2751,EX_h2s_e,co-consumed,0.03687654426009199
14526,1101,2751,EX_h_e,received,3.9999999758898386
14527,1101,2751,EX_nh4_e,co-consumed,0.1584479661111053
14528,1101,2751,EX_o2_e,co-consumed,3.999999925117265
14529,1101,2751,EX_pyovd_kt_e,co-consumed,0.08140781945174283
14530,1101,709,EX_acald_e,co-consumed,1.7386622935093572
14531,1101,709,EX_arg__L_e,received,0.0708719972398029
14532,1101,709,EX_co2_e,provided,2.421582560481998
14533,1101,709,EX_etoh_e,received,1.6528803451039475e-06
14534,1101,709,EX_fe2_e,co-consumed,0.001004880035867944
14535,1101,709,EX_fe3_e,co-consumed,0.09965199913962736
14536,1101,709,EX_gly_e,co-consumed,1.0235220928464696e-06
14537,1101,709,EX_glyc_e,received,0.8585038357276302
14538,1101,709,EX_h2s_e,co-consumed,0.036008770359333114
14539,1101,709,EX_h_e,co-consumed,3.9999997443327784
14540,1101,709,EX_nh4_e,co-consumed,1.2529140989344e-05
14541,1101,709,EX_o2_e,co-consumed,3.9999999885236144
14542,1101,709,EX_orn_e,co-consumed,0.05296448255771899
14543,1101,709,EX_pheme_e,received,5.342306976853601e-05
14544,1101,709,EX_pi_e,received,1.2724910709637248e-06
14545,1101,709,EX_pyovd_kt_e,co-consumed,0.08162271012892948
14546,1101,1080,EX_acald_e,co-consumed,1.7386622935093572
14547,1101,1080,EX_arg__L_e,co-consumed,0.0708719972398029
14548,1101,1080,EX_bz_e,co-consumed,2.3960537358676e-05
14549,1101,1080,EX_ca2_e,co-consumed,0.001247118090470048
14550,1101,1080,EX_cl_e,co-consumed,0.001247118089766604
14551,1101,1080,EX_cobalt2_e,co-consumed,2.3960001738136e-05
14552,1101,1080,EX_cu2_e,co-consumed,0.000169893680116944
14553,1101,1080,EX_cys__L_e,co-consumed,0.02246962345297405
14554,1101,1080,EX_etoh_e,received,1.6528803451039475e-06
14555,1101,1080,EX_fe2_e,co-consumed,0.001662285257221172
14556,1101,1080,EX_fe3_e,co-consumed,0.09965199913962736
14557,1101,1080,EX_gly_asn__L_e,co-consumed,0.05775678414611285
14558,1101,1080,EX_glyc_e,received,0.8585038357276302
14559,1101,1080,EX_glygln_e,co-consumed,0.2959978128613629
14560,1101,1080,EX_h2s_e,co-consumed,0.03687654426009199
14561,1101,1080,EX_h_e,co-consumed,3.99999994148562
14562,1101,1080,EX_ile__L_e,co-consumed,0.06961074539346983
14563,1101,1080,EX_indole_e,co-consumed,0.013619584923228826
14564,1101,1080,EX_k_e,co-consumed,0.04676824619272245
14565,1101,1080,EX_leu__L_e,co-consumed,0.10794710426198569
14566,1101,1080,EX_mg2_e,co-consumed,0.0020785301475042483
14567,1101,1080,EX_mn2_e,co-consumed,0.00016556361201052803
14568,1101,1080,EX_nh4_e,received,0.1584479661111053
14569,1101,1080,EX_o2_e,co-consumed,4.000000008149574
14570,1101,1080,EX_pheme_e,co-consumed,5.342306976853601e-05
14571,1101,1080,EX_pi_e,co-consumed,0.2309763883790603
14572,1101,1080,EX_pyovd_kt_e,co-consumed,0.08162460805035757
14573,1101,1080,EX_so4_e,co-consumed,0.0010394015906126839
14574,1101,1080,EX_thm_e,provided,7.3690323671168e-05
14575,1101,1080,EX_tyr__L_e,co-consumed,0.033429170991171486
14576,1101,1080,EX_zn2_e,co-consumed,8.1703605927048e-05
14577,1101,1234,EX_acald_e,received,1.7386622935093572
14578,1101,1234,EX_arg__L_e,co-consumed,0.0708719972398029
14579,1101,1234,EX_bz_e,co-consumed,2.3960537358676e-05
14580,1101,1234,EX_ca2_e,co-consumed,0.001247118090470048
14581,1101,1234,EX_cl_e,co-consumed,0.001247118089766604
14582,1101,1234,EX_cobalt2_e,co-consumed,2.3960001738136e-05
14583,1101,1234,EX_cu2_e,co-consumed,0.000169893680116944
14584,1101,1234,EX_cys__L_e,co-consumed,0.02246962345297405
14585,1101,1234,EX_etoh_e,received,1.6528803451039475e-06
14586,1101,1234,EX_fe2_e,co-consumed,0.001662285257221172
14587,1101,1234,EX_fe3_e,co-consumed,0.09965199913962736
14588,1101,1234,EX_gly_asn__L_e,co-consumed,0.05775678414611285
14589,1101,1234,EX_glyc_e,co-consumed,0.8585038357276302
14590,1101,1234,EX_glygln_e,co-consumed,0.2959978128613629
14591,1101,1234,EX_h2o_e,provided,0.657708615030396
14592,1101,1234,EX_h2s_e,co-consumed,0.03687654426009199
14593,1101,1234,EX_h_e,co-consumed,3.9999999758898386
14594,1101,1234,EX_ile__L_e,co-consumed,0.06961074539346983
14595,1101,1234,EX_indole_e,co-consumed,0.013619584923228826
14596,1101,1234,EX_k_e,co-consumed,0.04676824619272245
14597,1101,1234,EX_leu__L_e,received,0.10794710426198569
14598,1101,1234,EX_lys__L_e,co-consumed,0.08222137421269764
14599,1101,1234,EX_meoh_e,co-consumed,0.000137776930946824
14600,1101,1234,EX_mg2_e,co-consumed,0.0020785301475042483
14601,1101,1234,EX_mn2_e,co-consumed,0.00016556361201052803
14602,1101,1234,EX_nh4_e,co-consumed,0.1584479661111053
14603,1101,1234,EX_o2_e,co-consumed,4.000000008149574
14604,1101,1234,EX_orn_e,co-consumed,0.05296448255771899
14605,1101,1234,EX_pheme_e,co-consumed,5.342306976853601e-05
14606,1101,1234,EX_pi_e,co-consumed,0.2309763883790603
14607,1101,1234,EX_pyovd_kt_e,co-consumed,0.0966212167263657
14608,1101,1234,EX_so4_e,co-consumed,0.0010394015906126839
14609,1101,1234,EX_tyr__L_e,co-consumed,0.033429170991171486
14610,1101,1234,EX_zn2_e,co-consumed,8.1703605927048e-05
14611,1101,459,EX_acald_e,received,1.7386622935093572
14612,1101,459,EX_arg__L_e,co-consumed,0.0708719972398029
14613,1101,459,EX_bz_e,co-consumed,2.3960537358676e-05
14614,1101,459,EX_ca2_e,co-consumed,0.001247118090470048
14615,1101,459,EX_cl_e,co-consumed,0.001247118089766604
14616,1101,459,EX_cobalt2_e,co-consumed,2.3960001738136e-05
14617,1101,459,EX_cu2_e,co-consumed,0.000169893680116944
14618,1101,459,EX_etoh_e,co-consumed,1.6528803451039475e-06
14619,1101,459,EX_fe2_e,co-consumed,0.001662285257221172
14620,1101,459,EX_fe3_e,co-consumed,0.09965199913962736
14621,1101,459,EX_gly_asn__L_e,co-consumed,0.05775678414611285
14622,1101,459,EX_gly_e,co-consumed,0.3365352611723767
14623,1101,459,EX_glyc_e,co-consumed,0.5603564379780037
14624,1101,459,EX_glygln_e,co-consumed,0.2959978128613629
14625,1101,459,EX_gua_e,received,0.013918972514455676
14626,1101,459,EX_h2s_e,co-consumed,0.03687654426009199
14627,1101,459,EX_h_e,co-consumed,3.9999999758898386
14628,1101,459,EX_ile__L_e,co-consumed,0.06961074539346983
14629,1101,459,EX_indole_e,co-consumed,0.013619584923228826
14630,1101,459,EX_k_e,co-consumed,0.04676824619272245
14631,1101,459,EX_lys__L_e,co-consumed,0.05673698394769787
14632,1101,459,EX_meoh_e,co-consumed,0.000137776930946824
14633,1101,459,EX_mg2_e,co-consumed,0.0020785301475042483
14634,1101,459,EX_mn2_e,co-consumed,0.00016556361201052803
14635,1101,459,EX_nh4_e,co-consumed,0.1584479661111053
14636,1101,459,EX_o2_e,co-consumed,4.000000008149574
14637,1101,459,EX_orn_e,co-consumed,1.308345766382397e-06
14638,1101,459,EX_pheme_e,co-consumed,5.342306976853601e-05
14639,1101,459,EX_pi_e,co-consumed,0.2309763883790603
14640,1101,459,EX_pyovd_kt_e,co-consumed,0.09777116056894272
14641,1101,459,EX_so4_e,co-consumed,0.0010394015906126839
14642,1101,459,EX_tyr__L_e,co-consumed,0.033429170991171486
14643,1101,459,EX_ura_e,co-consumed,0.07925822142510183
14644,1101,459,EX_zn2_e,co-consumed,8.1703605927048e-05
14645,1101,939,EX_acald_e,co-consumed,1.7386622935093572
14646,1101,939,EX_arg__L_e,co-consumed,0.0708719972398029
14647,1101,939,EX_bz_e,co-consumed,2.3960537358676e-05
14648,1101,939,EX_ca2_e,co-consumed,0.001247118090470048
14649,1101,939,EX_cl_e,co-consumed,0.001247118089766604
14650,1101,939,EX_co2_e,provided,2.421582560481998
14651,1101,939,EX_cobalt2_e,co-consumed,2.3960001738136e-05
14652,1101,939,EX_cu2_e,co-consumed,0.000169893680116944
14653,1101,939,EX_cys__L_e,co-consumed,0.02246962345297405
14654,1101,939,EX_etoh_e,co-consumed,1.6528803451039475e-06
14655,1101,939,EX_fe2_e,co-consumed,0.001662285257221172
14656,1101,939,EX_fe3_e,co-consumed,0.09965199913962736
14657,1101,939,EX_gly_asn__L_e,co-consumed,0.05775678414611285
14658,1101,939,EX_glyc_e,received,0.024997015534810717
14659,1101,939,EX_glygln_e,co-consumed,0.2959978128613629
14660,1101,939,EX_gua_e,received,0.013918972514455676
14661,1101,939,EX_h2s_e,co-consumed,0.03687654426009199
14662,1101,939,EX_h_e,co-consumed,3.9999999748859985
14663,1101,939,EX_ile__L_e,co-consumed,0.06961074539346983
14664,1101,939,EX_indole_e,co-consumed,0.013619584923228826
14665,1101,939,EX_k_e,co-consumed,0.04676824619272245
14666,1101,939,EX_mg2_e,co-consumed,0.0020785301475042483
14667,1101,939,EX_mn2_e,co-consumed,0.00016556361201052803
14668,1101,939,EX_nh4_e,received,0.1584479661111053
14669,1101,939,EX_o2_e,co-consumed,4.000000008149574
14670,1101,939,EX_pheme_e,co-consumed,5.342306976853601e-05
14671,1101,939,EX_pi_e,co-consumed,0.21639201496887295
14672,1101,939,EX_pyovd_kt_e,co-consumed,0.08179167806008131
14673,1101,939,EX_so4_e,co-consumed,0.0010394015906126839
14674,1101,939,EX_thm_e,provided,7.4113588579012e-05
14675,1101,939,EX_tyr__L_e,co-consumed,0.033429170991171486
14676,1101,939,EX_ura_e,co-consumed,0.07925822142510183
14677,1101,939,EX_zn2_e,co-consumed,8.1703605927048e-05
14678,1101,895,EX_acald_e,co-consumed,1.7386622935093572
14679,1101,895,EX_arg__L_e,co-consumed,0.04662316792854972
14680,1101,895,EX_ca2_e,co-consumed,0.000820419769612432
14681,1101,895,EX_cl_e,co-consumed,0.000820419769612432
14682,1101,895,EX_cobalt2_e,co-consumed,1.5762147350859998e-05
14683,1101,895,EX_cu2_e,co-consumed,0.00011175362471762
14684,1101,895,EX_etoh_e,received,1.6528803451039475e-06
14685,1101,895,EX_fe2_e,received,0.001662285257221172
14686,1101,895,EX_fe3_e,co-consumed,0.09965199913962736
14687,1101,895,EX_fe3pyovd_kt_e,provided,0.0977811860709527
14688,1101,895,EX_gly_asn__L_e,co-consumed,0.03799544068859324
14689,1101,895,EX_glygln_e,co-consumed,0.2959978128613629
14690,1101,895,EX_h2s_e,co-consumed,0.03687654426009199
14691,1101,895,EX_h_e,received,3.9999999758898386
14692,1101,895,EX_indole_e,co-consumed,0.008959674706269403
14693,1101,895,EX_k_e,co-consumed,0.03076660827857057
14694,1101,895,EX_lys__L_e,co-consumed,0.05408952397600663
14695,1101,895,EX_mg2_e,co-consumed,0.001367366289552788
14696,1101,895,EX_mn2_e,co-consumed,0.00010891643819446402
14697,1101,895,EX_nh4_e,received,0.1584479661111053
14698,1101,895,EX_o2_e,co-consumed,3.9999999806049624
14699,1101,895,EX_orn_e,co-consumed,0.0348428136409918
14700,1101,895,EX_pi_e,co-consumed,0.15194507879906127
14701,1101,895,EX_pyovd_kt_e,received,0.09778118568073929
14702,1101,895,EX_so4_e,co-consumed,0.0006837934442837
14703,1101,895,EX_zn2_e,co-consumed,5.374892246644001e-05
14704,1101,1174,EX_acald_e,co-consumed,1.3753633387686748e-06
14705,1101,1174,EX_arg__L_e,co-consumed,0.05605769184233719
14706,1101,1174,EX_ca2_e,co-consumed,0.000986437759824856
14707,1101,1174,EX_cl_e,co-consumed,0.00098643776142874
14708,1101,1174,EX_cobalt2_e,co-consumed,1.895173409846e-05
14709,1101,1174,EX_cu2_e,co-consumed,0.00013436779475808
14710,1101,1174,EX_etoh_e,co-consumed,1.6528803451039475e-06
14711,1101,1174,EX_fe2_e,co-consumed,0.001662285257221172
14712,1101,1174,EX_fe3_e,co-consumed,0.09965199913962736
14713,1101,1174,EX_gly_asn__L_e,co-consumed,0.04568414125757652
14714,1101,1174,EX_glyc_e,co-consumed,0.36072456643691775
14715,1101,1174,EX_glygln_e,co-consumed,0.2959978128613629
14716,1101,1174,EX_h2s_e,co-consumed,0.02916697578508537
14717,1101,1174,EX_h_e,co-consumed,3.9999999758898386
14718,1101,1174,EX_ile__L_e,co-consumed,0.055060282718296175
14719,1101,1174,EX_k_e,co-consumed,0.0369924583388076
14720,1101,1174,EX_lys__L_e,co-consumed,0.06503486075269914
14721,1101,1174,EX_mg2_e,co-consumed,0.001644062933833644
14722,1101,1174,EX_mn2_e,co-consumed,0.00013095648262036002
14723,1101,1174,EX_nh4_e,co-consumed,0.1584479661111053
14724,1101,1174,EX_o2_e,co-consumed,4.000000007375812
14725,1101,1174,EX_orn_e,received,0.05296448255771899
14726,1101,1174,EX_pheme_e,co-consumed,4.2253617028032e-05
14727,1101,1174,EX_pi_e,co-consumed,0.18053216455657164
14728,1101,1174,EX_pyovd_kt_e,co-consumed,0.08157835839235565
14729,1101,1174,EX_so4_e,co-consumed,0.000822122439672656
14730,1101,1174,EX_ura_e,co-consumed,0.06269127962800343
14731,1101,1174,EX_zn2_e,co-consumed,6.4625413275748e-05
14732,1101,638,EX_acald_e,received,1.7386622935093572
14733,1101,638,EX_arg__L_e,co-consumed,0.0708719972398029
14734,1101,638,EX_ca2_e,co-consumed,0.001247118090470048
14735,1101,638,EX_cl_e,co-consumed,0.001247118089766604
14736,1101,638,EX_cobalt2_e,co-consumed,2.3960001738136e-05
14737,1101,638,EX_cu2_e,co-consumed,0.000169893680116944
14738,1101,638,EX_cys__L_e,co-consumed,0.02246962345297405
14739,1101,638,EX_etoh_e,received,1.6528803451039475e-06
14740,1101,638,EX_fe2_e,co-consumed,0.001662285257221172
14741,1101,638,EX_fe3_e,co-consumed,0.09965199913962736
14742,1101,638,EX_glygln_e,co-consumed,0.2959978128613629
14743,1101,638,EX_gua_e,received,0.011413676712646004
14744,1101,638,EX_h2s_e,received,0.03687654426009199
14745,1101,638,EX_h_e,co-consumed,3.9999999377074
14746,1101,638,EX_ile__L_e,co-consumed,0.06961074539346983
14747,1101,638,EX_k_e,co-consumed,0.04676824619272245
14748,1101,638,EX_lys__L_e,co-consumed,0.08222137421269764
14749,1101,638,EX_mg2_e,co-consumed,0.0020785301475042483
14750,1101,638,EX_mn2_e,co-consumed,0.00016556361201052803
14751,1101,638,EX_nh4_e,co-consumed,0.1584479661111053
14752,1101,638,EX_o2_e,co-consumed,4.0000000003571925
14753,1101,638,EX_orn_e,received,0.03645562108615275
14754,1101,638,EX_pi_e,co-consumed,0.2309763883790603
14755,1101,638,EX_pyovd_kt_e,co-consumed,0.08183482317024428
14756,1101,638,EX_so4_e,co-consumed,0.0010394015906126839
14757,1101,638,EX_thm_e,provided,9.724185501546e-05
14758,1101,638,EX_tyr__L_e,co-consumed,0.033429170991171486
14759,1101,638,EX_zn2_e,co-consumed,8.1703605927048e-05
14760,1101,1252,EX_acald_e,co-consumed,1.7386622935093572
14761,1101,1252,EX_arg__L_e,co-consumed,0.04958276460367674
14762,1101,1252,EX_ca2_e,co-consumed,0.000872499182630916
14763,1101,1252,EX_cl_e,co-consumed,0.0008724991859140641
14764,1101,1252,EX_cobalt2_e,co-consumed,1.6762632508992e-05
14765,1101,1252,EX_cu2_e,co-consumed,0.00011884763121716
14766,1101,1252,EX_etoh_e,received,1.6528803451039475e-06
14767,1101,1252,EX_fe3_e,co-consumed,0.09965199913962736
14768,1101,1252,EX_gly_asn__L_e,co-consumed,0.040407353390169966
14769,1101,1252,EX_glyc_e,co-consumed,2.5718014938363035e-06
14770,1101,1252,EX_glygln_e,co-consumed,0.2959978128613629
14771,1101,1252,EX_h2s_e,co-consumed,0.025799261722311503
14772,1101,1252,EX_h_e,co-consumed,3.9999999758898386
14773,1101,1252,EX_ile__L_e,co-consumed,0.04870053056460484
14774,1101,1252,EX_indole_e,co-consumed,0.009528431344488265
14775,1101,1252,EX_k_e,co-consumed,0.03271964129784373
14776,1101,1252,EX_lys__L_e,co-consumed,0.05752308177107786
14777,1101,1252,EX_meoh_e,co-consumed,0.000137776930946824
14778,1101,1252,EX_mg2_e,co-consumed,0.001454165301560156
14779,1101,1252,EX_mn2_e,co-consumed,0.00011583034153456801
14780,1101,1252,EX_nh4_e,received,0.1584479661111053
14781,1101,1252,EX_o2_e,co-consumed,4.000000006593655
14782,1101,1252,EX_orn_e,co-consumed,0.03705476110979352
14783,1101,1252,EX_pheme_e,co-consumed,3.7374474097828e-05
14784,1101,1252,EX_pi_e,co-consumed,0.16625355329077693
14785,1101,1252,EX_pyovd_kt_e,co-consumed,0.09763087271135708
14786,1101,1252,EX_so4_e,co-consumed,0.0007271911647131201
14787,1101,1252,EX_tyr__L_e,co-consumed,0.02315249065739494
14788,1101,1252,EX_zn2_e,co-consumed,5.7160849428843996e-05
14789,895,1208,EX_acald_e,co-consumed,0.031528264551958556
14790,895,1208,EX_arg__L_e,co-consumed,0.010515392853133068
14791,895,1208,EX_ca2_e,co-consumed,0.000185037459311756
14792,895,1208,EX_cit_e,co-consumed,0.5061314848144136
14793,895,1208,EX_cl_e,co-consumed,0.00018503746083356002
14794,895,1208,EX_cobalt2_e,co-consumed,3.554994415211502e-06
14795,895,1208,EX_cu2_e,co-consumed,2.5204910403848e-05
14796,895,1208,EX_fe2_e,provided,0.00023873883590635602
14797,895,1208,EX_fe3_e,co-consumed,0.2529801586337414
14798,895,1208,EX_fe3pyovd_kt_e,received,0.08157885524374234
14799,895,1208,EX_glu__L_e,received,1.0558889299769023e-06
14800,895,1208,EX_glygln_e,co-consumed,0.05348671039292357
14801,895,1208,EX_h2o_e,provided,0.44188172090410993
14802,895,1208,EX_h2s_e,co-consumed,0.00547056092920584
14803,895,1208,EX_hom__L_e,received,0.9574837573354298
14804,895,1208,EX_istfrnA_e,received,0.08557217889577448
14805,895,1208,EX_istfrnB_e,received,0.08555159790315735
14806,895,1208,EX_k_e,co-consumed,0.006939100248883789
14807,895,1208,EX_lys__L_e,co-consumed,0.012199306937354772
14808,895,1208,EX_mg2_e,co-consumed,0.000308395771808992
14809,895,1208,EX_mn2_e,co-consumed,2.4565011409108002e-05
14810,895,1208,EX_o2_e,co-consumed,3.9999999806049624
14811,895,1208,EX_orn_e,received,0.0348428136409918
14812,895,1208,EX_pi_e,co-consumed,0.04983466476348048
14813,895,1208,EX_pyovd_kt_e,provided,0.08157885504853672
14814,895,1208,EX_so4_e,co-consumed,0.00015421954251966
14815,895,1208,EX_stfrnA_e,provided,0.08557217889577441
14816,895,1208,EX_stfrnB_e,provided,0.08555159790369211
14817,895,1208,EX_zn2_e,co-consumed,1.2122530955867999e-05
14818,895,1334,EX_arg__L_e,co-consumed,0.038608070545978
14819,895,1334,EX_ca2_e,co-consumed,0.0006793794336395401
14820,895,1334,EX_cit_e,co-consumed,0.000679406253194092
14821,895,1334,EX_cl_e,co-consumed,0.00067937942944234
14822,895,1334,EX_cobalt2_e,co-consumed,1.305243863054e-05
14823,895,1334,EX_cu2_e,co-consumed,9.254178989055201e-05
14824,895,1334,EX_fe2_e,provided,0.00087650510841338
14825,895,1334,EX_fe3_e,co-consumed,0.2542119424440433
14826,895,1334,EX_fe3pyovd_kt_e,received,0.0817426920174022
14827,895,1334,EX_fum_e,co-consumed,1.8117422824553342
14828,895,1334,EX_glu__L_e,co-consumed,3.9999999565968136
14829,895,1334,EX_gly_asn__L_e,co-consumed,0.03146355398006519
14830,895,1334,EX_glyclt_e,provided,0.00010550902588041601
14831,895,1334,EX_h2o_e,provided,1.630954304756127
14832,895,1334,EX_h2s_e,co-consumed,0.020089283009825425
14833,895,1334,EX_h_e,provided,1.0810525813379293
14834,895,1334,EX_istfrnA_e,received,0.08574002981856824
14835,895,1334,EX_istfrnB_e,received,0.08571011538412993
14836,895,1334,EX_k_e,co-consumed,0.025477446536117086
14837,895,1334,EX_lys__L_e,received,0.05408952397600663
14838,895,1334,EX_mal__L_e,co-consumed,2.2245894957855357
14839,895,1334,EX_mg2_e,co-consumed,0.0011322990512711
14840,895,1334,EX_mn2_e,co-consumed,9.019235093705599e-05
14841,895,1334,EX_o2_e,co-consumed,3.9999999806049624
14842,895,1334,EX_orn_e,co-consumed,0.02841741718383033
14843,895,1334,EX_pi_e,co-consumed,0.15194507879906127
14844,895,1334,EX_pyovd_kt_e,provided,0.08174269204197179
14845,895,1334,EX_so4_e,co-consumed,0.000566218747882516
14846,895,1334,EX_stfrnA_e,provided,0.08574002981856813
14847,895,1334,EX_stfrnB_e,provided,0.08571011538482924
14848,895,1334,EX_zn2_e,co-consumed,4.4508815730152e-05
14849,895,397,EX_arg__L_e,co-consumed,0.04662316792854972
14850,895,397,EX_ca2_e,co-consumed,0.000820419769612432
14851,895,397,EX_cit_e,co-consumed,1.4778527111875477
14852,895,397,EX_cl_e,co-consumed,0.000820419769612432
14853,895,397,EX_co_e,provided,9.345755130370001e-05
14854,895,397,EX_cobalt2_e,co-consumed,1.5762147350859998e-05
14855,895,397,EX_cu2_e,co-consumed,0.00011175362471762
14856,895,397,EX_fe2_e,provided,0.0016230509548978839
14857,895,397,EX_fe3_e,co-consumed,0.25486127206504283
14858,895,397,EX_fe3pyovd_kt_e,received,0.08168260993008997
14859,895,397,EX_glygln_e,co-consumed,0.2435887689092726
14860,895,397,EX_h2s_e,received,0.03881892788041594
14861,895,397,EX_h_e,provided,3.999999947550514
14862,895,397,EX_indole_e,co-consumed,0.008959674706269403
14863,895,397,EX_istfrnA_e,received,0.08568619093024492
14864,895,397,EX_istfrnB_e,received,0.0856652458562154
14865,895,397,EX_k_e,co-consumed,0.03076660827857057
14866,895,397,EX_lys__L_e,co-consumed,0.05408952397600663
14867,895,397,EX_mg2_e,co-consumed,0.001367366289552788
14868,895,397,EX_mn2_e,co-consumed,0.00010891643819446402
14869,895,397,EX_nh4_e,provided,0.4893943352087682
14870,895,397,EX_o2_e,co-consumed,3.9999999806049624
14871,895,397,EX_orn_e,co-consumed,0.0348428136409918
14872,895,397,EX_pi_e,co-consumed,0.15194507879906127
14873,895,397,EX_pyovd_kt_e,provided,0.08168261366841971
14874,895,397,EX_so4_e,co-consumed,0.0006837934442837
14875,895,397,EX_stfrnA_e,provided,0.08568619093024499
14876,895,397,EX_stfrnB_e,provided,0.08566524854270875
14877,895,397,EX_zn2_e,co-consumed,5.374892246644001e-05
14878,895,790,EX_acald_e,co-consumed,2.93522760138418
14879,895,790,EX_arg__L_e,co-consumed,0.04662316792854972
14880,895,790,EX_ca2_e,co-consumed,0.000820419769612432
14881,895,790,EX_cl_e,co-consumed,0.000820419769612432
14882,895,790,EX_co_e,provided,8.6963135624944e-05
14883,895,790,EX_cobalt2_e,co-consumed,1.5762147350859998e-05
14884,895,790,EX_cu2_e,co-consumed,0.00011175362471762
14885,895,790,EX_etoh_e,provided,1.3486580099658077e-06
14886,895,790,EX_fe2_e,provided,0.001508712915426732
14887,895,790,EX_fe3_e,co-consumed,0.25474934365794655
14888,895,790,EX_fe3pyovd_kt_e,received,0.08168968832193745
14889,895,790,EX_glu__L_e,co-consumed,0.2379628279478169
14890,895,790,EX_glygln_e,co-consumed,0.29324987953109855
14891,895,790,EX_h2s_e,co-consumed,0.03881892788041594
14892,895,790,EX_h_e,provided,3.9999999510067523
14893,895,790,EX_indole_e,co-consumed,0.008959674706269403
14894,895,790,EX_istfrnA_e,received,0.08569305079748583
14895,895,790,EX_istfrnB_e,received,0.08566745228853369
14896,895,790,EX_k_e,co-consumed,0.03076660827857057
14897,895,790,EX_lys__L_e,co-consumed,0.05408952397600663
14898,895,790,EX_mg2_e,co-consumed,0.001367366289552788
14899,895,790,EX_mn2_e,co-consumed,0.00010891643819446402
14900,895,790,EX_o2_e,co-consumed,3.9999999806049624
14901,895,790,EX_orn_e,co-consumed,0.0348428136409918
14902,895,790,EX_pi_e,co-consumed,0.15194507879906127
14903,895,790,EX_pyovd_kt_e,provided,0.08168969220271365
14904,895,790,EX_so4_e,co-consumed,0.0006837934442837
14905,895,790,EX_stfrnA_e,provided,0.0856930507974858
14906,895,790,EX_stfrnB_e,provided,0.0856674522874954
14907,895,790,EX_zn2_e,co-consumed,5.374892246644001e-05
14908,895,947,EX_acald_e,received,3.8316336657903487
14909,895,947,EX_arg__L_e,co-consumed,0.04662316792854972
14910,895,947,EX_ca2_e,co-consumed,0.000820419769612432
14911,895,947,EX_cit_e,co-consumed,0.001234267179719784
14912,895,947,EX_cl_e,co-consumed,0.000820419769612432
14913,895,947,EX_co_e,provided,0.000168305542711704
14914,895,947,EX_cobalt2_e,co-consumed,1.5762147350859998e-05
14915,895,947,EX_cu2_e,co-consumed,0.00011175362471762
14916,895,947,EX_etoh_e,provided,3.816404787615397
14917,895,947,EX_fe2_e,provided,0.0016975131417780078
14918,895,947,EX_fe3_e,co-consumed,0.25500640961074594
14919,895,947,EX_fe3pyovd_kt_e,received,0.08172432968051763
14920,895,947,EX_gly_asn__L_e,co-consumed,0.03799544068859324
14921,895,947,EX_glygln_e,co-consumed,0.39876471997726015
14922,895,947,EX_h2s_e,co-consumed,0.036494787671598944
14923,895,947,EX_h_e,provided,4.0000000026957245
14924,895,947,EX_indole_e,co-consumed,0.008959674706269403
14925,895,947,EX_istfrnA_e,received,0.08572703856581235
14926,895,947,EX_istfrnB_e,received,0.08570291328714041
14927,895,947,EX_k_e,co-consumed,0.03076660827857057
14928,895,947,EX_lys__L_e,co-consumed,0.05408952397600663
14929,895,947,EX_mg2_e,co-consumed,0.001367366289552788
14930,895,947,EX_mn2_e,co-consumed,0.00010891643819446402
14931,895,947,EX_nh4_e,provided,0.8581781074640575
14932,895,947,EX_o2_e,co-consumed,3.9999999806049624
14933,895,947,EX_orn_e,received,0.0348428136409918
14934,895,947,EX_pi_e,co-consumed,0.15194507879906127
14935,895,947,EX_pyovd_kt_e,provided,0.08172432925127425
14936,895,947,EX_so4_e,co-consumed,0.0006837934442837
14937,895,947,EX_stfrnA_e,provided,0.08572703856581225
14938,895,947,EX_stfrnB_e,provided,0.08570291328544478
14939,895,947,EX_zn2_e,co-consumed,5.374892246644001e-05
14940,895,997,EX_acald_e,co-consumed,0.6015655253815413
14941,895,997,EX_arg__L_e,co-consumed,0.04662316792854972
14942,895,997,EX_asp__D_e,provided,2.917353481357961
14943,895,997,EX_ca2_e,co-consumed,0.000820419769612432
14944,895,997,EX_cl_e,co-consumed,0.000820419769612432
14945,895,997,EX_cobalt2_e,co-consumed,1.5762147350859998e-05
14946,895,997,EX_cu2_e,co-consumed,0.00011175362471762
14947,895,997,EX_etoh_e,provided,1.5971720553081045e-06
14948,895,997,EX_fe2_e,provided,0.001390731870040848
14949,895,997,EX_fe3_e,co-consumed,0.09940322317984002
14950,895,997,EX_fe3pyovd_kt_e,received,0.09783777086182913
14951,895,997,EX_glu__L_e,received,1.4547662932545256e-06
14952,895,997,EX_gly_asn__L_e,co-consumed,0.03799544068859324
14953,895,997,EX_glygln_e,co-consumed,0.17273684583107904
14954,895,997,EX_h2s_e,co-consumed,0.03881892788041594
14955,895,997,EX_h_e,provided,3.999999955173125
14956,895,997,EX_indole_e,co-consumed,0.008959674706269403
14957,895,997,EX_k_e,co-consumed,0.03076660827857057
14958,895,997,EX_lys__L_e,co-consumed,0.05408952397600663
14959,895,997,EX_mg2_e,co-consumed,0.001367366289552788
14960,895,997,EX_mn2_e,co-consumed,0.00010891643819446402
14961,895,997,EX_o2_e,co-consumed,3.9999999806049624
14962,895,997,EX_ocdcea_e,received,0.05609093570575454
14963,895,997,EX_orn_e,co-consumed,0.0348428136409918
14964,895,997,EX_pyovd_kt_e,provided,0.09783777430282699
14965,895,997,EX_so4_e,co-consumed,0.0006837934442837
14966,895,997,EX_zn2_e,co-consumed,5.374892246644001e-05
14967,895,1114,EX_arg__L_e,co-consumed,0.0046357303882063276
14968,895,1114,EX_ca2_e,co-consumed,8.157368052924399e-05
14969,895,1114,EX_cl_e,co-consumed,8.1573673573936e-05
14970,895,1114,EX_cobalt2_e,co-consumed,1.5672176856355215e-06
14971,895,1114,EX_cu2_e,co-consumed,1.0660673623368001e-05
14972,895,1114,EX_fe2_e,provided,0.000105202132142988
14973,895,1114,EX_fe3_e,co-consumed,0.2526625386113989
14974,895,1114,EX_fe3pyovd_kt_e,received,0.08153203799203952
14975,895,1114,EX_gal_e,received,0.12811500274592835
14976,895,1114,EX_gly_asn__L_e,co-consumed,0.003777855372185156
14977,895,1114,EX_glygln_e,co-consumed,0.042553588203818285
14978,895,1114,EX_h2s_e,co-consumed,0.0038483196513773637
14979,895,1114,EX_istfrnA_e,received,0.08551769571185883
14980,895,1114,EX_istfrnB_e,received,0.08549057517517614
14981,895,1114,EX_k_e,co-consumed,0.003059099217122536
14982,895,1114,EX_lys__L_e,co-consumed,0.005534792074785936
14983,895,1114,EX_mg2_e,co-consumed,0.000135956138154524
14984,895,1114,EX_mn2_e,co-consumed,1.082947420774e-05
14985,895,1114,EX_o2_e,co-consumed,3.8457435539662432
14986,895,1114,EX_orn_e,co-consumed,0.003464318233193924
14987,895,1114,EX_pyovd_kt_e,provided,0.08153202518695611
14988,895,1114,EX_so4_e,co-consumed,6.7900542683388e-05
14989,895,1114,EX_stfrnA_e,provided,0.08551769571185876
14990,895,1114,EX_stfrnB_e,provided,0.0854905751777392
14991,895,1114,EX_zn2_e,co-consumed,5.344212308016e-06
14992,895,1362,EX_acald_e,received,3.9999999079672297
14993,895,1362,EX_arg__L_e,co-consumed,0.04662316792854972
14994,895,1362,EX_asp__D_e,provided,2.604851848398433
14995,895,1362,EX_ca2_e,co-consumed,0.000820419769612432
14996,895,1362,EX_cl_e,co-consumed,0.000820419769612432
14997,895,1362,EX_cobalt2_e,co-consumed,1.5762147350859998e-05
14998,895,1362,EX_cu2_e,co-consumed,0.00011175362471762
14999,895,1362,EX_fe2_e,provided,0.003562307845017832
15000,895,1362,EX_fe3_e,co-consumed,0.10109349937422764
15001,895,1362,EX_fe3pyovd_kt_e,received,0.09708401264391109
15002,895,1362,EX_for_e,provided,0.000386729346295788
15003,895,1362,EX_glu__L_e,received,3.999996139122461
15004,895,1362,EX_gly_asn__L_e,co-consumed,0.03799544068859324
15005,895,1362,EX_h2s_e,received,0.03881892788041594
15006,895,1362,EX_h_e,provided,3.999999965538384
15007,895,1362,EX_indole_e,received,0.008959674706269403
15008,895,1362,EX_k_e,co-consumed,0.03076660827857057
15009,895,1362,EX_mg2_e,co-consumed,0.001367366289552788
15010,895,1362,EX_mn2_e,co-consumed,0.00010891643819446402
15011,895,1362,EX_nh4_e,provided,0.01835854082437485
15012,895,1362,EX_o2_e,co-consumed,3.9999999806049624
15013,895,1362,EX_pi_e,co-consumed,0.15194507879906127
15014,895,1362,EX_pyovd_kt_e,provided,0.09708401242788707
15015,895,1362,EX_so4_e,co-consumed,0.0006837934442837
15016,895,1362,EX_zn2_e,co-consumed,5.374892246644001e-05
15017,895,428,EX_acald_e,co-consumed,3.9999992800442308
15018,895,428,EX_arg__L_e,co-consumed,0.04662316792854972
15019,895,428,EX_ca2_e,co-consumed,0.000820419769612432
15020,895,428,EX_cl_e,co-consumed,0.000820419769612432
15021,895,428,EX_cobalt2_e,co-consumed,1.5762147350859998e-05
15022,895,428,EX_cu2_e,co-consumed,0.00011175362471762
15023,895,428,EX_etoh_e,provided,3.816404787615397
15024,895,428,EX_fe2_e,provided,0.001938810426974312
15025,895,428,EX_fe3_e,co-consumed,0.25577753130779485
15026,895,428,EX_fe3pyovd_kt_e,received,0.08186765317935263
15027,895,428,EX_glu__L_e,received,0.6658464473984848
15028,895,428,EX_gly_asn__L_e,co-consumed,0.03799544068859324
15029,895,428,EX_glygln_e,co-consumed,0.4007078806932791
15030,895,428,EX_h2s_e,co-consumed,0.03881892788041594
15031,895,428,EX_h_e,provided,3.999999975345196
15032,895,428,EX_indole_e,co-consumed,0.008959674706269403
15033,895,428,EX_istfrnA_e,received,0.08587376617964436
15034,895,428,EX_istfrnB_e,received,0.08585205804836839
15035,895,428,EX_k_e,co-consumed,0.03076660827857057
15036,895,428,EX_lys__L_e,co-consumed,0.05408952397600663
15037,895,428,EX_mg2_e,co-consumed,0.001367366289552788
15038,895,428,EX_mn2_e,co-consumed,0.00010891643819446402
15039,895,428,EX_nh4_e,provided,0.5711387962245577
15040,895,428,EX_o2_e,co-consumed,3.9999999806049624
15041,895,428,EX_pi_e,co-consumed,0.15194507879906127
15042,895,428,EX_pyovd_kt_e,provided,0.08186765301658698
15043,895,428,EX_so4_e,co-consumed,0.0006837934442837
15044,895,428,EX_stfrnA_e,provided,0.08587376617964433
15045,895,428,EX_stfrnB_e,provided,0.0858520580488744
15046,895,428,EX_zn2_e,co-consumed,5.374892246644001e-05
15047,895,796,EX_acald_e,co-consumed,0.002836909054187548
15048,895,796,EX_arg__L_e,co-consumed,0.04662316792854972
15049,895,796,EX_ca2_e,co-consumed,0.000820419769612432
15050,895,796,EX_cl_e,co-consumed,0.000820419769612432
15051,895,796,EX_co_e,provided,8.5100383024136e-05
15052,895,796,EX_cobalt2_e,co-consumed,1.5762147350859998e-05
15053,895,796,EX_cu2_e,co-consumed,0.00011175362471762
15054,895,796,EX_etoh_e,provided,0.1831971585221885
15055,895,796,EX_fe2_e,provided,0.0014762008737501159
15056,895,796,EX_fe3_e,co-consumed,0.2544726661743336
15057,895,796,EX_fe3pyovd_kt_e,received,0.08161142167768874
15058,895,796,EX_gal_e,co-consumed,0.12811500274592835
15059,895,796,EX_gly_asn__L_e,co-consumed,0.03799544068859324
15060,895,796,EX_glygln_e,co-consumed,0.4328202733705334
15061,895,796,EX_h2s_e,received,0.03881892788041594
15062,895,796,EX_h_e,provided,3.9999999187499555
15063,895,796,EX_indole_e,co-consumed,0.008959674706269403
15064,895,796,EX_istfrnA_e,received,0.08560896902501572
15065,895,796,EX_istfrnB_e,received,0.08559065192388736
15066,895,796,EX_k_e,co-consumed,0.03076660827857057
15067,895,796,EX_lys__L_e,co-consumed,0.05408952397600663
15068,895,796,EX_mal__L_e,co-consumed,0.17541776028121028
15069,895,796,EX_mg2_e,co-consumed,0.001367366289552788
15070,895,796,EX_mn2_e,co-consumed,0.00010891643819446402
15071,895,796,EX_nh4_e,provided,5.81020049542e-06
15072,895,796,EX_o2_e,co-consumed,3.9999999806049624
15073,895,796,EX_orn_e,co-consumed,0.0348428136409918
15074,895,796,EX_pi_e,co-consumed,0.15194507879906127
15075,895,796,EX_pyovd_kt_e,provided,0.08161142134172414
15076,895,796,EX_so4_e,co-consumed,0.0006837934442837
15077,895,796,EX_stfrnA_e,provided,0.08560896902501572
15078,895,796,EX_stfrnB_e,provided,0.08559065192532496
15079,895,796,EX_zn2_e,co-consumed,5.374892246644001e-05
15080,895,1350,EX_acald_e,co-consumed,1.917460305183066
15081,895,1350,EX_ala__L_e,co-consumed,0.047262238141825307
15082,895,1350,EX_arg__L_e,co-consumed,0.04480527367546154
15083,895,1350,EX_ca2_e,co-consumed,0.000388408448178276
15084,895,1350,EX_cit_e,co-consumed,0.00038843042398383203
15085,895,1350,EX_cl_e,co-consumed,0.000388413463840176
15086,895,1350,EX_cobalt2_e,co-consumed,7.46231436586e-06
15087,895,1350,EX_cu2_e,co-consumed,5.290780885396e-05
15088,895,1350,EX_fe3_e,co-consumed,0.2539856748570928
15089,895,1350,EX_fe3pyovd_kt_e,received,0.08164225639464798
15090,895,1350,EX_gal_e,co-consumed,0.015297723096571323
15091,895,1350,EX_gly_asn__L_e,co-consumed,0.01798827822953449
15092,895,1350,EX_glygln_e,co-consumed,0.1284790199539067
15093,895,1350,EX_h2s_e,co-consumed,0.018360240954817714
15094,895,1350,EX_h_e,provided,0.17888914915507573
15095,895,1350,EX_istfrnA_e,received,0.08564058922336149
15096,895,1350,EX_istfrnB_e,received,0.08561906502445447
15097,895,1350,EX_k_e,co-consumed,0.01456591528015751
15098,895,1350,EX_lys__L_e,co-consumed,0.02635395491518484
15099,895,1350,EX_mal__L_e,received,3.623053652186e-05
15100,895,1350,EX_mg2_e,co-consumed,0.000647355765087112
15101,895,1350,EX_mn2_e,co-consumed,5.1564593668596e-05
15102,895,1350,EX_o2_e,co-consumed,3.9999999806049624
15103,895,1350,EX_orn_e,received,0.006236717596360448
15104,895,1350,EX_pi_e,co-consumed,0.11485945952391907
15105,895,1350,EX_pyovd_kt_e,provided,0.08164225635842604
15106,895,1350,EX_so4_e,co-consumed,0.000323716092813068
15107,895,1350,EX_stfrnA_e,provided,0.08564058922336161
15108,895,1350,EX_stfrnB_e,provided,0.08561906502578104
15109,895,1350,EX_zn2_e,co-consumed,2.5446491987588002e-05
15110,895,262,EX_acald_e,co-consumed,2.3331030225877964
15111,895,262,EX_arg__L_e,co-consumed,0.04662316792854972
15112,895,262,EX_ca2_e,co-consumed,0.000820419769612432
15113,895,262,EX_cl_e,co-consumed,0.000820419769612432
15114,895,262,EX_cobalt2_e,co-consumed,1.5762147350859998e-05
15115,895,262,EX_cu2_e,co-consumed,0.00011175362471762
15116,895,262,EX_fe2_e,provided,0.007054245154801132
15117,895,262,EX_fe3_e,co-consumed,0.09825562569376221
15118,895,262,EX_fe3pyovd_kt_e,received,0.09825560367075717
15119,895,262,EX_glu__L_e,co-consumed,3.9999995818905236
15120,895,262,EX_gly_asn__L_e,co-consumed,0.03799544068859324
15121,895,262,EX_h2o_e,provided,1.630954304756127
15122,895,262,EX_h2s_e,co-consumed,0.03881892788041594
15123,895,262,EX_h_e,provided,3.9999999358706617
15124,895,262,EX_indole_e,co-consumed,0.008959674706269403
15125,895,262,EX_k_e,co-consumed,0.03076660827857057
15126,895,262,EX_lys__L_e,co-consumed,0.05408952397600663
15127,895,262,EX_mg2_e,co-consumed,0.001367366289552788
15128,895,262,EX_mn2_e,co-consumed,0.00010891643819446402
15129,895,262,EX_nh4_e,provided,1.4546589208535525
15130,895,262,EX_o2_e,co-consumed,3.9999999806049624
15131,895,262,EX_orn_e,received,0.0348428136409918
15132,895,262,EX_pi_e,co-consumed,0.15194507879906127
15133,895,262,EX_pyovd_kt_e,provided,0.09825560329901174
15134,895,262,EX_so4_e,co-consumed,0.0006837934442837
15135,895,262,EX_zn2_e,co-consumed,5.374892246644001e-05
15136,895,978,EX_acald_e,co-consumed,3.9999998664308722
15137,895,978,EX_ala__L_e,co-consumed,0.10694683813334424
15138,895,978,EX_arg__L_e,co-consumed,0.03493271998263871
15139,895,978,EX_asp__D_e,provided,0.02947288471119753
15140,895,978,EX_ca2_e,co-consumed,0.000614705407725804
15141,895,978,EX_cl_e,co-consumed,0.000614705397849888
15142,895,978,EX_cobalt2_e,co-consumed,1.1809901884912e-05
15143,895,978,EX_cu2_e,co-consumed,8.373220436403201e-05
15144,895,978,EX_fe2_e,provided,0.0007928112618444481
15145,895,978,EX_fe3_e,co-consumed,0.25421123036778265
15146,895,978,EX_fe3pyovd_kt_e,received,0.08177217128794477
15147,895,978,EX_gal_e,co-consumed,0.1149330845625809
15148,895,978,EX_glu__L_e,co-consumed,2.2365464042867877
15149,895,978,EX_glygln_e,co-consumed,0.16531970933720153
15150,895,978,EX_h2o_e,provided,1.630954304756127
15151,895,978,EX_h2s_e,co-consumed,0.029059921706837077
15152,895,978,EX_h_e,provided,3.999999719834292
15153,895,978,EX_istfrnA_e,received,0.0857731810299784
15154,895,978,EX_istfrnB_e,received,0.0857435552574466
15155,895,978,EX_k_e,co-consumed,0.02305210178621846
15156,895,978,EX_lys__L_e,co-consumed,0.04170792875179372
15157,895,978,EX_mg2_e,co-consumed,0.00102450898582638
15158,895,978,EX_mn2_e,co-consumed,8.1606422024748e-05
15159,895,978,EX_nh4_e,provided,0.15221570128204553
15160,895,978,EX_o2_e,co-consumed,3.9999999806049624
15161,895,978,EX_orn_e,co-consumed,0.02610624975975622
15162,895,978,EX_pi_e,co-consumed,0.15194507879906127
15163,895,978,EX_pyovd_kt_e,provided,0.08177217094967777
15164,895,978,EX_so4_e,co-consumed,0.000512315308719196
15165,895,978,EX_stfrnA_e,provided,0.08577318102997826
15166,895,978,EX_stfrnB_e,provided,0.08574355525679864
15167,895,978,EX_zn2_e,co-consumed,4.0266750851668e-05
15168,895,1338,EX_acald_e,received,3.9999999079672297
15169,895,1338,EX_arg__L_e,co-consumed,0.04662316792854972
15170,895,1338,EX_ca2_e,co-consumed,0.000820419769612432
15171,895,1338,EX_cl_e,co-consumed,0.000820419769612432
15172,895,1338,EX_co_e,provided,0.000196124531918444
15173,895,1338,EX_cobalt2_e,co-consumed,1.5762147350859998e-05
15174,895,1338,EX_cu2_e,co-consumed,0.00011175362471762
15175,895,1338,EX_fe2_e,provided,0.003402087946900608
15176,895,1338,EX_fe3_e,co-consumed,0.10098779478597139
15177,895,1338,EX_fe3pyovd_kt_e,received,0.09715883616885115
15178,895,1338,EX_fum_e,co-consumed,2.494744653335809
15179,895,1338,EX_glu__L_e,received,0.5985558432159503
15180,895,1338,EX_gly_asn__L_e,co-consumed,0.03799544068859324
15181,895,1338,EX_h2s_e,co-consumed,0.03881892788041594
15182,895,1338,EX_h_e,provided,3.99999984176356
15183,895,1338,EX_indole_e,co-consumed,0.008959674706269403
15184,895,1338,EX_k_e,co-consumed,0.03076660827857057
15185,895,1338,EX_lys__L_e,co-consumed,0.05408952397600663
15186,895,1338,EX_mal__L_e,co-consumed,1.0846396296286787e-06
15187,895,1338,EX_mg2_e,co-consumed,0.001367366289552788
15188,895,1338,EX_mn2_e,co-consumed,0.00010891643819446402
15189,895,1338,EX_o2_e,co-consumed,3.9999999806049624
15190,895,1338,EX_orn_e,co-consumed,0.0348428136409918
15191,895,1338,EX_pi_e,co-consumed,0.15194507879906127
15192,895,1338,EX_pyovd_kt_e,provided,0.09715883992988676
15193,895,1338,EX_so4_e,co-consumed,0.0006837934442837
15194,895,1338,EX_zn2_e,co-consumed,5.374892246644001e-05
15195,895,1357,EX_acald_e,co-consumed,1.35859842204089
15196,895,1357,EX_ala__L_e,co-consumed,1.9106153062289364
15197,895,1357,EX_arg__L_e,co-consumed,0.04662316792854972
15198,895,1357,EX_ca2_e,co-consumed,0.000820419769612432
15199,895,1357,EX_cl_e,co-consumed,0.000820419769612432
15200,895,1357,EX_cobalt2_e,co-consumed,1.5762147350859998e-05
15201,895,1357,EX_cu2_e,co-consumed,0.00011175362471762
15202,895,1357,EX_etoh_e,provided,1.2935053489466327e-06
15203,895,1357,EX_fe2_e,provided,0.001736825051244268
15204,895,1357,EX_fe3_e,co-consumed,0.09943419479300797
15205,895,1357,EX_fe3pyovd_kt_e,received,0.0974769207943739
15206,895,1357,EX_for_e,provided,0.000386729346295788
15207,895,1357,EX_glygln_e,co-consumed,0.17397824572201334
15208,895,1357,EX_h2s_e,co-consumed,0.03881892788041594
15209,895,1357,EX_h_e,provided,3.999999973844059
15210,895,1357,EX_indole_e,co-consumed,0.008959674706269403
15211,895,1357,EX_k_e,co-consumed,0.03076660827857057
15212,895,1357,EX_lys__L_e,co-consumed,0.05408952397600663
15213,895,1357,EX_mg2_e,co-consumed,0.001367366289552788
15214,895,1357,EX_mn2_e,co-consumed,0.00010891643819446402
15215,895,1357,EX_o2_e,co-consumed,3.9999999806049624
15216,895,1357,EX_orn_e,co-consumed,0.0348428136409918
15217,895,1357,EX_pi_e,co-consumed,0.15194507879906127
15218,895,1357,EX_pyovd_kt_e,provided,0.09747692068785542
15219,895,1357,EX_so4_e,co-consumed,0.0006837934442837
15220,895,1357,EX_zn2_e,co-consumed,5.374892246644001e-05
15221,895,2751,EX_fe3_e,co-consumed,0.25214261553782036
15222,895,2751,EX_fe3pyovd_kt_e,received,0.0814078201919272
15223,895,2751,EX_glu__L_e,received,0.6995528978121673
15224,895,2751,EX_h2s_e,co-consumed,0.03881892788041594
15225,895,2751,EX_istfrnA_e,received,0.08537518199413248
15226,895,2751,EX_istfrnB_e,received,0.08535991257092253
15227,895,2751,EX_mal__L_e,received,1.1055133945443052e-06
15228,895,2751,EX_nh4_e,provided,0.7901715688895377
15229,895,2751,EX_o2_e,co-consumed,3.999999925117265
15230,895,2751,EX_pyovd_kt_e,provided,0.08140781945174283
15231,895,2751,EX_stfrnA_e,provided,0.0853751819941325
15232,895,2751,EX_stfrnB_e,provided,0.08535991256867606
15233,895,709,EX_acald_e,co-consumed,3.999999565435491
15234,895,709,EX_ala__L_e,co-consumed,1.9106153062289364
15235,895,709,EX_arg__L_e,received,0.04662316792854972
15236,895,709,EX_co2_e,provided,3.9999992468984384
15237,895,709,EX_fe2_e,provided,0.001004880035867944
15238,895,709,EX_fe3_e,co-consumed,0.25283877006317557
15239,895,709,EX_fe3pyovd_kt_e,received,0.08162270850373415
15240,895,709,EX_fum_e,co-consumed,2.0935135829673976
15241,895,709,EX_h2s_e,co-consumed,0.036008770359333114
15242,895,709,EX_h_e,provided,3.9999997443327784
15243,895,709,EX_istfrnA_e,received,0.08561876966794817
15244,895,709,EX_istfrnB_e,received,0.0855972879513872
15245,895,709,EX_mal__L_e,co-consumed,2.8896912308811998e-05
15246,895,709,EX_nh4_e,provided,1.2529140989344e-05
15247,895,709,EX_o2_e,co-consumed,3.9999999806049624
15248,895,709,EX_orn_e,co-consumed,0.0348428136409918
15249,895,709,EX_pi_e,received,1.2724910709637248e-06
15250,895,709,EX_pyovd_kt_e,provided,0.08162271012892948
15251,895,709,EX_stfrnA_e,provided,0.08561876966794828
15252,895,709,EX_stfrnB_e,provided,0.08559728795379533
15253,895,1080,EX_acald_e,co-consumed,3.9999998824042273
15254,895,1080,EX_arg__L_e,co-consumed,0.04662316792854972
15255,895,1080,EX_asp__D_e,provided,3.999999951796058
15256,895,1080,EX_ca2_e,co-consumed,0.000820419769612432
15257,895,1080,EX_cl_e,co-consumed,0.000820419769612432
15258,895,1080,EX_cobalt2_e,co-consumed,1.5762147350859998e-05
15259,895,1080,EX_cu2_e,co-consumed,0.00011175362471762
15260,895,1080,EX_fe2_e,provided,0.002292361233621388
15261,895,1080,EX_fe3_e,co-consumed,0.25543215656573787
15262,895,1080,EX_fe3pyovd_kt_e,received,0.08162460823004711
15263,895,1080,EX_gal_e,co-consumed,0.12811500274592835
15264,895,1080,EX_gly_asn__L_e,co-consumed,0.03799544068859324
15265,895,1080,EX_glygln_e,co-consumed,0.47329807696510173
15266,895,1080,EX_h2s_e,co-consumed,0.03881892788041594
15267,895,1080,EX_h_e,provided,3.99999994148562
15268,895,1080,EX_indole_e,co-consumed,0.008959674706269403
15269,895,1080,EX_istfrnA_e,received,0.08562607366209062
15270,895,1080,EX_istfrnB_e,received,0.0856007640283628
15271,895,1080,EX_k_e,co-consumed,0.03076660827857057
15272,895,1080,EX_mg2_e,co-consumed,0.001367366289552788
15273,895,1080,EX_mn2_e,co-consumed,0.00010891643819446402
15274,895,1080,EX_o2_e,co-consumed,3.9999999806049624
15275,895,1080,EX_pi_e,co-consumed,0.15194507879906127
15276,895,1080,EX_pyovd_kt_e,provided,0.08162460805035757
15277,895,1080,EX_so4_e,co-consumed,0.0006837934442837
15278,895,1080,EX_stfrnA_e,provided,0.08562607366209049
15279,895,1080,EX_stfrnB_e,provided,0.08560076402816279
15280,895,1080,EX_zn2_e,co-consumed,5.374892246644001e-05
15281,895,1234,EX_acald_e,received,1.9985361270235371
15282,895,1234,EX_arg__L_e,co-consumed,0.04662316792854972
15283,895,1234,EX_ca2_e,co-consumed,0.000820419769612432
15284,895,1234,EX_cit_e,co-consumed,0.13104902428488074
15285,895,1234,EX_cl_e,co-consumed,0.000820419769612432
15286,895,1234,EX_cobalt2_e,co-consumed,1.5762147350859998e-05
15287,895,1234,EX_cu2_e,co-consumed,0.00011175362471762
15288,895,1234,EX_fe2_e,provided,0.004128071044394212
15289,895,1234,EX_fe3_e,co-consumed,0.1012688559048006
15290,895,1234,EX_fe3pyovd_kt_e,received,0.09662121724904432
15291,895,1234,EX_glu__L_e,received,1.3939495782268335e-06
15292,895,1234,EX_gly_asn__L_e,co-consumed,0.03799544068859324
15293,895,1234,EX_glygln_e,co-consumed,0.47329807696510173
15294,895,1234,EX_h2o_e,provided,0.657708615030396
15295,895,1234,EX_h2s_e,co-consumed,0.03881892788041594
15296,895,1234,EX_h_e,provided,4.000000000366147
15297,895,1234,EX_indole_e,co-consumed,0.008959674706269403
15298,895,1234,EX_k_e,co-consumed,0.03076660827857057
15299,895,1234,EX_lys__L_e,co-consumed,0.05408952397600663
15300,895,1234,EX_mg2_e,co-consumed,0.001367366289552788
15301,895,1234,EX_mn2_e,co-consumed,0.00010891643819446402
15302,895,1234,EX_nh4_e,provided,1.5984822268760945
15303,895,1234,EX_o2_e,co-consumed,3.9999999806049624
15304,895,1234,EX_orn_e,co-consumed,0.0348428136409918
15305,895,1234,EX_pi_e,co-consumed,0.15194507879906127
15306,895,1234,EX_pyovd_kt_e,provided,0.0966212167263657
15307,895,1234,EX_so4_e,co-consumed,0.0006837934442837
15308,895,1234,EX_zn2_e,co-consumed,5.374892246644001e-05
15309,895,459,EX_acald_e,received,3.9999999079672297
15310,895,459,EX_arg__L_e,co-consumed,0.04662316792854972
15311,895,459,EX_ca2_e,co-consumed,0.000820419769612432
15312,895,459,EX_cl_e,co-consumed,0.000820419769612432
15313,895,459,EX_co_e,provided,1.7996924166142676e-06
15314,895,459,EX_cobalt2_e,co-consumed,1.5762147350859998e-05
15315,895,459,EX_cu2_e,co-consumed,0.00011175362471762
15316,895,459,EX_etoh_e,provided,3.525817915228069
15317,895,459,EX_fe2_e,provided,0.001764986478475996
15318,895,459,EX_fe3_e,co-consumed,0.09975758485025954
15319,895,459,EX_fe3pyovd_kt_e,received,0.09777116104129016
15320,895,459,EX_gly_asn__L_e,co-consumed,0.03799544068859324
15321,895,459,EX_glygln_e,co-consumed,0.40215818231236483
15322,895,459,EX_h2s_e,co-consumed,0.03881892788041594
15323,895,459,EX_h_e,provided,4.000000002546111
15324,895,459,EX_indole_e,co-consumed,0.008959674706269403
15325,895,459,EX_k_e,co-consumed,0.03076660827857057
15326,895,459,EX_lys__L_e,co-consumed,0.05408952397600663
15327,895,459,EX_mg2_e,co-consumed,0.001367366289552788
15328,895,459,EX_mn2_e,co-consumed,0.00010891643819446402
15329,895,459,EX_nh4_e,provided,0.39438734493157057
15330,895,459,EX_o2_e,co-consumed,3.9999999806049624
15331,895,459,EX_orn_e,co-consumed,1.308345766382397e-06
15332,895,459,EX_pi_e,co-consumed,0.15194507879906127
15333,895,459,EX_pyovd_kt_e,provided,0.09777116056894272
15334,895,459,EX_so4_e,co-consumed,0.0006837934442837
15335,895,459,EX_zn2_e,co-consumed,5.374892246644001e-05
15336,895,939,EX_acald_e,co-consumed,3.9999999079672297
15337,895,939,EX_arg__L_e,co-consumed,0.04662316792854972
15338,895,939,EX_ca2_e,co-consumed,0.000820419769612432
15339,895,939,EX_cit_e,co-consumed,3.99999998150825
15340,895,939,EX_cl_e,co-consumed,0.000820419769612432
15341,895,939,EX_co2_e,provided,3.9999931267347986
15342,895,939,EX_cobalt2_e,co-consumed,1.5762147350859998e-05
15343,895,939,EX_cu2_e,co-consumed,0.00011175362471762
15344,895,939,EX_etoh_e,provided,3.816404787615397
15345,895,939,EX_fe2_e,provided,0.002304981749567044
15346,895,939,EX_fe3_e,co-consumed,0.2559489559051031
15347,895,939,EX_fe3pyovd_kt_e,received,0.08179167813970883
15348,895,939,EX_glu__L_e,co-consumed,0.7326833773435338
15349,895,939,EX_gly_asn__L_e,co-consumed,0.03799544068859324
15350,895,939,EX_glygln_e,co-consumed,0.47329807696510173
15351,895,939,EX_h2s_e,co-consumed,0.03881892788041594
15352,895,939,EX_h_e,provided,3.9999999748859985
15353,895,939,EX_indole_e,co-consumed,0.008959674706269403
15354,895,939,EX_istfrnA_e,received,0.08579135370272273
15355,895,939,EX_istfrnB_e,received,0.08577044294683825
15356,895,939,EX_k_e,co-consumed,0.03076660827857057
15357,895,939,EX_mg2_e,co-consumed,0.001367366289552788
15358,895,939,EX_mn2_e,co-consumed,0.00010891643819446402
15359,895,939,EX_o2_e,co-consumed,3.9999999806049624
15360,895,939,EX_pi_e,co-consumed,0.15194507879906127
15361,895,939,EX_pyovd_kt_e,provided,0.08179167806008131
15362,895,939,EX_so4_e,co-consumed,0.0006837934442837
15363,895,939,EX_stfrnA_e,provided,0.08579135370272256
15364,895,939,EX_stfrnB_e,provided,0.08577044294487317
15365,895,939,EX_zn2_e,co-consumed,5.374892246644001e-05
15366,895,1101,EX_acald_e,co-consumed,1.7386622935093572
15367,895,1101,EX_arg__L_e,co-consumed,0.04662316792854972
15368,895,1101,EX_ca2_e,co-consumed,0.000820419769612432
15369,895,1101,EX_cl_e,co-consumed,0.000820419769612432
15370,895,1101,EX_cobalt2_e,co-consumed,1.5762147350859998e-05
15371,895,1101,EX_cu2_e,co-consumed,0.00011175362471762
15372,895,1101,EX_etoh_e,provided,1.6528803451039475e-06
15373,895,1101,EX_fe2_e,provided,0.001662285257221172
15374,895,1101,EX_fe3_e,co-consumed,0.09965199913962736
15375,895,1101,EX_fe3pyovd_kt_e,received,0.0977811860709527
15376,895,1101,EX_gly_asn__L_e,co-consumed,0.03799544068859324
15377,895,1101,EX_glygln_e,co-consumed,0.2959978128613629
15378,895,1101,EX_h2s_e,co-consumed,0.03687654426009199
15379,895,1101,EX_h_e,provided,3.9999999758898386
15380,895,1101,EX_indole_e,co-consumed,0.008959674706269403
15381,895,1101,EX_k_e,co-consumed,0.03076660827857057
15382,895,1101,EX_lys__L_e,co-consumed,0.05408952397600663
15383,895,1101,EX_mg2_e,co-consumed,0.001367366289552788
15384,895,1101,EX_mn2_e,co-consumed,0.00010891643819446402
15385,895,1101,EX_nh4_e,provided,0.1584479661111053
15386,895,1101,EX_o2_e,co-consumed,3.9999999806049624
15387,895,1101,EX_orn_e,co-consumed,0.0348428136409918
15388,895,1101,EX_pi_e,co-consumed,0.15194507879906127
15389,895,1101,EX_pyovd_kt_e,provided,0.09778118568073929
15390,895,1101,EX_so4_e,co-consumed,0.0006837934442837
15391,895,1101,EX_zn2_e,co-consumed,5.374892246644001e-05
15392,895,1174,EX_acald_e,co-consumed,1.3753633387686748e-06
15393,895,1174,EX_arg__L_e,co-consumed,0.04662316792854972
15394,895,1174,EX_ca2_e,co-consumed,0.000820419769612432
15395,895,1174,EX_cl_e,co-consumed,0.000820419769612432
15396,895,1174,EX_cobalt2_e,co-consumed,1.5762147350859998e-05
15397,895,1174,EX_cu2_e,co-consumed,0.00011175362471762
15398,895,1174,EX_etoh_e,provided,1.4944651258840753
15399,895,1174,EX_fe2_e,provided,0.0027943848852446363
15400,895,1174,EX_fe3_e,co-consumed,0.252709713225035
15401,895,1174,EX_fe3pyovd_kt_e,received,0.08157835887681773
15402,895,1174,EX_gly_asn__L_e,co-consumed,0.03799544068859324
15403,895,1174,EX_glygln_e,co-consumed,0.32396667529562967
15404,895,1174,EX_h2s_e,co-consumed,0.02916697578508537
15405,895,1174,EX_h_e,provided,4.000000001053228
15406,895,1174,EX_istfrnA_e,received,0.08557606885855926
15407,895,1174,EX_istfrnB_e,received,0.08555523453044116
15408,895,1174,EX_k_e,co-consumed,0.03076660827857057
15409,895,1174,EX_lys__L_e,co-consumed,0.05408952397600663
15410,895,1174,EX_mg2_e,co-consumed,0.001367366289552788
15411,895,1174,EX_mn2_e,co-consumed,0.00010891643819446402
15412,895,1174,EX_nh4_e,provided,0.3070393874160899
15413,895,1174,EX_o2_e,co-consumed,3.9999999806049624
15414,895,1174,EX_orn_e,received,0.0348428136409918
15415,895,1174,EX_pi_e,co-consumed,0.15194507879906127
15416,895,1174,EX_pyovd_kt_e,provided,0.08157835839235565
15417,895,1174,EX_so4_e,co-consumed,0.0006837934442837
15418,895,1174,EX_stfrnA_e,provided,0.0855760688585592
15419,895,1174,EX_stfrnB_e,provided,0.08555523452901823
15420,895,1174,EX_zn2_e,co-consumed,5.374892246644001e-05
15421,895,638,EX_acald_e,received,3.9999999079672297
15422,895,638,EX_arg__L_e,co-consumed,0.04662316792854972
15423,895,638,EX_ca2_e,co-consumed,0.000820419769612432
15424,895,638,EX_cl_e,co-consumed,0.000820419769612432
15425,895,638,EX_cobalt2_e,co-consumed,1.5762147350859998e-05
15426,895,638,EX_cu2_e,co-consumed,0.00011175362471762
15427,895,638,EX_fe2_e,provided,0.002929125572479568
15428,895,638,EX_fe3_e,co-consumed,0.25689384517210573
15429,895,638,EX_fe3pyovd_kt_e,received,0.08183482052550028
15430,895,638,EX_glygln_e,co-consumed,0.47329807696510173
15431,895,638,EX_h2s_e,received,0.03881892788041594
15432,895,638,EX_h_e,provided,3.9999999377074
15433,895,638,EX_istfrnA_e,received,0.08583747617013711
15434,895,638,EX_istfrnB_e,received,0.0858156448323904
15435,895,638,EX_k_e,co-consumed,0.03076660827857057
15436,895,638,EX_lys__L_e,co-consumed,0.05408952397600663
15437,895,638,EX_mal__L_e,co-consumed,2.2245894957855357
15438,895,638,EX_mg2_e,co-consumed,0.001367366289552788
15439,895,638,EX_mn2_e,co-consumed,0.00010891643819446402
15440,895,638,EX_nh4_e,provided,0.5506591393670807
15441,895,638,EX_o2_e,co-consumed,3.9999999806049624
15442,895,638,EX_orn_e,received,0.0348428136409918
15443,895,638,EX_pi_e,co-consumed,0.15194507879906127
15444,895,638,EX_pyovd_kt_e,provided,0.08183482317024428
15445,895,638,EX_so4_e,co-consumed,0.0006837934442837
15446,895,638,EX_stfrnA_e,provided,0.08583747617013708
15447,895,638,EX_stfrnB_e,provided,0.08581564483370334
15448,895,638,EX_zn2_e,co-consumed,5.374892246644001e-05
15449,895,1252,EX_acald_e,co-consumed,3.9999997904593902
15450,895,1252,EX_arg__L_e,co-consumed,0.04662316792854972
15451,895,1252,EX_asp__D_e,provided,0.2977012157644438
15452,895,1252,EX_ca2_e,co-consumed,0.000820419769612432
15453,895,1252,EX_cit_e,co-consumed,0.28266369032457156
15454,895,1252,EX_cl_e,co-consumed,0.000820419769612432
15455,895,1252,EX_cobalt2_e,co-consumed,1.5762147350859998e-05
15456,895,1252,EX_cu2_e,co-consumed,0.00011175362471762
15457,895,1252,EX_fe3_e,co-consumed,0.10010262645074329
15458,895,1252,EX_fe3pyovd_kt_e,received,0.09763087307845002
15459,895,1252,EX_gal_e,co-consumed,0.12811500274592835
15460,895,1252,EX_glu__L_e,co-consumed,1.156763161269979
15461,895,1252,EX_gly_asn__L_e,co-consumed,0.03799544068859324
15462,895,1252,EX_glygln_e,co-consumed,0.47329807696510173
15463,895,1252,EX_h2s_e,co-consumed,0.025799261722311503
15464,895,1252,EX_h_e,provided,3.999999977009301
15465,895,1252,EX_indole_e,co-consumed,0.008959674706269403
15466,895,1252,EX_k_e,co-consumed,0.03076660827857057
15467,895,1252,EX_lys__L_e,co-consumed,0.05408952397600663
15468,895,1252,EX_mg2_e,co-consumed,0.001367366289552788
15469,895,1252,EX_mn2_e,co-consumed,0.00010891643819446402
15470,895,1252,EX_o2_e,co-consumed,3.9999999806049624
15471,895,1252,EX_orn_e,co-consumed,0.0348428136409918
15472,895,1252,EX_pi_e,co-consumed,0.15194507879906127
15473,895,1252,EX_pyovd_kt_e,provided,0.09763087271135708
15474,895,1252,EX_so4_e,co-consumed,0.0006837934442837
15475,895,1252,EX_zn2_e,co-consumed,5.374892246644001e-05
15476,1174,1208,EX_acald_e,co-consumed,1.3753633387686748e-06
15477,1174,1208,EX_arg__L_e,co-consumed,0.010515392853133068
15478,1174,1208,EX_ca2_e,co-consumed,0.000185037459311756
15479,1174,1208,EX_cl_e,co-consumed,0.00018503746083356002
15480,1174,1208,EX_cobalt2_e,co-consumed,3.554994415211502e-06
15481,1174,1208,EX_cu2_e,co-consumed,2.5204910403848e-05
15482,1174,1208,EX_fe2_e,co-consumed,0.00023873883590635602
15483,1174,1208,EX_fe3_e,co-consumed,0.252709713225035
15484,1174,1208,EX_glyc_e,received,0.36072456643691775
15485,1174,1208,EX_glygln_e,co-consumed,0.05348671039292357
15486,1174,1208,EX_h2o_e,provided,0.44188172090410993
15487,1174,1208,EX_h2s_e,co-consumed,0.00547056092920584
15488,1174,1208,EX_h_e,received,3.024212848729982
15489,1174,1208,EX_ile__L_e,co-consumed,0.011053439265323308
15490,1174,1208,EX_k_e,co-consumed,0.006939100248883789
15491,1174,1208,EX_lys__L_e,co-consumed,0.012199306937354772
15492,1174,1208,EX_malt_e,co-consumed,0.015817809174526198
15493,1174,1208,EX_mg2_e,co-consumed,0.000308395771808992
15494,1174,1208,EX_mn2_e,co-consumed,2.4565011409108002e-05
15495,1174,1208,EX_nh4_e,received,0.3070393874160899
15496,1174,1208,EX_o2_e,co-consumed,3.9999999827833617
15497,1174,1208,EX_pi_e,co-consumed,0.04983466476348048
15498,1174,1208,EX_pyovd_kt_e,co-consumed,0.08157835839235565
15499,1174,1208,EX_ser__L_e,co-consumed,0.10350235365771697
15500,1174,1208,EX_so4_e,co-consumed,0.00015421954251966
15501,1174,1208,EX_stfrnA_e,co-consumed,0.08557217889577441
15502,1174,1208,EX_stfrnB_e,co-consumed,0.08555159790369211
15503,1174,1208,EX_zn2_e,co-consumed,1.2122530955867999e-05
15504,1174,1334,EX_arg__L_e,co-consumed,0.038608070545978
15505,1174,1334,EX_ca2_e,co-consumed,0.0006793794336395401
15506,1174,1334,EX_cl_e,co-consumed,0.00067937942944234
15507,1174,1334,EX_cobalt2_e,co-consumed,1.305243863054e-05
15508,1174,1334,EX_cu2_e,co-consumed,9.254178989055201e-05
15509,1174,1334,EX_fe2_e,co-consumed,0.00087650510841338
15510,1174,1334,EX_fe3_e,co-consumed,0.252709713225035
15511,1174,1334,EX_gly_asn__L_e,co-consumed,0.03146355398006519
15512,1174,1334,EX_glyc_e,received,0.36072456643691775
15513,1174,1334,EX_h2o_e,provided,3.999999949116735
15514,1174,1334,EX_h2s_e,co-consumed,0.020089283009825425
15515,1174,1334,EX_h_e,co-consumed,1.0810525813379293
15516,1174,1334,EX_ile__L_e,co-consumed,0.04058313148740553
15517,1174,1334,EX_k_e,co-consumed,0.025477446536117086
15518,1174,1334,EX_lys__L_e,received,0.06503486075269914
15519,1174,1334,EX_malt_e,co-consumed,0.0701186252482854
15520,1174,1334,EX_mg2_e,co-consumed,0.0011322990512711
15521,1174,1334,EX_mn2_e,co-consumed,9.019235093705599e-05
15522,1174,1334,EX_nh4_e,received,0.3070393874160899
15523,1174,1334,EX_o2_e,co-consumed,3.9999999947191163
15524,1174,1334,EX_orn_e,provided,0.02841741718383033
15525,1174,1334,EX_pi_e,co-consumed,0.18053216455657164
15526,1174,1334,EX_pyovd_kt_e,co-consumed,0.08157835839235565
15527,1174,1334,EX_ser__L_e,co-consumed,0.10350235365771697
15528,1174,1334,EX_so4_e,co-consumed,0.000566218747882516
15529,1174,1334,EX_stfrnA_e,co-consumed,0.0855760688585592
15530,1174,1334,EX_stfrnB_e,co-consumed,0.08555523452901823
15531,1174,1334,EX_zn2_e,co-consumed,4.4508815730152e-05
15532,1174,397,EX_arg__L_e,co-consumed,0.05605769184233719
15533,1174,397,EX_ca2_e,co-consumed,0.000986437759824856
15534,1174,397,EX_cl_e,co-consumed,0.00098643776142874
15535,1174,397,EX_cobalt2_e,co-consumed,1.895173409846e-05
15536,1174,397,EX_cu2_e,co-consumed,0.00013436779475808
15537,1174,397,EX_fe2_e,co-consumed,0.0016230509548978839
15538,1174,397,EX_fe3_e,co-consumed,0.252709713225035
15539,1174,397,EX_glyc_e,co-consumed,0.18638663939230632
15540,1174,397,EX_glygln_e,co-consumed,0.2435887689092726
15541,1174,397,EX_h2s_e,received,0.02916697578508537
15542,1174,397,EX_h_e,co-consumed,3.999999947550514
15543,1174,397,EX_ile__L_e,co-consumed,0.055060282718296175
15544,1174,397,EX_k_e,co-consumed,0.0369924583388076
15545,1174,397,EX_lys__L_e,co-consumed,0.06503486075269914
15546,1174,397,EX_malt_e,co-consumed,0.0701186252482854
15547,1174,397,EX_mg2_e,co-consumed,0.001644062933833644
15548,1174,397,EX_mn2_e,co-consumed,0.00013095648262036002
15549,1174,397,EX_nh4_e,co-consumed,0.3070393874160899
15550,1174,397,EX_o2_e,co-consumed,4.000000007375812
15551,1174,397,EX_orn_e,provided,0.05172166304865404
15552,1174,397,EX_pheme_e,co-consumed,4.2253617028032e-05
15553,1174,397,EX_pi_e,co-consumed,0.18053216455657164
15554,1174,397,EX_pyovd_kt_e,co-consumed,0.08157835839235565
15555,1174,397,EX_so4_e,co-consumed,0.000822122439672656
15556,1174,397,EX_stfrnA_e,co-consumed,0.0855760688585592
15557,1174,397,EX_stfrnB_e,co-consumed,0.08555523452901823
15558,1174,397,EX_zn2_e,co-consumed,6.4625413275748e-05
15559,1174,790,EX_acald_e,co-consumed,1.3753633387686748e-06
15560,1174,790,EX_arg__L_e,co-consumed,0.05605769184233719
15561,1174,790,EX_ca2_e,co-consumed,0.000986437759824856
15562,1174,790,EX_cl_e,co-consumed,0.00098643776142874
15563,1174,790,EX_cobalt2_e,co-consumed,1.895173409846e-05
15564,1174,790,EX_cu2_e,co-consumed,0.00013436779475808
15565,1174,790,EX_etoh_e,co-consumed,1.3486580099658077e-06
15566,1174,790,EX_fe2_e,co-consumed,0.001508712915426732
15567,1174,790,EX_fe3_e,co-consumed,0.252709713225035
15568,1174,790,EX_glyc_e,co-consumed,5.115498198920001e-06
15569,1174,790,EX_glygln_e,co-consumed,0.29324987953109855
15570,1174,790,EX_h2s_e,co-consumed,0.02916697578508537
15571,1174,790,EX_h_e,co-consumed,3.9999999510067523
15572,1174,790,EX_ile__L_e,co-consumed,0.055060282718296175
15573,1174,790,EX_k_e,co-consumed,0.0369924583388076
15574,1174,790,EX_lys__L_e,co-consumed,0.06503486075269914
15575,1174,790,EX_malt_e,co-consumed,0.0701186252482854
15576,1174,790,EX_mg2_e,co-consumed,0.001644062933833644
15577,1174,790,EX_mn2_e,co-consumed,0.00013095648262036002
15578,1174,790,EX_nh4_e,received,0.3070393874160899
15579,1174,790,EX_o2_e,co-consumed,4.000000007375812
15580,1174,790,EX_orn_e,provided,0.04809132745711527
15581,1174,790,EX_pheme_e,co-consumed,4.2253617028032e-05
15582,1174,790,EX_pi_e,co-consumed,0.18053216455657164
15583,1174,790,EX_pyovd_kt_e,co-consumed,0.08157835839235565
15584,1174,790,EX_quin_e,co-consumed,0.07220550690048184
15585,1174,790,EX_so4_e,co-consumed,0.000822122439672656
15586,1174,790,EX_stfrnA_e,co-consumed,0.0855760688585592
15587,1174,790,EX_stfrnB_e,co-consumed,0.08555523452901823
15588,1174,790,EX_zn2_e,co-consumed,6.4625413275748e-05
15589,1174,947,EX_acald_e,received,1.3753633387686748e-06
15590,1174,947,EX_arg__L_e,co-consumed,0.05605769184233719
15591,1174,947,EX_ca2_e,co-consumed,0.000986437759824856
15592,1174,947,EX_cl_e,co-consumed,0.00098643776142874
15593,1174,947,EX_cobalt2_e,co-consumed,1.895173409846e-05
15594,1174,947,EX_cu2_e,co-consumed,0.00013436779475808
15595,1174,947,EX_etoh_e,co-consumed,1.4944651258840753
15596,1174,947,EX_fe2_e,co-consumed,0.0016975131417780078
15597,1174,947,EX_fe3_e,co-consumed,0.252709713225035
15598,1174,947,EX_gly_asn__L_e,co-consumed,0.04568414125757652
15599,1174,947,EX_glyc_e,co-consumed,0.36072456643691775
15600,1174,947,EX_glygln_e,co-consumed,0.32396667529562967
15601,1174,947,EX_h2s_e,co-consumed,0.02916697578508537
15602,1174,947,EX_h_e,co-consumed,4.000000001053228
15603,1174,947,EX_k_e,co-consumed,0.0369924583388076
15604,1174,947,EX_lys__L_e,co-consumed,0.06503486075269914
15605,1174,947,EX_mg2_e,co-consumed,0.001644062933833644
15606,1174,947,EX_mn2_e,co-consumed,0.00013095648262036002
15607,1174,947,EX_nh4_e,co-consumed,0.3070393874160899
15608,1174,947,EX_o2_e,co-consumed,4.000000007375812
15609,1174,947,EX_pi_e,co-consumed,0.18053216455657164
15610,1174,947,EX_pyovd_kt_e,co-consumed,0.08157835839235565
15611,1174,947,EX_s_e,co-consumed,0.017508463517654196
15612,1174,947,EX_so4_e,co-consumed,0.000822122439672656
15613,1174,947,EX_stfrnA_e,co-consumed,0.0855760688585592
15614,1174,947,EX_stfrnB_e,co-consumed,0.08555523452901823
15615,1174,947,EX_zn2_e,co-consumed,6.4625413275748e-05
15616,1174,997,EX_acald_e,co-consumed,1.3753633387686748e-06
15617,1174,997,EX_arg__L_e,co-consumed,0.05605769184233719
15618,1174,997,EX_ca2_e,co-consumed,0.000986437759824856
15619,1174,997,EX_cl_e,co-consumed,0.00098643776142874
15620,1174,997,EX_cobalt2_e,co-consumed,1.895173409846e-05
15621,1174,997,EX_cu2_e,co-consumed,0.00013436779475808
15622,1174,997,EX_etoh_e,co-consumed,1.5971720553081045e-06
15623,1174,997,EX_fe2_e,co-consumed,0.001390731870040848
15624,1174,997,EX_fe3_e,co-consumed,0.09940322317984002
15625,1174,997,EX_gly_asn__L_e,co-consumed,0.04568414125757652
15626,1174,997,EX_glyc_e,co-consumed,0.027880222580512305
15627,1174,997,EX_glygln_e,co-consumed,0.17273684583107904
15628,1174,997,EX_h2s_e,co-consumed,0.02916697578508537
15629,1174,997,EX_h_e,co-consumed,3.999999955173125
15630,1174,997,EX_ile__L_e,co-consumed,0.055060282718296175
15631,1174,997,EX_k_e,co-consumed,0.0369924583388076
15632,1174,997,EX_lys__L_e,co-consumed,0.06503486075269914
15633,1174,997,EX_mg2_e,co-consumed,0.001644062933833644
15634,1174,997,EX_mn2_e,co-consumed,0.00013095648262036002
15635,1174,997,EX_nh4_e,received,0.3070393874160899
15636,1174,997,EX_o2_e,co-consumed,4.000000007375812
15637,1174,997,EX_orn_e,provided,0.04431628766154045
15638,1174,997,EX_pheme_e,co-consumed,4.2253617028032e-05
15639,1174,997,EX_pyovd_kt_e,co-consumed,0.08157835839235565
15640,1174,997,EX_ser__L_e,co-consumed,0.09015960816453393
15641,1174,997,EX_so4_e,co-consumed,0.000822122439672656
15642,1174,997,EX_ura_e,received,0.06269127962800343
15643,1174,997,EX_zn2_e,co-consumed,6.4625413275748e-05
15644,1174,1114,EX_arg__L_e,co-consumed,0.0046357303882063276
15645,1174,1114,EX_ca2_e,co-consumed,8.157368052924399e-05
15646,1174,1114,EX_cl_e,co-consumed,8.1573673573936e-05
15647,1174,1114,EX_cobalt2_e,co-consumed,1.5672176856355215e-06
15648,1174,1114,EX_cu2_e,co-consumed,1.0660673623368001e-05
15649,1174,1114,EX_fe2_e,co-consumed,0.000105202132142988
15650,1174,1114,EX_fe3_e,co-consumed,0.2526625386113989
15651,1174,1114,EX_gly_asn__L_e,co-consumed,0.003777855372185156
15652,1174,1114,EX_glyc_e,co-consumed,0.36072456643691775
15653,1174,1114,EX_glygln_e,co-consumed,0.042553588203818285
15654,1174,1114,EX_h2s_e,co-consumed,0.0038483196513773637
15655,1174,1114,EX_h_e,received,0.00112623464957868
15656,1174,1114,EX_ile__L_e,co-consumed,0.004872935060638228
15657,1174,1114,EX_k_e,co-consumed,0.003059099217122536
15658,1174,1114,EX_lys__L_e,co-consumed,0.005534792074785936
15659,1174,1114,EX_malt_e,co-consumed,0.0701186252482854
15660,1174,1114,EX_mg2_e,co-consumed,0.000135956138154524
15661,1174,1114,EX_mn2_e,co-consumed,1.082947420774e-05
15662,1174,1114,EX_nh4_e,received,0.04547024196706147
15663,1174,1114,EX_o2_e,co-consumed,3.8457435539662432
15664,1174,1114,EX_orn_e,provided,0.003464318233193924
15665,1174,1114,EX_pyovd_kt_e,co-consumed,0.08153202518695611
15666,1174,1114,EX_so4_e,co-consumed,6.7900542683388e-05
15667,1174,1114,EX_stfrnA_e,co-consumed,0.08551769571185876
15668,1174,1114,EX_stfrnB_e,co-consumed,0.0854905751777392
15669,1174,1114,EX_zn2_e,co-consumed,5.344212308016e-06
15670,1174,1362,EX_acald_e,received,1.3753633387686748e-06
15671,1174,1362,EX_arg__L_e,co-consumed,0.05605769184233719
15672,1174,1362,EX_ca2_e,co-consumed,0.000986437759824856
15673,1174,1362,EX_cl_e,co-consumed,0.00098643776142874
15674,1174,1362,EX_cobalt2_e,co-consumed,1.895173409846e-05
15675,1174,1362,EX_cu2_e,co-consumed,0.00013436779475808
15676,1174,1362,EX_etoh_e,received,2.282753711595222e-06
15677,1174,1362,EX_fe2_e,co-consumed,0.0027943848852446363
15678,1174,1362,EX_fe3_e,co-consumed,0.10109349937422764
15679,1174,1362,EX_gly_asn__L_e,co-consumed,0.04568414125757652
15680,1174,1362,EX_glyc_e,co-consumed,0.36072456643691775
15681,1174,1362,EX_h2s_e,received,0.02916697578508537
15682,1174,1362,EX_h_e,co-consumed,3.999999965538384
15683,1174,1362,EX_k_e,co-consumed,0.0369924583388076
15684,1174,1362,EX_mg2_e,co-consumed,0.001644062933833644
15685,1174,1362,EX_mn2_e,co-consumed,0.00013095648262036002
15686,1174,1362,EX_nh4_e,co-consumed,0.01835854082437485
15687,1174,1362,EX_o2_e,co-consumed,4.0000000073171
15688,1174,1362,EX_pheme_e,co-consumed,4.2253617028032e-05
15689,1174,1362,EX_pi_e,co-consumed,0.18053216455657164
15690,1174,1362,EX_pyovd_kt_e,co-consumed,0.08157835839235565
15691,1174,1362,EX_quin_e,co-consumed,0.07220550690048184
15692,1174,1362,EX_s_e,co-consumed,0.017508463517654196
15693,1174,1362,EX_so4_e,co-consumed,0.000822122439672656
15694,1174,1362,EX_zn2_e,co-consumed,6.4625413275748e-05
15695,1174,428,EX_acald_e,co-consumed,1.3753633387686748e-06
15696,1174,428,EX_arg__L_e,co-consumed,0.05605769184233719
15697,1174,428,EX_ca2_e,co-consumed,0.000986437759824856
15698,1174,428,EX_cl_e,co-consumed,0.00098643776142874
15699,1174,428,EX_cobalt2_e,co-consumed,1.895173409846e-05
15700,1174,428,EX_cu2_e,co-consumed,0.00013436779475808
15701,1174,428,EX_etoh_e,co-consumed,1.4944651258840753
15702,1174,428,EX_fe2_e,co-consumed,0.001938810426974312
15703,1174,428,EX_fe3_e,co-consumed,0.252709713225035
15704,1174,428,EX_gly_asn__L_e,co-consumed,0.04568414125757652
15705,1174,428,EX_glyc_e,co-consumed,0.36072456643691775
15706,1174,428,EX_glygln_e,co-consumed,0.32396667529562967
15707,1174,428,EX_h2s_e,co-consumed,0.02916697578508537
15708,1174,428,EX_h_e,co-consumed,3.999999975345196
15709,1174,428,EX_ile__L_e,co-consumed,0.055060282718296175
15710,1174,428,EX_k_e,co-consumed,0.0369924583388076
15711,1174,428,EX_lys__L_e,co-consumed,0.06503486075269914
15712,1174,428,EX_malt_e,co-consumed,0.0701186252482854
15713,1174,428,EX_mg2_e,co-consumed,0.001644062933833644
15714,1174,428,EX_mn2_e,co-consumed,0.00013095648262036002
15715,1174,428,EX_nh4_e,co-consumed,0.3070393874160899
15716,1174,428,EX_o2_e,co-consumed,4.000000007375812
15717,1174,428,EX_pheme_e,co-consumed,4.2253617028032e-05
15718,1174,428,EX_pi_e,co-consumed,0.18053216455657164
15719,1174,428,EX_pro__L_e,co-consumed,0.006048876630584425
15720,1174,428,EX_pyovd_kt_e,co-consumed,0.08157835839235565
15721,1174,428,EX_s_e,co-consumed,0.017508463517654196
15722,1174,428,EX_ser__L_e,co-consumed,0.10350235365771697
15723,1174,428,EX_so4_e,co-consumed,0.000822122439672656
15724,1174,428,EX_stfrnA_e,co-consumed,0.0855760688585592
15725,1174,428,EX_stfrnB_e,co-consumed,0.08555523452901823
15726,1174,428,EX_ura_e,co-consumed,0.06269127962800343
15727,1174,428,EX_zn2_e,co-consumed,6.4625413275748e-05
15728,1174,796,EX_acald_e,co-consumed,1.3753633387686748e-06
15729,1174,796,EX_arg__L_e,co-consumed,0.05605769184233719
15730,1174,796,EX_ca2_e,co-consumed,0.000986437759824856
15731,1174,796,EX_cl_e,co-consumed,0.00098643776142874
15732,1174,796,EX_cobalt2_e,co-consumed,1.895173409846e-05
15733,1174,796,EX_cu2_e,co-consumed,0.00013436779475808
15734,1174,796,EX_etoh_e,co-consumed,0.1831971585221885
15735,1174,796,EX_fe2_e,co-consumed,0.0014762008737501159
15736,1174,796,EX_fe3_e,co-consumed,0.252709713225035
15737,1174,796,EX_gly_asn__L_e,co-consumed,0.04568414125757652
15738,1174,796,EX_glyc_e,co-consumed,0.36072456643691775
15739,1174,796,EX_glygln_e,co-consumed,0.32396667529562967
15740,1174,796,EX_h2s_e,received,0.02916697578508537
15741,1174,796,EX_h_e,co-consumed,3.9999999187499555
15742,1174,796,EX_ile__L_e,co-consumed,0.055060282718296175
15743,1174,796,EX_k_e,co-consumed,0.0369924583388076
15744,1174,796,EX_lys__L_e,co-consumed,0.06503486075269914
15745,1174,796,EX_mg2_e,co-consumed,0.001644062933833644
15746,1174,796,EX_mn2_e,co-consumed,0.00013095648262036002
15747,1174,796,EX_nh4_e,co-consumed,5.81020049542e-06
15748,1174,796,EX_o2_e,co-consumed,4.000000007062814
15749,1174,796,EX_orn_e,provided,0.047038335753491874
15750,1174,796,EX_pheme_e,co-consumed,4.2253617028032e-05
15751,1174,796,EX_pi_e,co-consumed,0.18053216455657164
15752,1174,796,EX_pyovd_kt_e,co-consumed,0.08157835839235565
15753,1174,796,EX_so4_e,co-consumed,0.000822122439672656
15754,1174,796,EX_stfrnA_e,co-consumed,0.0855760688585592
15755,1174,796,EX_stfrnB_e,co-consumed,0.08555523452901823
15756,1174,796,EX_ura_e,co-consumed,0.06269127962800343
15757,1174,796,EX_zn2_e,co-consumed,6.4625413275748e-05
15758,1174,1350,EX_acald_e,co-consumed,1.3753633387686748e-06
15759,1174,1350,EX_arg__L_e,co-consumed,0.04480527367546154
15760,1174,1350,EX_ca2_e,co-consumed,0.000388408448178276
15761,1174,1350,EX_cl_e,co-consumed,0.000388413463840176
15762,1174,1350,EX_cobalt2_e,co-consumed,7.46231436586e-06
15763,1174,1350,EX_cu2_e,co-consumed,5.290780885396e-05
15764,1174,1350,EX_fe3_e,co-consumed,0.252709713225035
15765,1174,1350,EX_gly_asn__L_e,co-consumed,0.01798827822953449
15766,1174,1350,EX_glyc_e,received,0.36072456643691775
15767,1174,1350,EX_glygln_e,co-consumed,0.1284790199539067
15768,1174,1350,EX_h2s_e,co-consumed,0.018360240954817714
15769,1174,1350,EX_h_e,co-consumed,0.17888914915507573
15770,1174,1350,EX_ile__L_e,co-consumed,0.016327387249486534
15771,1174,1350,EX_k_e,co-consumed,0.01456591528015751
15772,1174,1350,EX_lys__L_e,co-consumed,0.02635395491518484
15773,1174,1350,EX_malt_e,co-consumed,0.024316272548759867
15774,1174,1350,EX_mg2_e,co-consumed,0.000647355765087112
15775,1174,1350,EX_mn2_e,co-consumed,5.1564593668596e-05
15776,1174,1350,EX_nh4_e,received,0.10453527812462682
15777,1174,1350,EX_o2_e,co-consumed,4.000000001268809
15778,1174,1350,EX_pi_e,co-consumed,0.11485945952391907
15779,1174,1350,EX_pyovd_kt_e,co-consumed,0.08157835839235565
15780,1174,1350,EX_ser__L_e,co-consumed,0.10350235365771697
15781,1174,1350,EX_so4_e,co-consumed,0.000323716092813068
15782,1174,1350,EX_stfrnA_e,co-consumed,0.0855760688585592
15783,1174,1350,EX_stfrnB_e,co-consumed,0.08555523452901823
15784,1174,1350,EX_ura_e,co-consumed,0.0019525092422970841
15785,1174,1350,EX_zn2_e,co-consumed,2.5446491987588002e-05
15786,1174,262,EX_acald_e,co-consumed,1.3753633387686748e-06
15787,1174,262,EX_arg__L_e,co-consumed,0.05605769184233719
15788,1174,262,EX_ca2_e,co-consumed,0.000986437759824856
15789,1174,262,EX_cl_e,co-consumed,0.00098643776142874
15790,1174,262,EX_cobalt2_e,co-consumed,1.895173409846e-05
15791,1174,262,EX_cu2_e,co-consumed,0.00013436779475808
15792,1174,262,EX_etoh_e,received,1.4944651258840753
15793,1174,262,EX_fe2_e,co-consumed,0.0027943848852446363
15794,1174,262,EX_fe3_e,co-consumed,0.09825562569376221
15795,1174,262,EX_gly_asn__L_e,co-consumed,0.04568414125757652
15796,1174,262,EX_glyc_e,received,0.03544539127576483
15797,1174,262,EX_h2o_e,provided,3.9999997466492805
15798,1174,262,EX_h2s_e,co-consumed,0.02916697578508537
15799,1174,262,EX_h_e,co-consumed,3.9999999358706617
15800,1174,262,EX_ile__L_e,co-consumed,0.055060282718296175
15801,1174,262,EX_k_e,co-consumed,0.0369924583388076
15802,1174,262,EX_lys__L_e,co-consumed,0.06503486075269914
15803,1174,262,EX_mg2_e,co-consumed,0.001644062933833644
15804,1174,262,EX_mn2_e,co-consumed,0.00013095648262036002
15805,1174,262,EX_nh4_e,co-consumed,0.3070393874160899
15806,1174,262,EX_o2_e,co-consumed,4.000000005716123
15807,1174,262,EX_pi_e,co-consumed,0.18053216455657164
15808,1174,262,EX_pyovd_kt_e,co-consumed,0.08157835839235565
15809,1174,262,EX_ser__L_e,co-consumed,0.10350235365771697
15810,1174,262,EX_so4_e,co-consumed,0.000822122439672656
15811,1174,262,EX_ura_e,co-consumed,0.06269127962800343
15812,1174,262,EX_zn2_e,co-consumed,6.4625413275748e-05
15813,1174,978,EX_acald_e,co-consumed,1.3753633387686748e-06
15814,1174,978,EX_arg__L_e,co-consumed,0.03493271998263871
15815,1174,978,EX_ca2_e,co-consumed,0.000614705407725804
15816,1174,978,EX_cl_e,co-consumed,0.000614705397849888
15817,1174,978,EX_cobalt2_e,co-consumed,1.1809901884912e-05
15818,1174,978,EX_cu2_e,co-consumed,8.373220436403201e-05
15819,1174,978,EX_fe2_e,co-consumed,0.0007928112618444481
15820,1174,978,EX_fe3_e,co-consumed,0.252709713225035
15821,1174,978,EX_glyc_e,co-consumed,0.24764740041469416
15822,1174,978,EX_glygln_e,co-consumed,0.16531970933720153
15823,1174,978,EX_h2o_e,provided,3.999999718465075
15824,1174,978,EX_h2s_e,co-consumed,0.029059921706837077
15825,1174,978,EX_h_e,co-consumed,3.999999719834292
15826,1174,978,EX_ile__L_e,co-consumed,0.03672040273140531
15827,1174,978,EX_k_e,co-consumed,0.02305210178621846
15828,1174,978,EX_lys__L_e,co-consumed,0.04170792875179372
15829,1174,978,EX_mg2_e,co-consumed,0.00102450898582638
15830,1174,978,EX_mn2_e,co-consumed,8.1606422024748e-05
15831,1174,978,EX_nh4_e,co-consumed,0.15221570128204553
15832,1174,978,EX_o2_e,co-consumed,3.999999987126816
15833,1174,978,EX_orn_e,provided,0.02610624975975622
15834,1174,978,EX_pi_e,co-consumed,0.16582010592256907
15835,1174,978,EX_pyovd_kt_e,co-consumed,0.08157835839235565
15836,1174,978,EX_quin_e,co-consumed,0.04495718201968427
15837,1174,978,EX_ser__L_e,co-consumed,0.09209531243799896
15838,1174,978,EX_so4_e,co-consumed,0.000512315308719196
15839,1174,978,EX_stfrnA_e,co-consumed,0.0855760688585592
15840,1174,978,EX_stfrnB_e,co-consumed,0.08555523452901823
15841,1174,978,EX_zn2_e,co-consumed,4.0266750851668e-05
15842,1174,1338,EX_acald_e,received,1.3753633387686748e-06
15843,1174,1338,EX_arg__L_e,co-consumed,0.05605769184233719
15844,1174,1338,EX_ca2_e,co-consumed,0.000986437759824856
15845,1174,1338,EX_cl_e,co-consumed,0.00098643776142874
15846,1174,1338,EX_cobalt2_e,co-consumed,1.895173409846e-05
15847,1174,1338,EX_cu2_e,co-consumed,0.00013436779475808
15848,1174,1338,EX_etoh_e,received,0.00032043276375097603
15849,1174,1338,EX_fe2_e,co-consumed,0.0027943848852446363
15850,1174,1338,EX_fe3_e,co-consumed,0.10098779478597139
15851,1174,1338,EX_gly_asn__L_e,co-consumed,0.04568414125757652
15852,1174,1338,EX_glyc_e,co-consumed,0.36072456643691775
15853,1174,1338,EX_h2s_e,co-consumed,0.02916697578508537
15854,1174,1338,EX_h_e,co-consumed,3.99999984176356
15855,1174,1338,EX_ile__L_e,co-consumed,0.055060282718296175
15856,1174,1338,EX_k_e,co-consumed,0.0369924583388076
15857,1174,1338,EX_lys__L_e,co-consumed,0.06503486075269914
15858,1174,1338,EX_mg2_e,co-consumed,0.001644062933833644
15859,1174,1338,EX_mn2_e,co-consumed,0.00013095648262036002
15860,1174,1338,EX_nh4_e,received,0.3070393874160899
15861,1174,1338,EX_o2_e,co-consumed,4.000000007375812
15862,1174,1338,EX_orn_e,provided,0.0560576623089545
15863,1174,1338,EX_pheme_e,co-consumed,4.2253617028032e-05
15864,1174,1338,EX_pi_e,co-consumed,0.18053216455657164
15865,1174,1338,EX_pyovd_kt_e,co-consumed,0.08157835839235565
15866,1174,1338,EX_s_e,received,0.017508463517654196
15867,1174,1338,EX_ser__L_e,co-consumed,0.10350235365771697
15868,1174,1338,EX_so4_e,co-consumed,0.000822122439672656
15869,1174,1338,EX_zn2_e,co-consumed,6.4625413275748e-05
15870,1174,1357,EX_acald_e,co-consumed,1.3753633387686748e-06
15871,1174,1357,EX_arg__L_e,co-consumed,0.05605769184233719
15872,1174,1357,EX_ca2_e,co-consumed,0.000986437759824856
15873,1174,1357,EX_cl_e,co-consumed,0.00098643776142874
15874,1174,1357,EX_cobalt2_e,co-consumed,1.895173409846e-05
15875,1174,1357,EX_cu2_e,co-consumed,0.00013436779475808
15876,1174,1357,EX_etoh_e,co-consumed,1.2935053489466327e-06
15877,1174,1357,EX_fe2_e,co-consumed,0.001736825051244268
15878,1174,1357,EX_fe3_e,co-consumed,0.09943419479300797
15879,1174,1357,EX_glyc_e,co-consumed,0.2992554826238624
15880,1174,1357,EX_glygln_e,co-consumed,0.17397824572201334
15881,1174,1357,EX_h2s_e,co-consumed,0.02916697578508537
15882,1174,1357,EX_h_e,co-consumed,3.999999973844059
15883,1174,1357,EX_ile__L_e,co-consumed,0.055060282718296175
15884,1174,1357,EX_k_e,co-consumed,0.0369924583388076
15885,1174,1357,EX_lys__L_e,co-consumed,0.06503486075269914
15886,1174,1357,EX_mg2_e,co-consumed,0.001644062933833644
15887,1174,1357,EX_mn2_e,co-consumed,0.00013095648262036002
15888,1174,1357,EX_nh4_e,received,0.3070393874160899
15889,1174,1357,EX_o2_e,co-consumed,4.000000007375812
15890,1174,1357,EX_orn_e,provided,0.05537209138249047
15891,1174,1357,EX_pheme_e,co-consumed,4.2253617028032e-05
15892,1174,1357,EX_pi_e,co-consumed,0.18053216455657164
15893,1174,1357,EX_pyovd_kt_e,co-consumed,0.08157835839235565
15894,1174,1357,EX_so4_e,co-consumed,0.000822122439672656
15895,1174,1357,EX_zn2_e,co-consumed,6.4625413275748e-05
15896,1174,2751,EX_fe3_e,co-consumed,0.25214261553782036
15897,1174,2751,EX_glyc_e,co-consumed,0.36072456643691775
15898,1174,2751,EX_h2s_e,co-consumed,0.02916697578508537
15899,1174,2751,EX_h_e,received,4.000000001053228
15900,1174,2751,EX_malt_e,co-consumed,0.0701186252482854
15901,1174,2751,EX_nh4_e,co-consumed,0.3070393874160899
15902,1174,2751,EX_o2_e,co-consumed,3.999999925117265
15903,1174,2751,EX_pyovd_kt_e,co-consumed,0.08140781945174283
15904,1174,2751,EX_stfrnA_e,co-consumed,0.0853751819941325
15905,1174,2751,EX_stfrnB_e,co-consumed,0.08535991256867606
15906,1174,709,EX_acald_e,co-consumed,1.3753633387686748e-06
15907,1174,709,EX_arg__L_e,received,0.05605769184233719
15908,1174,709,EX_co2_e,provided,2.0204843794699174
15909,1174,709,EX_etoh_e,received,0.6805789844413482
15910,1174,709,EX_fe2_e,co-consumed,0.001004880035867944
15911,1174,709,EX_fe3_e,co-consumed,0.252709713225035
15912,1174,709,EX_glyc_e,received,0.36072456643691775
15913,1174,709,EX_h2s_e,co-consumed,0.02916697578508537
15914,1174,709,EX_h_e,co-consumed,3.9999997443327784
15915,1174,709,EX_nh4_e,co-consumed,1.2529140989344e-05
15916,1174,709,EX_o2_e,co-consumed,3.9999999885236144
15917,1174,709,EX_orn_e,provided,0.0560576623089545
15918,1174,709,EX_pheme_e,received,4.2253617028032e-05
15919,1174,709,EX_pi_e,received,1.2724910709637248e-06
15920,1174,709,EX_pyovd_kt_e,co-consumed,0.08157835839235565
15921,1174,709,EX_ser__L_e,co-consumed,0.10350235365771697
15922,1174,709,EX_stfrnA_e,co-consumed,0.0855760688585592
15923,1174,709,EX_stfrnB_e,co-consumed,0.08555523452901823
15924,1174,1080,EX_acald_e,co-consumed,1.3753633387686748e-06
15925,1174,1080,EX_arg__L_e,co-consumed,0.05605769184233719
15926,1174,1080,EX_ca2_e,co-consumed,0.000986437759824856
15927,1174,1080,EX_cl_e,co-consumed,0.00098643776142874
15928,1174,1080,EX_cobalt2_e,co-consumed,1.895173409846e-05
15929,1174,1080,EX_cu2_e,co-consumed,0.00013436779475808
15930,1174,1080,EX_etoh_e,received,1.4944651258840753
15931,1174,1080,EX_fe2_e,co-consumed,0.002292361233621388
15932,1174,1080,EX_fe3_e,co-consumed,0.252709713225035
15933,1174,1080,EX_gly_asn__L_e,co-consumed,0.04568414125757652
15934,1174,1080,EX_glyc_e,received,0.36072456643691775
15935,1174,1080,EX_glygln_e,co-consumed,0.32396667529562967
15936,1174,1080,EX_h2s_e,co-consumed,0.02916697578508537
15937,1174,1080,EX_h_e,co-consumed,3.99999994148562
15938,1174,1080,EX_ile__L_e,co-consumed,0.055060282718296175
15939,1174,1080,EX_k_e,co-consumed,0.0369924583388076
15940,1174,1080,EX_malt_e,co-consumed,0.0701186252482854
15941,1174,1080,EX_mg2_e,co-consumed,0.001644062933833644
15942,1174,1080,EX_mn2_e,co-consumed,0.00013095648262036002
15943,1174,1080,EX_nh4_e,received,0.3070393874160899
15944,1174,1080,EX_o2_e,co-consumed,4.000000007375812
15945,1174,1080,EX_pheme_e,co-consumed,4.2253617028032e-05
15946,1174,1080,EX_pi_e,co-consumed,0.18053216455657164
15947,1174,1080,EX_pyovd_kt_e,co-consumed,0.08157835839235565
15948,1174,1080,EX_ser__L_e,co-consumed,0.10350235365771697
15949,1174,1080,EX_so4_e,co-consumed,0.000822122439672656
15950,1174,1080,EX_stfrnA_e,co-consumed,0.0855760688585592
15951,1174,1080,EX_stfrnB_e,co-consumed,0.08555523452901823
15952,1174,1080,EX_zn2_e,co-consumed,6.4625413275748e-05
15953,1174,1234,EX_acald_e,received,1.3753633387686748e-06
15954,1174,1234,EX_arg__L_e,co-consumed,0.05605769184233719
15955,1174,1234,EX_ca2_e,co-consumed,0.000986437759824856
15956,1174,1234,EX_cl_e,co-consumed,0.00098643776142874
15957,1174,1234,EX_cobalt2_e,co-consumed,1.895173409846e-05
15958,1174,1234,EX_cu2_e,co-consumed,0.00013436779475808
15959,1174,1234,EX_etoh_e,received,6.33149306074e-06
15960,1174,1234,EX_fe2_e,co-consumed,0.0027943848852446363
15961,1174,1234,EX_fe3_e,co-consumed,0.1012688559048006
15962,1174,1234,EX_gly_asn__L_e,co-consumed,0.04568414125757652
15963,1174,1234,EX_glyc_e,co-consumed,0.36072456643691775
15964,1174,1234,EX_glygln_e,co-consumed,0.32396667529562967
15965,1174,1234,EX_h2o_e,provided,0.657708615030396
15966,1174,1234,EX_h2s_e,co-consumed,0.02916697578508537
15967,1174,1234,EX_h_e,co-consumed,4.000000000366147
15968,1174,1234,EX_ile__L_e,co-consumed,0.055060282718296175
15969,1174,1234,EX_k_e,co-consumed,0.0369924583388076
15970,1174,1234,EX_lys__L_e,co-consumed,0.06503486075269914
15971,1174,1234,EX_malt_e,co-consumed,0.0701186252482854
15972,1174,1234,EX_mg2_e,co-consumed,0.001644062933833644
15973,1174,1234,EX_mn2_e,co-consumed,0.00013095648262036002
15974,1174,1234,EX_nh4_e,co-consumed,0.3070393874160899
15975,1174,1234,EX_o2_e,co-consumed,4.000000007375812
15976,1174,1234,EX_orn_e,provided,0.0560576623089545
15977,1174,1234,EX_pheme_e,co-consumed,4.2253617028032e-05
15978,1174,1234,EX_pi_e,co-consumed,0.18053216455657164
15979,1174,1234,EX_pyovd_kt_e,co-consumed,0.08157835839235565
15980,1174,1234,EX_so4_e,co-consumed,0.000822122439672656
15981,1174,1234,EX_zn2_e,co-consumed,6.4625413275748e-05
15982,1174,459,EX_acald_e,received,1.3753633387686748e-06
15983,1174,459,EX_arg__L_e,co-consumed,0.05605769184233719
15984,1174,459,EX_ca2_e,co-consumed,0.000986437759824856
15985,1174,459,EX_cl_e,co-consumed,0.00098643776142874
15986,1174,459,EX_cobalt2_e,co-consumed,1.895173409846e-05
15987,1174,459,EX_cu2_e,co-consumed,0.00013436779475808
15988,1174,459,EX_etoh_e,co-consumed,1.4944651258840753
15989,1174,459,EX_fe2_e,co-consumed,0.001764986478475996
15990,1174,459,EX_fe3_e,co-consumed,0.09975758485025954
15991,1174,459,EX_gly_asn__L_e,co-consumed,0.04568414125757652
15992,1174,459,EX_glyc_e,co-consumed,0.36072456643691775
15993,1174,459,EX_glygln_e,co-consumed,0.32396667529562967
15994,1174,459,EX_h2s_e,co-consumed,0.02916697578508537
15995,1174,459,EX_h_e,co-consumed,4.000000001053228
15996,1174,459,EX_ile__L_e,co-consumed,0.055060282718296175
15997,1174,459,EX_k_e,co-consumed,0.0369924583388076
15998,1174,459,EX_lys__L_e,co-consumed,0.05673698394769787
15999,1174,459,EX_mg2_e,co-consumed,0.001644062933833644
16000,1174,459,EX_mn2_e,co-consumed,0.00013095648262036002
16001,1174,459,EX_nh4_e,co-consumed,0.3070393874160899
16002,1174,459,EX_o2_e,co-consumed,4.000000007375812
16003,1174,459,EX_orn_e,provided,1.308345766382397e-06
16004,1174,459,EX_pheme_e,co-consumed,4.2253617028032e-05
16005,1174,459,EX_pi_e,co-consumed,0.18053216455657164
16006,1174,459,EX_pyovd_kt_e,co-consumed,0.08157835839235565
16007,1174,459,EX_so4_e,co-consumed,0.000822122439672656
16008,1174,459,EX_ura_e,co-consumed,0.06269127962800343
16009,1174,459,EX_zn2_e,co-consumed,6.4625413275748e-05
16010,1174,939,EX_acald_e,co-consumed,1.3753633387686748e-06
16011,1174,939,EX_arg__L_e,co-consumed,0.05605769184233719
16012,1174,939,EX_ca2_e,co-consumed,0.000986437759824856
16013,1174,939,EX_cl_e,co-consumed,0.00098643776142874
16014,1174,939,EX_co2_e,provided,2.0204843794699174
16015,1174,939,EX_cobalt2_e,co-consumed,1.895173409846e-05
16016,1174,939,EX_cu2_e,co-consumed,0.00013436779475808
16017,1174,939,EX_etoh_e,co-consumed,1.4944651258840753
16018,1174,939,EX_fe2_e,co-consumed,0.002304981749567044
16019,1174,939,EX_fe3_e,co-consumed,0.252709713225035
16020,1174,939,EX_gly_asn__L_e,co-consumed,0.04568414125757652
16021,1174,939,EX_glyc_e,received,0.024997015534810717
16022,1174,939,EX_glygln_e,co-consumed,0.32396667529562967
16023,1174,939,EX_h2s_e,co-consumed,0.02916697578508537
16024,1174,939,EX_h_e,co-consumed,3.9999999748859985
16025,1174,939,EX_ile__L_e,co-consumed,0.055060282718296175
16026,1174,939,EX_k_e,co-consumed,0.0369924583388076
16027,1174,939,EX_malt_e,co-consumed,0.0701186252482854
16028,1174,939,EX_mg2_e,co-consumed,0.001644062933833644
16029,1174,939,EX_mn2_e,co-consumed,0.00013095648262036002
16030,1174,939,EX_nh4_e,received,0.3070393874160899
16031,1174,939,EX_o2_e,co-consumed,4.000000007375812
16032,1174,939,EX_pheme_e,co-consumed,4.2253617028032e-05
16033,1174,939,EX_pi_e,co-consumed,0.18053216455657164
16034,1174,939,EX_pyovd_kt_e,co-consumed,0.08157835839235565
16035,1174,939,EX_so4_e,co-consumed,0.000822122439672656
16036,1174,939,EX_stfrnA_e,co-consumed,0.0855760688585592
16037,1174,939,EX_stfrnB_e,co-consumed,0.08555523452901823
16038,1174,939,EX_ura_e,co-consumed,0.06269127962800343
16039,1174,939,EX_zn2_e,co-consumed,6.4625413275748e-05
16040,1174,1101,EX_acald_e,co-consumed,1.3753633387686748e-06
16041,1174,1101,EX_arg__L_e,co-consumed,0.05605769184233719
16042,1174,1101,EX_ca2_e,co-consumed,0.000986437759824856
16043,1174,1101,EX_cl_e,co-consumed,0.00098643776142874
16044,1174,1101,EX_cobalt2_e,co-consumed,1.895173409846e-05
16045,1174,1101,EX_cu2_e,co-consumed,0.00013436779475808
16046,1174,1101,EX_etoh_e,co-consumed,1.6528803451039475e-06
16047,1174,1101,EX_fe2_e,co-consumed,0.001662285257221172
16048,1174,1101,EX_fe3_e,co-consumed,0.09965199913962736
16049,1174,1101,EX_gly_asn__L_e,co-consumed,0.04568414125757652
16050,1174,1101,EX_glyc_e,co-consumed,0.36072456643691775
16051,1174,1101,EX_glygln_e,co-consumed,0.2959978128613629
16052,1174,1101,EX_h2s_e,co-consumed,0.02916697578508537
16053,1174,1101,EX_h_e,co-consumed,3.9999999758898386
16054,1174,1101,EX_ile__L_e,co-consumed,0.055060282718296175
16055,1174,1101,EX_k_e,co-consumed,0.0369924583388076
16056,1174,1101,EX_lys__L_e,co-consumed,0.06503486075269914
16057,1174,1101,EX_mg2_e,co-consumed,0.001644062933833644
16058,1174,1101,EX_mn2_e,co-consumed,0.00013095648262036002
16059,1174,1101,EX_nh4_e,co-consumed,0.1584479661111053
16060,1174,1101,EX_o2_e,co-consumed,4.000000007375812
16061,1174,1101,EX_orn_e,provided,0.05296448255771899
16062,1174,1101,EX_pheme_e,co-consumed,4.2253617028032e-05
16063,1174,1101,EX_pi_e,co-consumed,0.18053216455657164
16064,1174,1101,EX_pyovd_kt_e,co-consumed,0.08157835839235565
16065,1174,1101,EX_so4_e,co-consumed,0.000822122439672656
16066,1174,1101,EX_ura_e,co-consumed,0.06269127962800343
16067,1174,1101,EX_zn2_e,co-consumed,6.4625413275748e-05
16068,1174,895,EX_acald_e,co-consumed,1.3753633387686748e-06
16069,1174,895,EX_arg__L_e,co-consumed,0.04662316792854972
16070,1174,895,EX_ca2_e,co-consumed,0.000820419769612432
16071,1174,895,EX_cl_e,co-consumed,0.000820419769612432
16072,1174,895,EX_cobalt2_e,co-consumed,1.5762147350859998e-05
16073,1174,895,EX_cu2_e,co-consumed,0.00011175362471762
16074,1174,895,EX_etoh_e,received,1.4944651258840753
16075,1174,895,EX_fe2_e,received,0.0027943848852446363
16076,1174,895,EX_fe3_e,co-consumed,0.252709713225035
16077,1174,895,EX_fe3pyovd_kt_e,provided,0.08157835887681773
16078,1174,895,EX_gly_asn__L_e,co-consumed,0.03799544068859324
16079,1174,895,EX_glygln_e,co-consumed,0.32396667529562967
16080,1174,895,EX_h2s_e,co-consumed,0.02916697578508537
16081,1174,895,EX_h_e,received,4.000000001053228
16082,1174,895,EX_istfrnA_e,provided,0.08557606885855926
16083,1174,895,EX_istfrnB_e,provided,0.08555523453044116
16084,1174,895,EX_k_e,co-consumed,0.03076660827857057
16085,1174,895,EX_lys__L_e,co-consumed,0.05408952397600663
16086,1174,895,EX_mg2_e,co-consumed,0.001367366289552788
16087,1174,895,EX_mn2_e,co-consumed,0.00010891643819446402
16088,1174,895,EX_nh4_e,received,0.3070393874160899
16089,1174,895,EX_o2_e,co-consumed,3.9999999806049624
16090,1174,895,EX_orn_e,provided,0.0348428136409918
16091,1174,895,EX_pi_e,co-consumed,0.15194507879906127
16092,1174,895,EX_pyovd_kt_e,received,0.08157835839235565
16093,1174,895,EX_so4_e,co-consumed,0.0006837934442837
16094,1174,895,EX_stfrnA_e,received,0.0855760688585592
16095,1174,895,EX_stfrnB_e,received,0.08555523452901823
16096,1174,895,EX_zn2_e,co-consumed,5.374892246644001e-05
16097,1174,638,EX_acald_e,received,1.3753633387686748e-06
16098,1174,638,EX_arg__L_e,co-consumed,0.05605769184233719
16099,1174,638,EX_ca2_e,co-consumed,0.000986437759824856
16100,1174,638,EX_cl_e,co-consumed,0.00098643776142874
16101,1174,638,EX_cobalt2_e,co-consumed,1.895173409846e-05
16102,1174,638,EX_cu2_e,co-consumed,0.00013436779475808
16103,1174,638,EX_etoh_e,received,6.3958109527e-06
16104,1174,638,EX_fe2_e,co-consumed,0.0027943848852446363
16105,1174,638,EX_fe3_e,co-consumed,0.252709713225035
16106,1174,638,EX_glygln_e,co-consumed,0.32396667529562967
16107,1174,638,EX_glyser_e,co-consumed,1.401964933510986e-06
16108,1174,638,EX_h2s_e,received,0.02916697578508537
16109,1174,638,EX_h_e,co-consumed,3.9999999377074
16110,1174,638,EX_ile__L_e,co-consumed,0.055060282718296175
16111,1174,638,EX_k_e,co-consumed,0.0369924583388076
16112,1174,638,EX_lys__L_e,co-consumed,0.06503486075269914
16113,1174,638,EX_malt_e,co-consumed,0.0701186252482854
16114,1174,638,EX_mg2_e,co-consumed,0.001644062933833644
16115,1174,638,EX_mn2_e,co-consumed,0.00013095648262036002
16116,1174,638,EX_nh4_e,co-consumed,0.3070393874160899
16117,1174,638,EX_o2_e,co-consumed,4.0000000003571925
16118,1174,638,EX_pi_e,co-consumed,0.18053216455657164
16119,1174,638,EX_pyovd_kt_e,co-consumed,0.08157835839235565
16120,1174,638,EX_ser__L_e,co-consumed,0.10350235365771697
16121,1174,638,EX_so4_e,co-consumed,0.000822122439672656
16122,1174,638,EX_stfrnA_e,co-consumed,0.0855760688585592
16123,1174,638,EX_stfrnB_e,co-consumed,0.08555523452901823
16124,1174,638,EX_zn2_e,co-consumed,6.4625413275748e-05
16125,1174,1252,EX_acald_e,co-consumed,1.3753633387686748e-06
16126,1174,1252,EX_arg__L_e,co-consumed,0.04958276460367674
16127,1174,1252,EX_ca2_e,co-consumed,0.000872499182630916
16128,1174,1252,EX_cl_e,co-consumed,0.0008724991859140641
16129,1174,1252,EX_cobalt2_e,co-consumed,1.6762632508992e-05
16130,1174,1252,EX_cu2_e,co-consumed,0.00011884763121716
16131,1174,1252,EX_etoh_e,received,1.4944651258840753
16132,1174,1252,EX_fe3_e,co-consumed,0.10010262645074329
16133,1174,1252,EX_gly_asn__L_e,co-consumed,0.040407353390169966
16134,1174,1252,EX_glyc_e,co-consumed,2.5718014938363035e-06
16135,1174,1252,EX_glygln_e,co-consumed,0.32396667529562967
16136,1174,1252,EX_h2s_e,co-consumed,0.025799261722311503
16137,1174,1252,EX_h_e,co-consumed,3.999999977009301
16138,1174,1252,EX_ile__L_e,co-consumed,0.04870053056460484
16139,1174,1252,EX_k_e,co-consumed,0.03271964129784373
16140,1174,1252,EX_lys__L_e,co-consumed,0.05752308177107786
16141,1174,1252,EX_mg2_e,co-consumed,0.001454165301560156
16142,1174,1252,EX_mn2_e,co-consumed,0.00011583034153456801
16143,1174,1252,EX_nh4_e,received,0.3070393874160899
16144,1174,1252,EX_o2_e,co-consumed,4.000000006593655
16145,1174,1252,EX_orn_e,provided,0.03705476110979352
16146,1174,1252,EX_pheme_e,co-consumed,3.7374474097828e-05
16147,1174,1252,EX_pi_e,co-consumed,0.16625355329077693
16148,1174,1252,EX_pyovd_kt_e,co-consumed,0.08157835839235565
16149,1174,1252,EX_s_e,co-consumed,0.015484261505013861
16150,1174,1252,EX_so4_e,co-consumed,0.0007271911647131201
16151,1174,1252,EX_zn2_e,co-consumed,5.7160849428843996e-05
16152,638,1208,EX_acald_e,provided,0.031528264551958556
16153,638,1208,EX_acmana_e,co-consumed,0.0051901134277150965
16154,638,1208,EX_arg__L_e,co-consumed,0.010515392853133068
16155,638,1208,EX_ca2_e,co-consumed,0.000185037459311756
16156,638,1208,EX_cl_e,co-consumed,0.00018503746083356002
16157,638,1208,EX_cobalt2_e,co-consumed,3.554994415211502e-06
16158,638,1208,EX_cu2_e,co-consumed,2.5204910403848e-05
16159,638,1208,EX_cys__L_e,co-consumed,0.0032636170591681004
16160,638,1208,EX_fe2_e,co-consumed,0.00023873883590635602
16161,638,1208,EX_fe3_e,co-consumed,0.2529801586337414
16162,638,1208,EX_glygln_e,co-consumed,0.05348671039292357
16163,638,1208,EX_h2o_e,provided,0.44188172090410993
16164,638,1208,EX_h2s_e,provided,0.00547056092920584
16165,638,1208,EX_h_e,received,3.024212848729982
16166,638,1208,EX_ile__L_e,co-consumed,0.011053439265323308
16167,638,1208,EX_k_e,co-consumed,0.006939100248883789
16168,638,1208,EX_lys__L_e,co-consumed,0.012199306937354772
16169,638,1208,EX_malt_e,co-consumed,0.015817809174526198
16170,638,1208,EX_mg2_e,co-consumed,0.000308395771808992
16171,638,1208,EX_mn2_e,co-consumed,2.4565011409108002e-05
16172,638,1208,EX_nh4_e,received,0.5506591393670807
16173,638,1208,EX_o2_e,co-consumed,3.9999999827833617
16174,638,1208,EX_pi_e,co-consumed,0.04983466476348048
16175,638,1208,EX_pyovd_kt_e,co-consumed,0.08157885504853672
16176,638,1208,EX_ser__L_e,co-consumed,0.2205969746734422
16177,638,1208,EX_so4_e,co-consumed,0.00015421954251966
16178,638,1208,EX_stfrnA_e,co-consumed,0.08557217889577441
16179,638,1208,EX_stfrnB_e,co-consumed,0.08555159790369211
16180,638,1208,EX_thym_e,co-consumed,0.000930151556910888
16181,638,1208,EX_tyr__L_e,co-consumed,0.004910088625336588
16182,638,1208,EX_zn2_e,co-consumed,1.2122530955867999e-05
16183,638,1334,EX_arg__L_e,co-consumed,0.038608070545978
16184,638,1334,EX_ca2_e,co-consumed,0.0006793794336395401
16185,638,1334,EX_cl_e,co-consumed,0.00067937942944234
16186,638,1334,EX_cobalt2_e,co-consumed,1.305243863054e-05
16187,638,1334,EX_cu2_e,co-consumed,9.254178989055201e-05
16188,638,1334,EX_cys__L_e,co-consumed,0.01205676251673251
16189,638,1334,EX_fe2_e,co-consumed,0.00087650510841338
16190,638,1334,EX_fe3_e,co-consumed,0.2542119424440433
16191,638,1334,EX_h2o_e,provided,3.999999949116735
16192,638,1334,EX_h2s_e,provided,0.020089283009825425
16193,638,1334,EX_h_e,co-consumed,1.0810525813379293
16194,638,1334,EX_ile__L_e,co-consumed,0.04058313148740553
16195,638,1334,EX_k_e,co-consumed,0.025477446536117086
16196,638,1334,EX_lys__L_e,received,0.154051264809716
16197,638,1334,EX_mal__L_e,co-consumed,3.99999988952243
16198,638,1334,EX_malt_e,co-consumed,0.15360650768892167
16199,638,1334,EX_mg2_e,co-consumed,0.0011322990512711
16200,638,1334,EX_mn2_e,co-consumed,9.019235093705599e-05
16201,638,1334,EX_nh4_e,received,0.5506591393670807
16202,638,1334,EX_o2_e,co-consumed,3.9999999947191163
16203,638,1334,EX_orn_e,provided,0.02841741718383033
16204,638,1334,EX_pi_e,co-consumed,0.1832505419051775
16205,638,1334,EX_pyovd_kt_e,co-consumed,0.08174269204197179
16206,638,1334,EX_ser__L_e,co-consumed,0.2205969746734422
16207,638,1334,EX_so4_e,co-consumed,0.000566218747882516
16208,638,1334,EX_stfrnA_e,co-consumed,0.08574002981856813
16209,638,1334,EX_stfrnB_e,co-consumed,0.08571011538482924
16210,638,1334,EX_tyr__L_e,co-consumed,0.01802789882693641
16211,638,1334,EX_zn2_e,co-consumed,4.4508815730152e-05
16212,638,397,EX_arg__L_e,co-consumed,0.06920866969908211
16213,638,397,EX_ca2_e,co-consumed,0.001217852818750344
16214,638,397,EX_cl_e,co-consumed,0.001217852822333104
16215,638,397,EX_cobalt2_e,co-consumed,2.339774867916e-05
16216,638,397,EX_cu2_e,co-consumed,0.000165890038135252
16217,638,397,EX_cys__L_e,co-consumed,0.04019944787330906
16218,638,397,EX_fe2_e,co-consumed,0.0016230509548978839
16219,638,397,EX_fe3_e,co-consumed,0.25486127206504283
16220,638,397,EX_glygln_e,co-consumed,0.2435887689092726
16221,638,397,EX_gua_e,provided,0.011413676712646004
16222,638,397,EX_h_e,co-consumed,3.9999999377074
16223,638,397,EX_ile__L_e,co-consumed,0.06797735190551758
16224,638,397,EX_k_e,co-consumed,0.045670767579315284
16225,638,397,EX_lys__L_e,co-consumed,0.0802919326984846
16226,638,397,EX_malt_e,co-consumed,0.08970263165913173
16227,638,397,EX_mg2_e,co-consumed,0.002029754698458512
16228,638,397,EX_mn2_e,co-consumed,0.000161678443373004
16229,638,397,EX_nh4_e,co-consumed,0.4893943352087682
16230,638,397,EX_o2_e,co-consumed,4.0000000003571925
16231,638,397,EX_orn_e,provided,0.03645562108615275
16232,638,397,EX_pi_e,co-consumed,0.22556046007853384
16233,638,397,EX_pyovd_kt_e,co-consumed,0.08168261366841971
16234,638,397,EX_so4_e,co-consumed,0.001015003960146008
16235,638,397,EX_stfrnA_e,co-consumed,0.08568619093024499
16236,638,397,EX_stfrnB_e,co-consumed,0.08566524854270875
16237,638,397,EX_tyr__L_e,co-consumed,0.03231674507244956
16238,638,397,EX_zn2_e,co-consumed,7.9786322995936e-05
16239,638,790,EX_acald_e,provided,2.93522760138418
16240,638,790,EX_arg__L_e,co-consumed,0.0643513465484833
16241,638,790,EX_ca2_e,co-consumed,0.0011323795243763201
16242,638,790,EX_cl_e,co-consumed,0.001132379475451076
16243,638,790,EX_cobalt2_e,co-consumed,2.175560948702e-05
16244,638,790,EX_cu2_e,co-consumed,0.000154264017236172
16245,638,790,EX_etoh_e,provided,1.3486580099658077e-06
16246,638,790,EX_fe2_e,co-consumed,0.001508712915426732
16247,638,790,EX_fe3_e,co-consumed,0.25474934365794655
16248,638,790,EX_glygln_e,co-consumed,0.29324987953109855
16249,638,790,EX_gua_e,provided,1.4960626605072258e-06
16250,638,790,EX_h2s_e,provided,0.05358084316260509
16251,638,790,EX_h_e,co-consumed,3.9999999377074
16252,638,790,EX_ile__L_e,co-consumed,0.0632063717651916
16253,638,790,EX_k_e,co-consumed,0.042465426826002066
16254,638,790,EX_lys__L_e,co-consumed,0.07465664481291695
16255,638,790,EX_malt_e,co-consumed,0.07662155144452865
16256,638,790,EX_mg2_e,co-consumed,0.0018872991181296081
16257,638,790,EX_mn2_e,co-consumed,0.000150331261555316
16258,638,790,EX_nh4_e,received,0.5506591393670807
16259,638,790,EX_o2_e,co-consumed,4.0000000003571925
16260,638,790,EX_orn_e,provided,0.03645562108615275
16261,638,790,EX_pi_e,co-consumed,0.20959968283663044
16262,638,790,EX_pyovd_kt_e,co-consumed,0.08168969220271365
16263,638,790,EX_so4_e,co-consumed,0.000943764545232616
16264,638,790,EX_stfrnA_e,co-consumed,0.0856930507974858
16265,638,790,EX_stfrnB_e,co-consumed,0.0856674522874954
16266,638,790,EX_tyr__L_e,received,0.060151225681881935
16267,638,790,EX_zn2_e,co-consumed,7.418662835074e-05
16268,638,947,EX_arg__L_e,co-consumed,0.07014177111137566
16269,638,947,EX_ca2_e,co-consumed,0.00123427219400334
16270,638,947,EX_cl_e,co-consumed,0.0012342722029121001
16271,638,947,EX_cobalt2_e,co-consumed,2.3713174407356e-05
16272,638,947,EX_cu2_e,co-consumed,0.000168126606253288
16273,638,947,EX_etoh_e,provided,6.3958109527e-06
16274,638,947,EX_fe2_e,co-consumed,0.0016975131417780078
16275,638,947,EX_fe3_e,co-consumed,0.25500640961074594
16276,638,947,EX_glygln_e,co-consumed,0.39876471997726015
16277,638,947,EX_h2s_e,provided,0.036494787671598944
16278,638,947,EX_h_e,co-consumed,3.9999999377074
16279,638,947,EX_k_e,co-consumed,0.04628651150126695
16280,638,947,EX_lys__L_e,co-consumed,0.08137446490217075
16281,638,947,EX_mg2_e,co-consumed,0.0020571203234276882
16282,638,947,EX_mn2_e,co-consumed,0.000163858229789876
16283,638,947,EX_nh4_e,co-consumed,0.5506591393670807
16284,638,947,EX_o2_e,co-consumed,4.0000000003571925
16285,638,947,EX_pi_e,co-consumed,0.22859835619422186
16286,638,947,EX_pyovd_kt_e,co-consumed,0.08172432925127425
16287,638,947,EX_so4_e,co-consumed,0.00102869325506434
16288,638,947,EX_stfrnA_e,co-consumed,0.08572703856581225
16289,638,947,EX_stfrnB_e,co-consumed,0.08570291328544478
16290,638,947,EX_zn2_e,co-consumed,8.0862020779088e-05
16291,638,997,EX_acald_e,provided,0.6015655253815413
16292,638,997,EX_arg__L_e,co-consumed,0.05929959856276623
16293,638,997,EX_ca2_e,co-consumed,0.0010434847208092
16294,638,997,EX_cl_e,co-consumed,0.00104348472257708
16295,638,997,EX_cobalt2_e,co-consumed,2.0047737191336e-05
16296,638,997,EX_cu2_e,co-consumed,0.000142138456686592
16297,638,997,EX_etoh_e,provided,1.5971720553081045e-06
16298,638,997,EX_fe2_e,co-consumed,0.001390731870040848
16299,638,997,EX_fe3_e,co-consumed,0.09940322317984002
16300,638,997,EX_glygln_e,co-consumed,0.17273684583107904
16301,638,997,EX_gua_e,provided,0.011413676712646004
16302,638,997,EX_h2s_e,provided,0.04932917039706491
16303,638,997,EX_h_e,co-consumed,3.9999999377074
16304,638,997,EX_ile__L_e,co-consumed,0.05824451862096163
16305,638,997,EX_inost_e,provided,0.000112930720782636
16306,638,997,EX_k_e,co-consumed,0.03913177965589056
16307,638,997,EX_lys__L_e,co-consumed,0.0687959983179711
16308,638,997,EX_mg2_e,co-consumed,0.001739141201779196
16309,638,997,EX_mn2_e,co-consumed,0.000138529863992152
16310,638,997,EX_nh4_e,received,0.5506591393670807
16311,638,997,EX_o2_e,co-consumed,4.0000000003571925
16312,638,997,EX_orn_e,provided,0.03645562108615275
16313,638,997,EX_pyovd_kt_e,co-consumed,0.08183482317024428
16314,638,997,EX_ser__L_e,co-consumed,0.09015960816453393
16315,638,997,EX_so4_e,co-consumed,0.000869810833913784
16316,638,997,EX_thm_e,co-consumed,4.4672280316016e-05
16317,638,997,EX_tyr__L_e,co-consumed,0.02764506582847024
16318,638,997,EX_zn2_e,co-consumed,6.8362783822464e-05
16319,638,1114,EX_acmana_e,co-consumed,0.002288107144824404
16320,638,1114,EX_arg__L_e,co-consumed,0.0046357303882063276
16321,638,1114,EX_ca2_e,co-consumed,8.157368052924399e-05
16322,638,1114,EX_cl_e,co-consumed,8.1573673573936e-05
16323,638,1114,EX_cobalt2_e,co-consumed,1.5672176856355215e-06
16324,638,1114,EX_cu2_e,co-consumed,1.0660673623368001e-05
16325,638,1114,EX_fe2_e,co-consumed,0.000105202132142988
16326,638,1114,EX_fe3_e,co-consumed,0.2526625386113989
16327,638,1114,EX_glygln_e,co-consumed,0.042553588203818285
16328,638,1114,EX_h2s_e,provided,0.0038483196513773637
16329,638,1114,EX_h_e,received,0.00112623464957868
16330,638,1114,EX_ile__L_e,co-consumed,0.004872935060638228
16331,638,1114,EX_k_e,co-consumed,0.003059099217122536
16332,638,1114,EX_lys__L_e,co-consumed,0.005534792074785936
16333,638,1114,EX_malt_e,co-consumed,1.0293745998050619
16334,638,1114,EX_mg2_e,co-consumed,0.000135956138154524
16335,638,1114,EX_mn2_e,co-consumed,1.082947420774e-05
16336,638,1114,EX_nh4_e,received,0.04547024196706147
16337,638,1114,EX_o2_e,co-consumed,3.8457435539662432
16338,638,1114,EX_orn_e,provided,0.003464318233193924
16339,638,1114,EX_pyovd_kt_e,co-consumed,0.08153202518695611
16340,638,1114,EX_so4_e,co-consumed,6.7900542683388e-05
16341,638,1114,EX_stfrnA_e,co-consumed,0.08551769571185876
16342,638,1114,EX_stfrnB_e,co-consumed,0.0854905751777392
16343,638,1114,EX_thm_e,co-consumed,3.4862392137499753e-06
16344,638,1114,EX_tyr__L_e,co-consumed,0.002161134730962664
16345,638,1114,EX_zn2_e,co-consumed,5.344212308016e-06
16346,638,1362,EX_acmana_e,co-consumed,0.021940412490079858
16347,638,1362,EX_arg__L_e,co-consumed,0.2619077141576669
16348,638,1362,EX_ca2_e,co-consumed,0.0022704574125995644
16349,638,1362,EX_cl_e,co-consumed,0.00227045742129362
16350,638,1362,EX_cobalt2_e,co-consumed,4.3620699700512e-05
16351,638,1362,EX_cu2_e,co-consumed,0.000309270760876628
16352,638,1362,EX_fe2_e,co-consumed,0.002929125572479568
16353,638,1362,EX_fe3_e,co-consumed,0.10109349937422764
16354,638,1362,EX_for_e,provided,0.000876064761003356
16355,638,1362,EX_gua_e,provided,0.011413676712646004
16356,638,1362,EX_h_e,co-consumed,3.9999999377074
16357,638,1362,EX_k_e,co-consumed,0.08514455236642081
16358,638,1362,EX_mg2_e,co-consumed,0.0037840956883606605
16359,638,1362,EX_mn2_e,co-consumed,0.000301419034930536
16360,638,1362,EX_nh4_e,co-consumed,0.01835854082437485
16361,638,1362,EX_o2_e,co-consumed,4.0000000003571925
16362,638,1362,EX_pi_e,co-consumed,0.6124759208385391
16363,638,1362,EX_pyovd_kt_e,co-consumed,0.08183482317024428
16364,638,1362,EX_so4_e,co-consumed,0.00222749037921232
16365,638,1362,EX_zn2_e,co-consumed,0.000148746585978744
16366,638,428,EX_acald_e,provided,3.9999992800442308
16367,638,428,EX_arg__L_e,co-consumed,0.08270622101590855
16368,638,428,EX_ca2_e,co-consumed,0.001455367113996248
16369,638,428,EX_cl_e,co-consumed,0.001455367112419864
16370,638,428,EX_cobalt2_e,co-consumed,2.7960943592624002e-05
16371,638,428,EX_cu2_e,co-consumed,0.000198243090071724
16372,638,428,EX_etoh_e,provided,6.3958109527e-06
16373,638,428,EX_fe2_e,co-consumed,0.001938810426974312
16374,638,428,EX_fe3_e,co-consumed,0.25577753130779485
16375,638,428,EX_glygln_e,co-consumed,0.4007078806932791
16376,638,428,EX_h2s_e,provided,0.04303388535733
16377,638,428,EX_h_e,co-consumed,3.9999999377074
16378,638,428,EX_ile__L_e,co-consumed,0.08123464914254601
16379,638,428,EX_k_e,co-consumed,0.05457780462675701
16380,638,428,EX_lys__L_e,co-consumed,0.09595082637275765
16381,638,428,EX_malt_e,co-consumed,0.10750490007631758
16382,638,428,EX_mg2_e,co-consumed,0.002425611846484028
16383,638,428,EX_mn2_e,co-consumed,0.000193210120225052
16384,638,428,EX_nh4_e,co-consumed,0.5506591393670807
16385,638,428,EX_o2_e,co-consumed,4.0000000003571925
16386,638,428,EX_pi_e,co-consumed,0.2695095713140418
16387,638,428,EX_pyovd_kt_e,co-consumed,0.08183482317024428
16388,638,428,EX_ser__L_e,co-consumed,0.19433213116147038
16389,638,428,EX_so4_e,co-consumed,0.00121296412708714
16390,638,428,EX_stfrnA_e,co-consumed,0.08583747617013708
16391,638,428,EX_stfrnB_e,co-consumed,0.08581564483370334
16392,638,428,EX_tyr__L_e,co-consumed,0.038619371405905024
16393,638,428,EX_zn2_e,co-consumed,9.5346817650856e-05
16394,638,796,EX_acald_e,provided,0.002836909054187548
16395,638,796,EX_arg__L_e,co-consumed,0.06294170452915404
16396,638,796,EX_ca2_e,co-consumed,0.001107574281398108
16397,638,796,EX_cl_e,co-consumed,0.0011075742753872161
16398,638,796,EX_cobalt2_e,co-consumed,2.1279044663959997e-05
16399,638,796,EX_cu2_e,co-consumed,0.000150868424905576
16400,638,796,EX_cys__L_e,co-consumed,0.04019944787330906
16401,638,796,EX_etoh_e,provided,6.3958109527e-06
16402,638,796,EX_fe2_e,co-consumed,0.0014762008737501159
16403,638,796,EX_fe3_e,co-consumed,0.2544726661743336
16404,638,796,EX_glygln_e,co-consumed,0.4328202733705334
16405,638,796,EX_h_e,co-consumed,3.9999999187499555
16406,638,796,EX_ile__L_e,co-consumed,0.06182178988472924
16407,638,796,EX_k_e,co-consumed,0.041535205650924285
16408,638,796,EX_lys__L_e,co-consumed,0.07302137681343995
16409,638,796,EX_mal__L_e,co-consumed,0.17541776028121028
16410,638,796,EX_mg2_e,co-consumed,0.001845957120454128
16411,638,796,EX_mn2_e,co-consumed,0.000147038197718252
16412,638,796,EX_nh4_e,co-consumed,5.81020049542e-06
16413,638,796,EX_o2_e,co-consumed,4.0000000003571925
16414,638,796,EX_orn_e,provided,0.03645562108615275
16415,638,796,EX_pi_e,co-consumed,0.20513428815441953
16416,638,796,EX_pyovd_kt_e,co-consumed,0.08161142134172414
16417,638,796,EX_so4_e,co-consumed,1.5912159574119968
16418,638,796,EX_stfrnA_e,co-consumed,0.08560896902501572
16419,638,796,EX_stfrnB_e,co-consumed,0.08559065192532496
16420,638,796,EX_zn2_e,co-consumed,7.256154230407201e-05
16421,638,1350,EX_acald_e,provided,1.917460305183066
16422,638,1350,EX_acmana_e,co-consumed,0.010894953243991508
16423,638,1350,EX_arg__L_e,co-consumed,0.04480527367546154
16424,638,1350,EX_ca2_e,co-consumed,0.000388408448178276
16425,638,1350,EX_cl_e,co-consumed,0.000388413463840176
16426,638,1350,EX_cobalt2_e,co-consumed,7.46231436586e-06
16427,638,1350,EX_cu2_e,co-consumed,5.290780885396e-05
16428,638,1350,EX_fe3_e,co-consumed,0.2539856748570928
16429,638,1350,EX_glygln_e,co-consumed,0.1284790199539067
16430,638,1350,EX_h2s_e,provided,0.018360240954817714
16431,638,1350,EX_h_e,co-consumed,0.17888914915507573
16432,638,1350,EX_ile__L_e,co-consumed,0.016327387249486534
16433,638,1350,EX_k_e,co-consumed,0.01456591528015751
16434,638,1350,EX_lys__L_e,co-consumed,0.02635395491518484
16435,638,1350,EX_mal__L_e,received,3.623053652186e-05
16436,638,1350,EX_malt_e,co-consumed,0.024316272548759867
16437,638,1350,EX_mg2_e,co-consumed,0.000647355765087112
16438,638,1350,EX_mn2_e,co-consumed,5.1564593668596e-05
16439,638,1350,EX_nh4_e,received,0.10453527812462682
16440,638,1350,EX_o2_e,co-consumed,4.0000000003571925
16441,638,1350,EX_pi_e,co-consumed,0.11485945952391907
16442,638,1350,EX_pyovd_kt_e,co-consumed,0.08164225635842604
16443,638,1350,EX_ser__L_e,co-consumed,0.16210184535107958
16444,638,1350,EX_so4_e,co-consumed,0.000323716092813068
16445,638,1350,EX_stfrnA_e,co-consumed,0.08564058922336161
16446,638,1350,EX_stfrnB_e,co-consumed,0.08561906502578104
16447,638,1350,EX_thm_e,co-consumed,1.6419537479584e-05
16448,638,1350,EX_tyr__L_e,co-consumed,0.010290447363563479
16449,638,1350,EX_zn2_e,co-consumed,2.5446491987588002e-05
16450,638,262,EX_acald_e,provided,2.3331030225877964
16451,638,262,EX_arg__L_e,co-consumed,0.13939505062621846
16452,638,262,EX_ca2_e,co-consumed,0.0022704574125995644
16453,638,262,EX_cl_e,co-consumed,0.00227045742129362
16454,638,262,EX_cobalt2_e,co-consumed,4.3620699700512e-05
16455,638,262,EX_cu2_e,co-consumed,0.000309270760876628
16456,638,262,EX_fe2_e,co-consumed,0.002929125572479568
16457,638,262,EX_fe3_e,co-consumed,0.09825562569376221
16458,638,262,EX_gua_e,provided,0.011413676712646004
16459,638,262,EX_h2o_e,provided,3.9999997466492805
16460,638,262,EX_h2s_e,provided,0.11606566632490467
16461,638,262,EX_h_e,co-consumed,3.9999999358706617
16462,638,262,EX_ile__L_e,co-consumed,0.13562939800545407
16463,638,262,EX_k_e,co-consumed,0.08514455236642081
16464,638,262,EX_lys__L_e,co-consumed,0.154051264809716
16465,638,262,EX_mg2_e,co-consumed,0.0037840956883606605
16466,638,262,EX_mn2_e,co-consumed,0.000301419034930536
16467,638,262,EX_nh4_e,co-consumed,0.5506591393670807
16468,638,262,EX_o2_e,co-consumed,4.0000000003571925
16469,638,262,EX_pi_e,co-consumed,0.4543136955359811
16470,638,262,EX_pyovd_kt_e,co-consumed,0.08183482317024428
16471,638,262,EX_ser__L_e,co-consumed,0.2205969746734422
16472,638,262,EX_so4_e,co-consumed,0.00204435203036386
16473,638,262,EX_tyr__L_e,co-consumed,0.060151225681881935
16474,638,262,EX_zn2_e,co-consumed,0.000148746585978744
16475,638,978,EX_acald_e,provided,3.9999998664308722
16476,638,978,EX_arg__L_e,co-consumed,0.03493271998263871
16477,638,978,EX_ca2_e,co-consumed,0.000614705407725804
16478,638,978,EX_cl_e,co-consumed,0.000614705397849888
16479,638,978,EX_cobalt2_e,co-consumed,1.1809901884912e-05
16480,638,978,EX_cu2_e,co-consumed,8.373220436403201e-05
16481,638,978,EX_fe2_e,co-consumed,0.0007928112618444481
16482,638,978,EX_fe3_e,co-consumed,0.25421123036778265
16483,638,978,EX_glygln_e,co-consumed,0.16531970933720153
16484,638,978,EX_h2o_e,provided,3.999999718465075
16485,638,978,EX_h2s_e,provided,0.029059921706837077
16486,638,978,EX_h_e,co-consumed,3.999999719834292
16487,638,978,EX_ile__L_e,co-consumed,0.03672040273140531
16488,638,978,EX_k_e,co-consumed,0.02305210178621846
16489,638,978,EX_lys__L_e,co-consumed,0.04170792875179372
16490,638,978,EX_mg2_e,co-consumed,0.00102450898582638
16491,638,978,EX_mn2_e,co-consumed,8.1606422024748e-05
16492,638,978,EX_nh4_e,co-consumed,0.15221570128204553
16493,638,978,EX_o2_e,co-consumed,3.999999987126816
16494,638,978,EX_orn_e,provided,0.02610624975975622
16495,638,978,EX_pi_e,co-consumed,0.16582010592256907
16496,638,978,EX_pyovd_kt_e,co-consumed,0.08177217094967777
16497,638,978,EX_ser__L_e,co-consumed,0.09209531243799896
16498,638,978,EX_so4_e,co-consumed,0.000512315308719196
16499,638,978,EX_stfrnA_e,co-consumed,0.08577318102997826
16500,638,978,EX_stfrnB_e,co-consumed,0.08574355525679864
16501,638,978,EX_thm_e,co-consumed,2.6335884137236003e-05
16502,638,978,EX_zn2_e,co-consumed,4.0266750851668e-05
16503,638,1338,EX_arg__L_e,co-consumed,0.14504670550558305
16504,638,1338,EX_ca2_e,co-consumed,0.0022704574125995644
16505,638,1338,EX_cl_e,co-consumed,0.00227045742129362
16506,638,1338,EX_cobalt2_e,co-consumed,4.3620699700512e-05
16507,638,1338,EX_cu2_e,co-consumed,0.000309270760876628
16508,638,1338,EX_fe2_e,co-consumed,0.002929125572479568
16509,638,1338,EX_fe3_e,co-consumed,0.10098779478597139
16510,638,1338,EX_gua_e,provided,0.011413676712646004
16511,638,1338,EX_h2s_e,provided,0.6272066739162415
16512,638,1338,EX_h_e,co-consumed,3.99999984176356
16513,638,1338,EX_ile__L_e,co-consumed,0.13562939800545407
16514,638,1338,EX_k_e,co-consumed,0.08514455236642081
16515,638,1338,EX_lys__L_e,co-consumed,0.154051264809716
16516,638,1338,EX_mal__L_e,co-consumed,1.0846396296286787e-06
16517,638,1338,EX_mg2_e,co-consumed,0.0037840956883606605
16518,638,1338,EX_mn2_e,co-consumed,0.000301419034930536
16519,638,1338,EX_nh4_e,received,0.5506591393670807
16520,638,1338,EX_o2_e,co-consumed,4.0000000003571925
16521,638,1338,EX_orn_e,provided,0.03645562108615275
16522,638,1338,EX_pi_e,co-consumed,0.4733005374489946
16523,638,1338,EX_pyovd_kt_e,co-consumed,0.08183482317024428
16524,638,1338,EX_ser__L_e,co-consumed,0.2205969746734422
16525,638,1338,EX_so4_e,co-consumed,0.002127211543286632
16526,638,1338,EX_tyr__L_e,co-consumed,0.060151225681881935
16527,638,1338,EX_zn2_e,co-consumed,0.000148746585978744
16528,638,1357,EX_acald_e,provided,1.35859842204089
16529,638,1357,EX_arg__L_e,co-consumed,0.07409311905358083
16530,638,1357,EX_ca2_e,co-consumed,0.001303803745359452
16531,638,1357,EX_cl_e,co-consumed,0.0013038037393576522
16532,638,1357,EX_cobalt2_e,co-consumed,2.504906331142e-05
16533,638,1357,EX_cu2_e,co-consumed,0.000177615054287412
16534,638,1357,EX_etoh_e,provided,1.2935053489466327e-06
16535,638,1357,EX_fe2_e,co-consumed,0.001736825051244268
16536,638,1357,EX_fe3_e,co-consumed,0.09943419479300797
16537,638,1357,EX_for_e,provided,0.000876064761003356
16538,638,1357,EX_glygln_e,co-consumed,0.17397824572201334
16539,638,1357,EX_h2s_e,provided,0.061693457951051085
16540,638,1357,EX_h_e,co-consumed,3.9999999377074
16541,638,1357,EX_ile__L_e,co-consumed,0.07277490655242234
16542,638,1357,EX_k_e,co-consumed,0.04889401814946166
16543,638,1357,EX_lys__L_e,co-consumed,0.08595861066855712
16544,638,1357,EX_mg2_e,co-consumed,0.0021730062497658
16545,638,1357,EX_mn2_e,co-consumed,0.000173089025632868
16546,638,1357,EX_nh4_e,received,0.5506591393670807
16547,638,1357,EX_o2_e,co-consumed,4.0000000003571925
16548,638,1357,EX_orn_e,provided,0.03645562108615275
16549,638,1357,EX_pi_e,co-consumed,0.24148695362315242
16550,638,1357,EX_pyovd_kt_e,co-consumed,0.08183482317024428
16551,638,1357,EX_so4_e,co-consumed,0.001086645104511944
16552,638,1357,EX_tyr__L_e,co-consumed,0.0345975202625863
16553,638,1357,EX_zn2_e,co-consumed,8.5417305891944e-05
16554,638,2751,EX_cys__L_e,received,0.04019944787330906
16555,638,2751,EX_fe3_e,co-consumed,0.25214261553782036
16556,638,2751,EX_h2s_e,provided,0.4242744709241576
16557,638,2751,EX_h_e,received,3.9999999377074
16558,638,2751,EX_mal__L_e,received,1.1055133945443052e-06
16559,638,2751,EX_malt_e,co-consumed,0.4857752656748497
16560,638,2751,EX_nh4_e,co-consumed,0.5506591393670807
16561,638,2751,EX_o2_e,co-consumed,3.999999925117265
16562,638,2751,EX_pyovd_kt_e,co-consumed,0.08140781945174283
16563,638,2751,EX_stfrnA_e,co-consumed,0.0853751819941325
16564,638,2751,EX_stfrnB_e,co-consumed,0.08535991256867606
16565,638,709,EX_acald_e,provided,3.999999565435491
16566,638,709,EX_arg__L_e,received,0.2619077141576669
16567,638,709,EX_co2_e,provided,3.9999992468984384
16568,638,709,EX_fe2_e,co-consumed,0.001004880035867944
16569,638,709,EX_fe3_e,co-consumed,0.25283877006317557
16570,638,709,EX_h2s_e,provided,0.036008770359333114
16571,638,709,EX_h_e,co-consumed,3.9999997443327784
16572,638,709,EX_mal__L_e,co-consumed,2.8896912308811998e-05
16573,638,709,EX_nh4_e,co-consumed,1.2529140989344e-05
16574,638,709,EX_o2_e,co-consumed,3.9999999885236144
16575,638,709,EX_orn_e,provided,0.03645562108615275
16576,638,709,EX_pi_e,received,1.2724910709637248e-06
16577,638,709,EX_pyovd_kt_e,co-consumed,0.08162271012892948
16578,638,709,EX_ser__L_e,co-consumed,0.2205969746734422
16579,638,709,EX_stfrnA_e,co-consumed,0.08561876966794828
16580,638,709,EX_stfrnB_e,co-consumed,0.08559728795379533
16581,638,709,EX_thym_e,received,0.011413729578578904
16582,638,1080,EX_acald_e,provided,3.9999998824042273
16583,638,1080,EX_arg__L_e,co-consumed,0.09774477676403731
16584,638,1080,EX_ca2_e,co-consumed,0.0017199988518446041
16585,638,1080,EX_cl_e,co-consumed,0.001719998833413928
16586,638,1080,EX_cobalt2_e,co-consumed,3.3045126410572e-05
16587,638,1080,EX_cu2_e,co-consumed,0.00023428994625097202
16588,638,1080,EX_cys__L_e,co-consumed,0.030262793695731618
16589,638,1080,EX_fe2_e,co-consumed,0.002292361233621388
16590,638,1080,EX_fe3_e,co-consumed,0.25543215656573787
16591,638,1080,EX_glygln_e,co-consumed,0.763394002282184
16592,638,1080,EX_h2s_e,provided,0.05085931955435928
16593,638,1080,EX_h_e,co-consumed,3.9999999377074
16594,638,1080,EX_ile__L_e,co-consumed,0.09600566677600285
16595,638,1080,EX_k_e,co-consumed,0.0645017735945925
16596,638,1080,EX_malt_e,co-consumed,0.12643169613036048
16597,638,1080,EX_mg2_e,co-consumed,0.002866664713725084
16598,638,1080,EX_mn2_e,co-consumed,0.000228341823497068
16599,638,1080,EX_nh4_e,received,0.5506591393670807
16600,638,1080,EX_o2_e,co-consumed,4.0000000003571925
16601,638,1080,EX_pi_e,co-consumed,0.317846700613507
16602,638,1080,EX_pyovd_kt_e,co-consumed,0.08162460805035757
16603,638,1080,EX_ser__L_e,co-consumed,0.1556379087786258
16604,638,1080,EX_so4_e,co-consumed,0.001433538678428896
16605,638,1080,EX_stfrnA_e,co-consumed,0.08562607366209049
16606,638,1080,EX_stfrnB_e,co-consumed,0.08560076402816279
16607,638,1080,EX_thm_e,co-consumed,7.3690323671168e-05
16608,638,1080,EX_tyr__L_e,co-consumed,0.04556790367744402
16609,638,1080,EX_zn2_e,co-consumed,0.00011268388106005601
16610,638,1234,EX_arg__L_e,co-consumed,0.1760320041144797
16611,638,1234,EX_ca2_e,co-consumed,0.0022704574125995644
16612,638,1234,EX_cl_e,co-consumed,0.00227045742129362
16613,638,1234,EX_cobalt2_e,co-consumed,4.3620699700512e-05
16614,638,1234,EX_cu2_e,co-consumed,0.000309270760876628
16615,638,1234,EX_cys__L_e,co-consumed,0.04019944787330906
16616,638,1234,EX_fe2_e,co-consumed,0.002929125572479568
16617,638,1234,EX_fe3_e,co-consumed,0.1012688559048006
16618,638,1234,EX_glygln_e,co-consumed,0.7924241621974696
16619,638,1234,EX_h2o_e,provided,0.657708615030396
16620,638,1234,EX_h2s_e,provided,0.09158317848303064
16621,638,1234,EX_h_e,co-consumed,3.9999999377074
16622,638,1234,EX_ile__L_e,co-consumed,0.13562939800545407
16623,638,1234,EX_k_e,co-consumed,0.08514455236642081
16624,638,1234,EX_lys__L_e,co-consumed,0.154051264809716
16625,638,1234,EX_malt_e,co-consumed,3.9999999603655665
16626,638,1234,EX_mg2_e,co-consumed,0.0037840956883606605
16627,638,1234,EX_mn2_e,co-consumed,0.000301419034930536
16628,638,1234,EX_nh4_e,co-consumed,0.5506591393670807
16629,638,1234,EX_o2_e,co-consumed,4.0000000003571925
16630,638,1234,EX_orn_e,provided,0.03645562108615275
16631,638,1234,EX_pi_e,co-consumed,0.5710582709526603
16632,638,1234,EX_pyovd_kt_e,co-consumed,0.08183482317024428
16633,638,1234,EX_so4_e,co-consumed,0.00259253924081542
16634,638,1234,EX_tyr__L_e,co-consumed,0.060151225681881935
16635,638,1234,EX_zn2_e,co-consumed,0.000148746585978744
16636,638,459,EX_arg__L_e,co-consumed,0.0752507675809346
16637,638,459,EX_ca2_e,co-consumed,0.001324174641914416
16638,638,459,EX_cl_e,co-consumed,0.001324174648216012
16639,638,459,EX_cobalt2_e,co-consumed,2.5440435039219997e-05
16640,638,459,EX_cu2_e,co-consumed,0.000180390647390964
16641,638,459,EX_etoh_e,provided,6.3958109527e-06
16642,638,459,EX_fe2_e,co-consumed,0.001764986478475996
16643,638,459,EX_fe3_e,co-consumed,0.09975758485025954
16644,638,459,EX_glygln_e,co-consumed,0.40215818231236483
16645,638,459,EX_h2s_e,provided,0.06265178161169169
16646,638,459,EX_h_e,co-consumed,3.9999999377074
16647,638,459,EX_ile__L_e,co-consumed,0.07391186520346255
16648,638,459,EX_k_e,co-consumed,0.049657948366106826
16649,638,459,EX_lys__L_e,co-consumed,0.05673698394769787
16650,638,459,EX_mg2_e,co-consumed,0.002206957731340756
16651,638,459,EX_mn2_e,co-consumed,0.000175793406121016
16652,638,459,EX_nh4_e,co-consumed,0.39438734493157057
16653,638,459,EX_o2_e,co-consumed,4.0000000003571925
16654,638,459,EX_orn_e,provided,1.308345766382397e-06
16655,638,459,EX_pi_e,co-consumed,0.24524313539055015
16656,638,459,EX_pyovd_kt_e,co-consumed,0.08183482317024428
16657,638,459,EX_so4_e,co-consumed,0.0011036054317014401
16658,638,459,EX_tyr__L_e,co-consumed,0.035138067082458264
16659,638,459,EX_zn2_e,co-consumed,8.675188348374e-05
16660,638,939,EX_acald_e,provided,3.999999953878311
16661,638,939,EX_arg__L_e,co-consumed,0.09830545590351224
16662,638,939,EX_ca2_e,co-consumed,0.001729864292236908
16663,638,939,EX_cl_e,co-consumed,0.0017298642985617162
16664,638,939,EX_co2_e,provided,3.9999931267347986
16665,638,939,EX_cobalt2_e,co-consumed,3.3234664594716e-05
16666,638,939,EX_cu2_e,co-consumed,0.000235650970620524
16667,638,939,EX_cys__L_e,co-consumed,0.03062764767200241
16668,638,939,EX_etoh_e,provided,6.3958109527e-06
16669,638,939,EX_fe2_e,co-consumed,0.002304981749567044
16670,638,939,EX_fe3_e,co-consumed,0.2559489559051031
16671,638,939,EX_glygln_e,co-consumed,0.7924241621974696
16672,638,939,EX_h2s_e,provided,0.051150502675831995
16673,638,939,EX_h_e,co-consumed,3.9999999377074
16674,638,939,EX_ile__L_e,co-consumed,0.09655632339616185
16675,638,939,EX_k_e,co-consumed,0.06487173886236564
16676,638,939,EX_malt_e,co-consumed,0.22072956165251448
16677,638,939,EX_mg2_e,co-consumed,0.002883107157740876
16678,638,939,EX_mn2_e,co-consumed,0.000229651532349492
16679,638,939,EX_nh4_e,received,0.5506591393670807
16680,638,939,EX_o2_e,co-consumed,4.0000000003571925
16681,638,939,EX_pi_e,co-consumed,0.21639201496887295
16682,638,939,EX_pyovd_kt_e,co-consumed,0.08179167806008131
16683,638,939,EX_so4_e,co-consumed,0.0014417620006114402
16684,638,939,EX_stfrnA_e,co-consumed,0.08579135370272256
16685,638,939,EX_stfrnB_e,co-consumed,0.08577044294487317
16686,638,939,EX_thm_e,co-consumed,7.4113588579012e-05
16687,638,939,EX_tyr__L_e,co-consumed,0.0458292680808313
16688,638,939,EX_zn2_e,co-consumed,0.000113330206267984
16689,638,1101,EX_acald_e,provided,1.7386622935093572
16690,638,1101,EX_arg__L_e,co-consumed,0.0708719972398029
16691,638,1101,EX_ca2_e,co-consumed,0.001247118090470048
16692,638,1101,EX_cl_e,co-consumed,0.001247118089766604
16693,638,1101,EX_cobalt2_e,co-consumed,2.3960001738136e-05
16694,638,1101,EX_cu2_e,co-consumed,0.000169893680116944
16695,638,1101,EX_cys__L_e,co-consumed,0.02246962345297405
16696,638,1101,EX_etoh_e,provided,1.6528803451039475e-06
16697,638,1101,EX_fe2_e,co-consumed,0.001662285257221172
16698,638,1101,EX_fe3_e,co-consumed,0.09965199913962736
16699,638,1101,EX_glygln_e,co-consumed,0.2959978128613629
16700,638,1101,EX_gua_e,provided,0.011413676712646004
16701,638,1101,EX_h2s_e,provided,0.03687654426009199
16702,638,1101,EX_h_e,co-consumed,3.9999999377074
16703,638,1101,EX_ile__L_e,co-consumed,0.06961074539346983
16704,638,1101,EX_k_e,co-consumed,0.04676824619272245
16705,638,1101,EX_lys__L_e,co-consumed,0.08222137421269764
16706,638,1101,EX_mg2_e,co-consumed,0.0020785301475042483
16707,638,1101,EX_mn2_e,co-consumed,0.00016556361201052803
16708,638,1101,EX_nh4_e,co-consumed,0.1584479661111053
16709,638,1101,EX_o2_e,co-consumed,4.0000000003571925
16710,638,1101,EX_orn_e,provided,0.03645562108615275
16711,638,1101,EX_pi_e,co-consumed,0.2309763883790603
16712,638,1101,EX_pyovd_kt_e,co-consumed,0.08183482317024428
16713,638,1101,EX_so4_e,co-consumed,0.0010394015906126839
16714,638,1101,EX_thm_e,received,9.724185501546e-05
16715,638,1101,EX_tyr__L_e,co-consumed,0.033429170991171486
16716,638,1101,EX_zn2_e,co-consumed,8.1703605927048e-05
16717,638,895,EX_acald_e,provided,3.9999999079672297
16718,638,895,EX_arg__L_e,co-consumed,0.04662316792854972
16719,638,895,EX_ca2_e,co-consumed,0.000820419769612432
16720,638,895,EX_cl_e,co-consumed,0.000820419769612432
16721,638,895,EX_cobalt2_e,co-consumed,1.5762147350859998e-05
16722,638,895,EX_cu2_e,co-consumed,0.00011175362471762
16723,638,895,EX_fe2_e,received,0.002929125572479568
16724,638,895,EX_fe3_e,co-consumed,0.25689384517210573
16725,638,895,EX_fe3pyovd_kt_e,provided,0.08183482052550028
16726,638,895,EX_glygln_e,co-consumed,0.47329807696510173
16727,638,895,EX_h2s_e,provided,0.03881892788041594
16728,638,895,EX_h_e,received,3.9999999377074
16729,638,895,EX_istfrnA_e,provided,0.08583747617013711
16730,638,895,EX_istfrnB_e,provided,0.0858156448323904
16731,638,895,EX_k_e,co-consumed,0.03076660827857057
16732,638,895,EX_lys__L_e,co-consumed,0.05408952397600663
16733,638,895,EX_mal__L_e,co-consumed,2.2245894957855357
16734,638,895,EX_mg2_e,co-consumed,0.001367366289552788
16735,638,895,EX_mn2_e,co-consumed,0.00010891643819446402
16736,638,895,EX_nh4_e,received,0.5506591393670807
16737,638,895,EX_o2_e,co-consumed,3.9999999806049624
16738,638,895,EX_orn_e,provided,0.0348428136409918
16739,638,895,EX_pi_e,co-consumed,0.15194507879906127
16740,638,895,EX_pyovd_kt_e,received,0.08183482317024428
16741,638,895,EX_so4_e,co-consumed,0.0006837934442837
16742,638,895,EX_stfrnA_e,received,0.08583747617013708
16743,638,895,EX_stfrnB_e,received,0.08581564483370334
16744,638,895,EX_zn2_e,co-consumed,5.374892246644001e-05
16745,638,1174,EX_acald_e,provided,1.3753633387686748e-06
16746,638,1174,EX_arg__L_e,co-consumed,0.05605769184233719
16747,638,1174,EX_ca2_e,co-consumed,0.000986437759824856
16748,638,1174,EX_cl_e,co-consumed,0.00098643776142874
16749,638,1174,EX_cobalt2_e,co-consumed,1.895173409846e-05
16750,638,1174,EX_cu2_e,co-consumed,0.00013436779475808
16751,638,1174,EX_etoh_e,provided,6.3958109527e-06
16752,638,1174,EX_fe2_e,co-consumed,0.0027943848852446363
16753,638,1174,EX_fe3_e,co-consumed,0.252709713225035
16754,638,1174,EX_glygln_e,co-consumed,0.32396667529562967
16755,638,1174,EX_glyser_e,co-consumed,1.401964933510986e-06
16756,638,1174,EX_h2s_e,provided,0.02916697578508537
16757,638,1174,EX_h_e,co-consumed,3.9999999377074
16758,638,1174,EX_ile__L_e,co-consumed,0.055060282718296175
16759,638,1174,EX_k_e,co-consumed,0.0369924583388076
16760,638,1174,EX_lys__L_e,co-consumed,0.06503486075269914
16761,638,1174,EX_malt_e,co-consumed,0.0701186252482854
16762,638,1174,EX_mg2_e,co-consumed,0.001644062933833644
16763,638,1174,EX_mn2_e,co-consumed,0.00013095648262036002
16764,638,1174,EX_nh4_e,co-consumed,0.3070393874160899
16765,638,1174,EX_o2_e,co-consumed,4.0000000003571925
16766,638,1174,EX_pi_e,co-consumed,0.18053216455657164
16767,638,1174,EX_pyovd_kt_e,co-consumed,0.08157835839235565
16768,638,1174,EX_ser__L_e,co-consumed,0.10350235365771697
16769,638,1174,EX_so4_e,co-consumed,0.000822122439672656
16770,638,1174,EX_stfrnA_e,co-consumed,0.0855760688585592
16771,638,1174,EX_stfrnB_e,co-consumed,0.08555523452901823
16772,638,1174,EX_zn2_e,co-consumed,6.4625413275748e-05
16773,638,1252,EX_acald_e,provided,3.9999997904593902
16774,638,1252,EX_arg__L_e,co-consumed,0.04958276460367674
16775,638,1252,EX_ca2_e,co-consumed,0.000872499182630916
16776,638,1252,EX_cl_e,co-consumed,0.0008724991859140641
16777,638,1252,EX_cobalt2_e,co-consumed,1.6762632508992e-05
16778,638,1252,EX_cu2_e,co-consumed,0.00011884763121716
16779,638,1252,EX_fe3_e,co-consumed,0.10010262645074329
16780,638,1252,EX_glygln_e,co-consumed,0.4764608738417795
16781,638,1252,EX_h2s_e,provided,0.025799261722311503
16782,638,1252,EX_h_e,co-consumed,3.9999999377074
16783,638,1252,EX_ile__L_e,co-consumed,0.04870053056460484
16784,638,1252,EX_k_e,co-consumed,0.03271964129784373
16785,638,1252,EX_lys__L_e,co-consumed,0.05752308177107786
16786,638,1252,EX_mg2_e,co-consumed,0.001454165301560156
16787,638,1252,EX_mn2_e,co-consumed,0.00011583034153456801
16788,638,1252,EX_nh4_e,received,0.5506591393670807
16789,638,1252,EX_o2_e,co-consumed,4.0000000003571925
16790,638,1252,EX_orn_e,provided,0.03645562108615275
16791,638,1252,EX_pi_e,co-consumed,0.16625355329077693
16792,638,1252,EX_pyovd_kt_e,co-consumed,0.08183482317024428
16793,638,1252,EX_so4_e,co-consumed,0.0007271911647131201
16794,638,1252,EX_tyr__L_e,co-consumed,0.02315249065739494
16795,638,1252,EX_zn2_e,co-consumed,5.7160849428843996e-05
16796,1252,1208,EX_acald_e,co-consumed,0.031528264551958556
16797,1252,1208,EX_arg__L_e,co-consumed,0.010515392853133068
16798,1252,1208,EX_ca2_e,co-consumed,0.000185037459311756
16799,1252,1208,EX_cit_e,co-consumed,0.28266369032457156
16800,1252,1208,EX_cl_e,co-consumed,0.00018503746083356002
16801,1252,1208,EX_cobalt2_e,co-consumed,3.554994415211502e-06
16802,1252,1208,EX_cu2_e,co-consumed,2.5204910403848e-05
16803,1252,1208,EX_fe3_e,co-consumed,0.10010262645074329
16804,1252,1208,EX_glu__L_e,received,1.0558889299769023e-06
16805,1252,1208,EX_glyc_e,received,2.5718014938363035e-06
16806,1252,1208,EX_glygln_e,co-consumed,0.05348671039292357
16807,1252,1208,EX_gthrd_e,co-consumed,1.16268181321189e-06
16808,1252,1208,EX_h2o_e,provided,0.44188172090410993
16809,1252,1208,EX_h2s_e,co-consumed,0.00547056092920584
16810,1252,1208,EX_h_e,received,3.024212848729982
16811,1252,1208,EX_ile__L_e,co-consumed,0.011053439265323308
16812,1252,1208,EX_k_e,co-consumed,0.006939100248883789
16813,1252,1208,EX_lys__L_e,co-consumed,0.012199306937354772
16814,1252,1208,EX_mg2_e,co-consumed,0.000308395771808992
16815,1252,1208,EX_mn2_e,co-consumed,2.4565011409108002e-05
16816,1252,1208,EX_o2_e,co-consumed,3.9999999827833617
16817,1252,1208,EX_orn_e,received,0.03705476110979352
16818,1252,1208,EX_pi_e,co-consumed,0.04983466476348048
16819,1252,1208,EX_pyovd_kt_e,co-consumed,0.08157885504853672
16820,1252,1208,EX_so4_e,co-consumed,0.00015421954251966
16821,1252,1208,EX_tyr__L_e,co-consumed,0.004910088625336588
16822,1252,1208,EX_zn2_e,co-consumed,1.2122530955867999e-05
16823,1252,1334,EX_arg__L_e,co-consumed,0.038608070545978
16824,1252,1334,EX_ca2_e,co-consumed,0.0006793794336395401
16825,1252,1334,EX_cit_e,co-consumed,0.000679406253194092
16826,1252,1334,EX_cl_e,co-consumed,0.00067937942944234
16827,1252,1334,EX_cobalt2_e,co-consumed,1.305243863054e-05
16828,1252,1334,EX_cu2_e,co-consumed,9.254178989055201e-05
16829,1252,1334,EX_fe3_e,co-consumed,0.10010262645074329
16830,1252,1334,EX_glu__L_e,co-consumed,1.156763161269979
16831,1252,1334,EX_gly_asn__L_e,co-consumed,0.03146355398006519
16832,1252,1334,EX_glyc_e,received,2.5718014938363035e-06
16833,1252,1334,EX_gthrd_e,co-consumed,3.1177770936651037e-06
16834,1252,1334,EX_h2o_e,provided,1.6854540583242033
16835,1252,1334,EX_h2s_e,co-consumed,0.020089283009825425
16836,1252,1334,EX_h_e,co-consumed,1.0810525813379293
16837,1252,1334,EX_ile__L_e,co-consumed,0.04058313148740553
16838,1252,1334,EX_k_e,co-consumed,0.025477446536117086
16839,1252,1334,EX_lys__L_e,received,0.05752308177107786
16840,1252,1334,EX_mg2_e,co-consumed,0.0011322990512711
16841,1252,1334,EX_mn2_e,co-consumed,9.019235093705599e-05
16842,1252,1334,EX_o2_e,co-consumed,3.9999999947191163
16843,1252,1334,EX_orn_e,co-consumed,0.02841741718383033
16844,1252,1334,EX_pi_e,co-consumed,0.16625355329077693
16845,1252,1334,EX_pyovd_kt_e,co-consumed,0.08174269204197179
16846,1252,1334,EX_so4_e,co-consumed,0.000566218747882516
16847,1252,1334,EX_tyr__L_e,co-consumed,0.01802789882693641
16848,1252,1334,EX_zn2_e,co-consumed,4.4508815730152e-05
16849,1252,397,EX_arg__L_e,co-consumed,0.04958276460367674
16850,1252,397,EX_ca2_e,co-consumed,0.000872499182630916
16851,1252,397,EX_cit_e,co-consumed,0.28266369032457156
16852,1252,397,EX_cl_e,co-consumed,0.0008724991859140641
16853,1252,397,EX_cobalt2_e,co-consumed,1.6762632508992e-05
16854,1252,397,EX_cu2_e,co-consumed,0.00011884763121716
16855,1252,397,EX_fe3_e,co-consumed,0.10010262645074329
16856,1252,397,EX_glyc_e,co-consumed,2.5718014938363035e-06
16857,1252,397,EX_glygln_e,co-consumed,0.2435887689092726
16858,1252,397,EX_h2s_e,received,0.025799261722311503
16859,1252,397,EX_h_e,co-consumed,3.999999947550514
16860,1252,397,EX_ile__L_e,co-consumed,0.04870053056460484
16861,1252,397,EX_indole_e,co-consumed,0.009528431344488265
16862,1252,397,EX_k_e,co-consumed,0.03271964129784373
16863,1252,397,EX_lys__L_e,co-consumed,0.05752308177107786
16864,1252,397,EX_mg2_e,co-consumed,0.001454165301560156
16865,1252,397,EX_mn2_e,co-consumed,0.00011583034153456801
16866,1252,397,EX_nh4_e,provided,0.4893943352087682
16867,1252,397,EX_o2_e,co-consumed,4.000000006593655
16868,1252,397,EX_orn_e,co-consumed,0.03705476110979352
16869,1252,397,EX_pheme_e,co-consumed,3.7374474097828e-05
16870,1252,397,EX_pi_e,co-consumed,0.16625355329077693
16871,1252,397,EX_pyovd_kt_e,co-consumed,0.08168261366841971
16872,1252,397,EX_so4_e,co-consumed,0.0007271911647131201
16873,1252,397,EX_tyr__L_e,co-consumed,0.02315249065739494
16874,1252,397,EX_zn2_e,co-consumed,5.7160849428843996e-05
16875,1252,790,EX_acald_e,co-consumed,2.93522760138418
16876,1252,790,EX_arg__L_e,co-consumed,0.04958276460367674
16877,1252,790,EX_ca2_e,co-consumed,0.000872499182630916
16878,1252,790,EX_cl_e,co-consumed,0.0008724991859140641
16879,1252,790,EX_cobalt2_e,co-consumed,1.6762632508992e-05
16880,1252,790,EX_cu2_e,co-consumed,0.00011884763121716
16881,1252,790,EX_etoh_e,provided,1.3486580099658077e-06
16882,1252,790,EX_fe3_e,co-consumed,0.10010262645074329
16883,1252,790,EX_glu__L_e,co-consumed,0.2379628279478169
16884,1252,790,EX_glyc_e,co-consumed,2.5718014938363035e-06
16885,1252,790,EX_glygln_e,co-consumed,0.29324987953109855
16886,1252,790,EX_h2s_e,co-consumed,0.025799261722311503
16887,1252,790,EX_h_e,co-consumed,3.9999999510067523
16888,1252,790,EX_ile__L_e,co-consumed,0.04870053056460484
16889,1252,790,EX_indole_e,co-consumed,0.009528431344488265
16890,1252,790,EX_k_e,co-consumed,0.03271964129784373
16891,1252,790,EX_lys__L_e,co-consumed,0.05752308177107786
16892,1252,790,EX_mg2_e,co-consumed,0.001454165301560156
16893,1252,790,EX_mn2_e,co-consumed,0.00011583034153456801
16894,1252,790,EX_o2_e,co-consumed,4.000000006593655
16895,1252,790,EX_orn_e,co-consumed,0.03705476110979352
16896,1252,790,EX_pheme_e,co-consumed,3.7374474097828e-05
16897,1252,790,EX_pi_e,co-consumed,0.16625355329077693
16898,1252,790,EX_pyovd_kt_e,co-consumed,0.08168969220271365
16899,1252,790,EX_so4_e,co-consumed,0.0007271911647131201
16900,1252,790,EX_tyr__L_e,received,0.02315249065739494
16901,1252,790,EX_zn2_e,co-consumed,5.7160849428843996e-05
16902,1252,947,EX_acald_e,received,3.8316336657903487
16903,1252,947,EX_arg__L_e,co-consumed,0.04958276460367674
16904,1252,947,EX_ca2_e,co-consumed,0.000872499182630916
16905,1252,947,EX_cit_e,co-consumed,0.001234267179719784
16906,1252,947,EX_cl_e,co-consumed,0.0008724991859140641
16907,1252,947,EX_cobalt2_e,co-consumed,1.6762632508992e-05
16908,1252,947,EX_cu2_e,co-consumed,0.00011884763121716
16909,1252,947,EX_etoh_e,provided,3.8533133133823108
16910,1252,947,EX_fe3_e,co-consumed,0.10010262645074329
16911,1252,947,EX_gly_asn__L_e,co-consumed,0.040407353390169966
16912,1252,947,EX_glyc_e,co-consumed,2.5718014938363035e-06
16913,1252,947,EX_glygln_e,co-consumed,0.39876471997726015
16914,1252,947,EX_h2s_e,co-consumed,0.025799261722311503
16915,1252,947,EX_h_e,co-consumed,3.999999977009301
16916,1252,947,EX_indole_e,co-consumed,0.009528431344488265
16917,1252,947,EX_k_e,co-consumed,0.03271964129784373
16918,1252,947,EX_lys__L_e,co-consumed,0.05752308177107786
16919,1252,947,EX_mg2_e,co-consumed,0.001454165301560156
16920,1252,947,EX_mn2_e,co-consumed,0.00011583034153456801
16921,1252,947,EX_nh4_e,provided,0.8581781074640575
16922,1252,947,EX_o2_e,co-consumed,4.000000006593655
16923,1252,947,EX_orn_e,received,0.03705476110979352
16924,1252,947,EX_pi_e,co-consumed,0.16625355329077693
16925,1252,947,EX_pnto__R_e,provided,0.000136028586327572
16926,1252,947,EX_pyovd_kt_e,co-consumed,0.08172432925127425
16927,1252,947,EX_s_e,co-consumed,0.015484261505013861
16928,1252,947,EX_so4_e,co-consumed,0.0007271911647131201
16929,1252,947,EX_tol_e,co-consumed,1.676254974152e-05
16930,1252,947,EX_zn2_e,co-consumed,5.7160849428843996e-05
16931,1252,997,EX_acald_e,co-consumed,0.6015655253815413
16932,1252,997,EX_arg__L_e,co-consumed,0.04958276460367674
16933,1252,997,EX_asp__D_e,co-consumed,0.2977012157644438
16934,1252,997,EX_ca2_e,co-consumed,0.000872499182630916
16935,1252,997,EX_cl_e,co-consumed,0.0008724991859140641
16936,1252,997,EX_cobalt2_e,co-consumed,1.6762632508992e-05
16937,1252,997,EX_cu2_e,co-consumed,0.00011884763121716
16938,1252,997,EX_etoh_e,provided,1.5971720553081045e-06
16939,1252,997,EX_fe3_e,co-consumed,0.09940322317984002
16940,1252,997,EX_glu__L_e,received,1.4547662932545256e-06
16941,1252,997,EX_gly_asn__L_e,co-consumed,0.040407353390169966
16942,1252,997,EX_glyc_e,co-consumed,2.5718014938363035e-06
16943,1252,997,EX_glygln_e,co-consumed,0.17273684583107904
16944,1252,997,EX_gthrd_e,co-consumed,1.4356304749597735e-06
16945,1252,997,EX_h2s_e,co-consumed,0.025799261722311503
16946,1252,997,EX_h_e,co-consumed,3.999999955173125
16947,1252,997,EX_ile__L_e,co-consumed,0.04870053056460484
16948,1252,997,EX_indole_e,co-consumed,0.009528431344488265
16949,1252,997,EX_k_e,co-consumed,0.03271964129784373
16950,1252,997,EX_lys__L_e,co-consumed,0.05752308177107786
16951,1252,997,EX_mg2_e,co-consumed,0.001454165301560156
16952,1252,997,EX_mn2_e,co-consumed,0.00011583034153456801
16953,1252,997,EX_o2_e,co-consumed,4.000000006593655
16954,1252,997,EX_orn_e,co-consumed,0.03705476110979352
16955,1252,997,EX_pheme_e,co-consumed,3.7374474097828e-05
16956,1252,997,EX_pyovd_kt_e,co-consumed,0.09763087271135708
16957,1252,997,EX_so4_e,co-consumed,0.0007271911647131201
16958,1252,997,EX_tyr__L_e,co-consumed,0.02315249065739494
16959,1252,997,EX_zn2_e,co-consumed,5.7160849428843996e-05
16960,1252,1114,EX_arg__L_e,co-consumed,0.0046357303882063276
16961,1252,1114,EX_ca2_e,co-consumed,8.157368052924399e-05
16962,1252,1114,EX_cl_e,co-consumed,8.1573673573936e-05
16963,1252,1114,EX_cobalt2_e,co-consumed,1.5672176856355215e-06
16964,1252,1114,EX_cu2_e,co-consumed,1.0660673623368001e-05
16965,1252,1114,EX_fe3_e,co-consumed,0.10010262645074329
16966,1252,1114,EX_gal_e,received,0.12956592926336005
16967,1252,1114,EX_gly_asn__L_e,co-consumed,0.003777855372185156
16968,1252,1114,EX_glyc_e,co-consumed,2.5718014938363035e-06
16969,1252,1114,EX_glygln_e,co-consumed,0.042553588203818285
16970,1252,1114,EX_h2s_e,co-consumed,0.0038483196513773637
16971,1252,1114,EX_h_e,received,0.00112623464957868
16972,1252,1114,EX_ile__L_e,co-consumed,0.004872935060638228
16973,1252,1114,EX_k_e,co-consumed,0.003059099217122536
16974,1252,1114,EX_lys__L_e,co-consumed,0.005534792074785936
16975,1252,1114,EX_mg2_e,co-consumed,0.000135956138154524
16976,1252,1114,EX_mn2_e,co-consumed,1.082947420774e-05
16977,1252,1114,EX_o2_e,co-consumed,3.8457435539662432
16978,1252,1114,EX_orn_e,co-consumed,0.003464318233193924
16979,1252,1114,EX_pyovd_kt_e,co-consumed,0.08153202518695611
16980,1252,1114,EX_so4_e,co-consumed,6.7900542683388e-05
16981,1252,1114,EX_tyr__L_e,co-consumed,0.002161134730962664
16982,1252,1114,EX_zn2_e,co-consumed,5.344212308016e-06
16983,1252,1362,EX_acald_e,received,3.9999997904593902
16984,1252,1362,EX_arg__L_e,co-consumed,0.04958276460367674
16985,1252,1362,EX_asp__D_e,co-consumed,0.2977012157644438
16986,1252,1362,EX_ca2_e,co-consumed,0.000872499182630916
16987,1252,1362,EX_cl_e,co-consumed,0.0008724991859140641
16988,1252,1362,EX_cobalt2_e,co-consumed,1.6762632508992e-05
16989,1252,1362,EX_cu2_e,co-consumed,0.00011884763121716
16990,1252,1362,EX_fe3_e,co-consumed,0.10010262645074329
16991,1252,1362,EX_glu__L_e,received,1.156763161269979
16992,1252,1362,EX_gly_asn__L_e,co-consumed,0.040407353390169966
16993,1252,1362,EX_glyc_e,co-consumed,2.5718014938363035e-06
16994,1252,1362,EX_gthrd_e,co-consumed,1.696468469366609e-06
16995,1252,1362,EX_h2s_e,received,0.025799261722311503
16996,1252,1362,EX_h_e,co-consumed,3.999999965538384
16997,1252,1362,EX_indole_e,received,0.009528431344488265
16998,1252,1362,EX_k_e,co-consumed,0.03271964129784373
16999,1252,1362,EX_mg2_e,co-consumed,0.001454165301560156
17000,1252,1362,EX_mn2_e,co-consumed,0.00011583034153456801
17001,1252,1362,EX_nh4_e,provided,0.01835854082437485
17002,1252,1362,EX_o2_e,co-consumed,4.000000006593655
17003,1252,1362,EX_pheme_e,co-consumed,3.7374474097828e-05
17004,1252,1362,EX_pi_e,co-consumed,0.16625355329077693
17005,1252,1362,EX_pyovd_kt_e,co-consumed,0.09708401242788707
17006,1252,1362,EX_s_e,co-consumed,0.015484261505013861
17007,1252,1362,EX_so4_e,co-consumed,0.0007271911647131201
17008,1252,1362,EX_tol_e,received,1.676254974152e-05
17009,1252,1362,EX_zn2_e,co-consumed,5.7160849428843996e-05
17010,1252,428,EX_acald_e,co-consumed,3.9999992800442308
17011,1252,428,EX_arg__L_e,co-consumed,0.04958276460367674
17012,1252,428,EX_ca2_e,co-consumed,0.000872499182630916
17013,1252,428,EX_cl_e,co-consumed,0.0008724991859140641
17014,1252,428,EX_cobalt2_e,co-consumed,1.6762632508992e-05
17015,1252,428,EX_cu2_e,co-consumed,0.00011884763121716
17016,1252,428,EX_etoh_e,provided,3.8533133133823108
17017,1252,428,EX_fe3_e,co-consumed,0.10010262645074329
17018,1252,428,EX_glu__L_e,received,0.6658464473984848
17019,1252,428,EX_gly_asn__L_e,co-consumed,0.040407353390169966
17020,1252,428,EX_glyc_e,co-consumed,2.5718014938363035e-06
17021,1252,428,EX_glygln_e,co-consumed,0.4007078806932791
17022,1252,428,EX_gthrd_e,co-consumed,3.1177770936651037e-06
17023,1252,428,EX_h2s_e,co-consumed,0.025799261722311503
17024,1252,428,EX_h_e,co-consumed,3.999999975345196
17025,1252,428,EX_ile__L_e,co-consumed,0.04870053056460484
17026,1252,428,EX_indole_e,co-consumed,0.009528431344488265
17027,1252,428,EX_k_e,co-consumed,0.03271964129784373
17028,1252,428,EX_lys__L_e,co-consumed,0.05752308177107786
17029,1252,428,EX_mg2_e,co-consumed,0.001454165301560156
17030,1252,428,EX_mn2_e,co-consumed,0.00011583034153456801
17031,1252,428,EX_nh4_e,provided,0.5711387962245577
17032,1252,428,EX_o2_e,co-consumed,4.000000006593655
17033,1252,428,EX_pheme_e,co-consumed,3.7374474097828e-05
17034,1252,428,EX_pi_e,co-consumed,0.16625355329077693
17035,1252,428,EX_pyovd_kt_e,co-consumed,0.08186765301658698
17036,1252,428,EX_s_e,co-consumed,0.015484261505013861
17037,1252,428,EX_so4_e,co-consumed,0.0007271911647131201
17038,1252,428,EX_tyr__L_e,co-consumed,0.02315249065739494
17039,1252,428,EX_zn2_e,co-consumed,5.7160849428843996e-05
17040,1252,796,EX_acald_e,co-consumed,0.002836909054187548
17041,1252,796,EX_arg__L_e,co-consumed,0.04958276460367674
17042,1252,796,EX_ca2_e,co-consumed,0.000872499182630916
17043,1252,796,EX_cl_e,co-consumed,0.0008724991859140641
17044,1252,796,EX_cobalt2_e,co-consumed,1.6762632508992e-05
17045,1252,796,EX_cu2_e,co-consumed,0.00011884763121716
17046,1252,796,EX_etoh_e,provided,0.1831971585221885
17047,1252,796,EX_fe3_e,co-consumed,0.10010262645074329
17048,1252,796,EX_gal_e,co-consumed,0.12956592926336005
17049,1252,796,EX_gly_asn__L_e,co-consumed,0.040407353390169966
17050,1252,796,EX_glyc_e,co-consumed,2.5718014938363035e-06
17051,1252,796,EX_glygln_e,co-consumed,0.4328202733705334
17052,1252,796,EX_h2s_e,received,0.025799261722311503
17053,1252,796,EX_h_e,co-consumed,3.9999999187499555
17054,1252,796,EX_ile__L_e,co-consumed,0.04870053056460484
17055,1252,796,EX_indole_e,co-consumed,0.009528431344488265
17056,1252,796,EX_k_e,co-consumed,0.03271964129784373
17057,1252,796,EX_lys__L_e,co-consumed,0.05752308177107786
17058,1252,796,EX_meoh_e,received,0.00023215479451063202
17059,1252,796,EX_mg2_e,co-consumed,0.001454165301560156
17060,1252,796,EX_mn2_e,co-consumed,0.00011583034153456801
17061,1252,796,EX_nh4_e,provided,5.81020049542e-06
17062,1252,796,EX_o2_e,co-consumed,4.000000006593655
17063,1252,796,EX_orn_e,co-consumed,0.03705476110979352
17064,1252,796,EX_pheme_e,co-consumed,3.7374474097828e-05
17065,1252,796,EX_pi_e,co-consumed,0.16625355329077693
17066,1252,796,EX_pyovd_kt_e,co-consumed,0.08161142134172414
17067,1252,796,EX_skm_e,co-consumed,3.605085836898865e-06
17068,1252,796,EX_so4_e,co-consumed,0.0007271911647131201
17069,1252,796,EX_zn2_e,co-consumed,5.7160849428843996e-05
17070,1252,1350,EX_acald_e,co-consumed,1.917460305183066
17071,1252,1350,EX_ala__D_e,provided,0.002329016365736748
17072,1252,1350,EX_arg__L_e,co-consumed,0.04480527367546154
17073,1252,1350,EX_ca2_e,co-consumed,0.000388408448178276
17074,1252,1350,EX_cit_e,co-consumed,0.00038843042398383203
17075,1252,1350,EX_cl_e,co-consumed,0.000388413463840176
17076,1252,1350,EX_cobalt2_e,co-consumed,7.46231436586e-06
17077,1252,1350,EX_cu2_e,co-consumed,5.290780885396e-05
17078,1252,1350,EX_fe3_e,co-consumed,0.10010262645074329
17079,1252,1350,EX_gal_e,co-consumed,0.015297723096571323
17080,1252,1350,EX_gly_asn__L_e,co-consumed,0.01798827822953449
17081,1252,1350,EX_glyc_e,received,2.5718014938363035e-06
17082,1252,1350,EX_glygln_e,co-consumed,0.1284790199539067
17083,1252,1350,EX_h2s_e,co-consumed,0.018360240954817714
17084,1252,1350,EX_h_e,co-consumed,0.17888914915507573
17085,1252,1350,EX_ile__L_e,co-consumed,0.016327387249486534
17086,1252,1350,EX_k_e,co-consumed,0.01456591528015751
17087,1252,1350,EX_lys__L_e,co-consumed,0.02635395491518484
17088,1252,1350,EX_mg2_e,co-consumed,0.000647355765087112
17089,1252,1350,EX_mn2_e,co-consumed,5.1564593668596e-05
17090,1252,1350,EX_o2_e,co-consumed,4.000000001268809
17091,1252,1350,EX_orn_e,received,0.006236717596360448
17092,1252,1350,EX_pi_e,co-consumed,0.11485945952391907
17093,1252,1350,EX_pyovd_kt_e,co-consumed,0.08164225635842604
17094,1252,1350,EX_skm_e,co-consumed,3.605085836898865e-06
17095,1252,1350,EX_so4_e,co-consumed,0.000323716092813068
17096,1252,1350,EX_tyr__L_e,co-consumed,0.010290447363563479
17097,1252,1350,EX_zn2_e,co-consumed,2.5446491987588002e-05
17098,1252,262,EX_acald_e,co-consumed,2.3331030225877964
17099,1252,262,EX_arg__L_e,co-consumed,0.04958276460367674
17100,1252,262,EX_ca2_e,co-consumed,0.000872499182630916
17101,1252,262,EX_cgly_e,provided,3.159583648507262e-06
17102,1252,262,EX_cl_e,co-consumed,0.0008724991859140641
17103,1252,262,EX_cobalt2_e,co-consumed,1.6762632508992e-05
17104,1252,262,EX_cu2_e,co-consumed,0.00011884763121716
17105,1252,262,EX_fe3_e,co-consumed,0.09825562569376221
17106,1252,262,EX_glu__L_e,co-consumed,1.156763161269979
17107,1252,262,EX_gly_asn__L_e,co-consumed,0.040407353390169966
17108,1252,262,EX_glyc_e,received,2.5718014938363035e-06
17109,1252,262,EX_gthrd_e,received,3.1177770936651037e-06
17110,1252,262,EX_h2o_e,provided,1.6854540583242033
17111,1252,262,EX_h2s_e,co-consumed,0.025799261722311503
17112,1252,262,EX_h_e,co-consumed,3.9999999358706617
17113,1252,262,EX_ile__L_e,co-consumed,0.04870053056460484
17114,1252,262,EX_indole_e,co-consumed,0.009528431344488265
17115,1252,262,EX_k_e,co-consumed,0.03271964129784373
17116,1252,262,EX_lys__L_e,co-consumed,0.05752308177107786
17117,1252,262,EX_mg2_e,co-consumed,0.001454165301560156
17118,1252,262,EX_mn2_e,co-consumed,0.00011583034153456801
17119,1252,262,EX_nh4_e,provided,1.4546589208535525
17120,1252,262,EX_o2_e,co-consumed,4.000000005716123
17121,1252,262,EX_orn_e,received,0.03705476110979352
17122,1252,262,EX_pi_e,co-consumed,0.16625355329077693
17123,1252,262,EX_pyovd_kt_e,co-consumed,0.09763087271135708
17124,1252,262,EX_so4_e,co-consumed,0.0007271911647131201
17125,1252,262,EX_tyr__L_e,co-consumed,0.02315249065739494
17126,1252,262,EX_zn2_e,co-consumed,5.7160849428843996e-05
17127,1252,978,EX_acald_e,co-consumed,3.9999997904593902
17128,1252,978,EX_arg__L_e,co-consumed,0.03493271998263871
17129,1252,978,EX_asp__D_e,co-consumed,0.02947288471119753
17130,1252,978,EX_ca2_e,co-consumed,0.000614705407725804
17131,1252,978,EX_cgly_e,provided,3.159583648507262e-06
17132,1252,978,EX_cl_e,co-consumed,0.000614705397849888
17133,1252,978,EX_cobalt2_e,co-consumed,1.1809901884912e-05
17134,1252,978,EX_cu2_e,co-consumed,8.373220436403201e-05
17135,1252,978,EX_fe3_e,co-consumed,0.10010262645074329
17136,1252,978,EX_gal_e,co-consumed,0.1149330845625809
17137,1252,978,EX_glu__L_e,co-consumed,1.156763161269979
17138,1252,978,EX_glyc_e,co-consumed,2.5718014938363035e-06
17139,1252,978,EX_glygln_e,co-consumed,0.16531970933720153
17140,1252,978,EX_gthrd_e,received,3.1177770936651037e-06
17141,1252,978,EX_h2o_e,provided,1.6854540583242033
17142,1252,978,EX_h2s_e,co-consumed,0.025799261722311503
17143,1252,978,EX_h_e,co-consumed,3.999999719834292
17144,1252,978,EX_ile__L_e,co-consumed,0.03672040273140531
17145,1252,978,EX_k_e,co-consumed,0.02305210178621846
17146,1252,978,EX_lys__L_e,co-consumed,0.04170792875179372
17147,1252,978,EX_meoh_e,co-consumed,6.7869655286704e-05
17148,1252,978,EX_mg2_e,co-consumed,0.00102450898582638
17149,1252,978,EX_mn2_e,co-consumed,8.1606422024748e-05
17150,1252,978,EX_nh4_e,provided,0.15221570128204553
17151,1252,978,EX_o2_e,co-consumed,3.999999987126816
17152,1252,978,EX_orn_e,co-consumed,0.02610624975975622
17153,1252,978,EX_pi_e,co-consumed,0.16582010592256907
17154,1252,978,EX_pyovd_kt_e,co-consumed,0.08177217094967777
17155,1252,978,EX_so4_e,co-consumed,0.000512315308719196
17156,1252,978,EX_zn2_e,co-consumed,4.0266750851668e-05
17157,1252,1338,EX_acald_e,received,3.9999997904593902
17158,1252,1338,EX_arg__L_e,co-consumed,0.04958276460367674
17159,1252,1338,EX_ca2_e,co-consumed,0.000872499182630916
17160,1252,1338,EX_cl_e,co-consumed,0.0008724991859140641
17161,1252,1338,EX_cobalt2_e,co-consumed,1.6762632508992e-05
17162,1252,1338,EX_cu2_e,co-consumed,0.00011884763121716
17163,1252,1338,EX_fe3_e,co-consumed,0.10010262645074329
17164,1252,1338,EX_glu__L_e,received,0.5985558432159503
17165,1252,1338,EX_gly_asn__L_e,co-consumed,0.040407353390169966
17166,1252,1338,EX_glyc_e,co-consumed,2.5718014938363035e-06
17167,1252,1338,EX_gthrd_e,co-consumed,3.1177770936651037e-06
17168,1252,1338,EX_h2s_e,co-consumed,0.025799261722311503
17169,1252,1338,EX_h_e,co-consumed,3.99999984176356
17170,1252,1338,EX_ile__L_e,co-consumed,0.04870053056460484
17171,1252,1338,EX_indole_e,co-consumed,0.009528431344488265
17172,1252,1338,EX_k_e,co-consumed,0.03271964129784373
17173,1252,1338,EX_lys__L_e,co-consumed,0.05752308177107786
17174,1252,1338,EX_mg2_e,co-consumed,0.001454165301560156
17175,1252,1338,EX_mn2_e,co-consumed,0.00011583034153456801
17176,1252,1338,EX_o2_e,co-consumed,4.000000006593655
17177,1252,1338,EX_orn_e,co-consumed,0.03705476110979352
17178,1252,1338,EX_pheme_e,co-consumed,3.7374474097828e-05
17179,1252,1338,EX_pi_e,co-consumed,0.16625355329077693
17180,1252,1338,EX_pyovd_kt_e,co-consumed,0.09715883992988676
17181,1252,1338,EX_s_e,received,0.015484261505013861
17182,1252,1338,EX_so4_e,co-consumed,0.0007271911647131201
17183,1252,1338,EX_tyr__L_e,co-consumed,0.02315249065739494
17184,1252,1338,EX_zn2_e,co-consumed,5.7160849428843996e-05
17185,1252,1357,EX_acald_e,co-consumed,1.35859842204089
17186,1252,1357,EX_arg__L_e,co-consumed,0.04958276460367674
17187,1252,1357,EX_ca2_e,co-consumed,0.000872499182630916
17188,1252,1357,EX_cl_e,co-consumed,0.0008724991859140641
17189,1252,1357,EX_cobalt2_e,co-consumed,1.6762632508992e-05
17190,1252,1357,EX_cu2_e,co-consumed,0.00011884763121716
17191,1252,1357,EX_etoh_e,provided,1.2935053489466327e-06
17192,1252,1357,EX_fe3_e,co-consumed,0.09943419479300797
17193,1252,1357,EX_glyc_e,co-consumed,2.5718014938363035e-06
17194,1252,1357,EX_glygln_e,co-consumed,0.17397824572201334
17195,1252,1357,EX_h2s_e,co-consumed,0.025799261722311503
17196,1252,1357,EX_h_e,co-consumed,3.999999973844059
17197,1252,1357,EX_ile__L_e,co-consumed,0.04870053056460484
17198,1252,1357,EX_indole_e,co-consumed,0.009528431344488265
17199,1252,1357,EX_k_e,co-consumed,0.03271964129784373
17200,1252,1357,EX_lys__L_e,co-consumed,0.05752308177107786
17201,1252,1357,EX_mg2_e,co-consumed,0.001454165301560156
17202,1252,1357,EX_mn2_e,co-consumed,0.00011583034153456801
17203,1252,1357,EX_o2_e,co-consumed,4.000000006593655
17204,1252,1357,EX_orn_e,co-consumed,0.03705476110979352
17205,1252,1357,EX_pheme_e,co-consumed,3.7374474097828e-05
17206,1252,1357,EX_pi_e,co-consumed,0.16625355329077693
17207,1252,1357,EX_pyovd_kt_e,co-consumed,0.09747692068785542
17208,1252,1357,EX_skm_e,co-consumed,3.605085836898865e-06
17209,1252,1357,EX_so4_e,co-consumed,0.0007271911647131201
17210,1252,1357,EX_tyr__L_e,co-consumed,0.02315249065739494
17211,1252,1357,EX_zn2_e,co-consumed,5.7160849428843996e-05
17212,1252,2751,EX_fe3_e,co-consumed,0.10010262645074329
17213,1252,2751,EX_glu__L_e,received,0.6995528978121673
17214,1252,2751,EX_glyc_e,co-consumed,2.5718014938363035e-06
17215,1252,2751,EX_gthrd_e,co-consumed,3.1177770936651037e-06
17216,1252,2751,EX_h2s_e,co-consumed,0.025799261722311503
17217,1252,2751,EX_h_e,received,3.999999977009301
17218,1252,2751,EX_nh4_e,provided,0.7901715688895377
17219,1252,2751,EX_o2_e,co-consumed,3.999999925117265
17220,1252,2751,EX_pyovd_kt_e,co-consumed,0.08140781945174283
17221,1252,709,EX_acald_e,co-consumed,3.999999565435491
17222,1252,709,EX_arg__L_e,received,0.04958276460367674
17223,1252,709,EX_asp__D_e,received,0.2977012157644438
17224,1252,709,EX_co2_e,provided,3.9999992468984384
17225,1252,709,EX_fe3_e,co-consumed,0.10010262645074329
17226,1252,709,EX_glyc_e,received,2.5718014938363035e-06
17227,1252,709,EX_h2s_e,co-consumed,0.025799261722311503
17228,1252,709,EX_h_e,co-consumed,3.9999997443327784
17229,1252,709,EX_nh4_e,provided,1.2529140989344e-05
17230,1252,709,EX_o2_e,co-consumed,3.9999999885236144
17231,1252,709,EX_orn_e,co-consumed,0.03705476110979352
17232,1252,709,EX_pheme_e,received,3.7374474097828e-05
17233,1252,709,EX_pi_e,received,1.2724910709637248e-06
17234,1252,709,EX_pyovd_kt_e,co-consumed,0.08162271012892948
17235,1252,1080,EX_acald_e,co-consumed,3.9999997904593902
17236,1252,1080,EX_arg__L_e,co-consumed,0.04958276460367674
17237,1252,1080,EX_asp__D_e,co-consumed,0.2977012157644438
17238,1252,1080,EX_ca2_e,co-consumed,0.000872499182630916
17239,1252,1080,EX_cl_e,co-consumed,0.0008724991859140641
17240,1252,1080,EX_cobalt2_e,co-consumed,1.6762632508992e-05
17241,1252,1080,EX_cu2_e,co-consumed,0.00011884763121716
17242,1252,1080,EX_fe3_e,co-consumed,0.10010262645074329
17243,1252,1080,EX_gal_e,co-consumed,0.12956592926336005
17244,1252,1080,EX_gly_asn__L_e,co-consumed,0.040407353390169966
17245,1252,1080,EX_glyc_e,received,2.5718014938363035e-06
17246,1252,1080,EX_glygln_e,co-consumed,0.4764608738417795
17247,1252,1080,EX_h2s_e,co-consumed,0.025799261722311503
17248,1252,1080,EX_h_e,co-consumed,3.99999994148562
17249,1252,1080,EX_ile__L_e,co-consumed,0.04870053056460484
17250,1252,1080,EX_indole_e,co-consumed,0.009528431344488265
17251,1252,1080,EX_k_e,co-consumed,0.03271964129784373
17252,1252,1080,EX_mg2_e,co-consumed,0.001454165301560156
17253,1252,1080,EX_mn2_e,co-consumed,0.00011583034153456801
17254,1252,1080,EX_o2_e,co-consumed,4.000000006593655
17255,1252,1080,EX_pheme_e,co-consumed,3.7374474097828e-05
17256,1252,1080,EX_pi_e,co-consumed,0.16625355329077693
17257,1252,1080,EX_pyovd_kt_e,co-consumed,0.08162460805035757
17258,1252,1080,EX_so4_e,co-consumed,0.0007271911647131201
17259,1252,1080,EX_tyr__L_e,co-consumed,0.02315249065739494
17260,1252,1080,EX_zn2_e,co-consumed,5.7160849428843996e-05
17261,1252,1234,EX_acald_e,received,1.9985361270235371
17262,1252,1234,EX_arg__L_e,co-consumed,0.04958276460367674
17263,1252,1234,EX_ca2_e,co-consumed,0.000872499182630916
17264,1252,1234,EX_cit_e,co-consumed,0.13104902428488074
17265,1252,1234,EX_cl_e,co-consumed,0.0008724991859140641
17266,1252,1234,EX_cobalt2_e,co-consumed,1.6762632508992e-05
17267,1252,1234,EX_cu2_e,co-consumed,0.00011884763121716
17268,1252,1234,EX_fe3_e,co-consumed,0.10010262645074329
17269,1252,1234,EX_glu__L_e,received,1.3939495782268335e-06
17270,1252,1234,EX_gly_asn__L_e,co-consumed,0.040407353390169966
17271,1252,1234,EX_glyc_e,co-consumed,2.5718014938363035e-06
17272,1252,1234,EX_glygln_e,co-consumed,0.4764608738417795
17273,1252,1234,EX_gthrd_e,co-consumed,1.4065100262110147e-06
17274,1252,1234,EX_h2o_e,provided,0.657708615030396
17275,1252,1234,EX_h2s_e,co-consumed,0.025799261722311503
17276,1252,1234,EX_h_e,co-consumed,3.999999977009301
17277,1252,1234,EX_ile__L_e,co-consumed,0.04870053056460484
17278,1252,1234,EX_indole_e,co-consumed,0.009528431344488265
17279,1252,1234,EX_k_e,co-consumed,0.03271964129784373
17280,1252,1234,EX_lys__L_e,co-consumed,0.05752308177107786
17281,1252,1234,EX_meoh_e,co-consumed,0.00023215479451063202
17282,1252,1234,EX_mg2_e,co-consumed,0.001454165301560156
17283,1252,1234,EX_mn2_e,co-consumed,0.00011583034153456801
17284,1252,1234,EX_nh4_e,provided,1.6559531392377067
17285,1252,1234,EX_o2_e,co-consumed,4.000000006593655
17286,1252,1234,EX_orn_e,co-consumed,0.03705476110979352
17287,1252,1234,EX_pheme_e,co-consumed,3.7374474097828e-05
17288,1252,1234,EX_pi_e,co-consumed,0.16625355329077693
17289,1252,1234,EX_pyovd_kt_e,co-consumed,0.0966212167263657
17290,1252,1234,EX_so4_e,co-consumed,0.0007271911647131201
17291,1252,1234,EX_tyr__L_e,co-consumed,0.02315249065739494
17292,1252,1234,EX_zn2_e,co-consumed,5.7160849428843996e-05
17293,1252,459,EX_acald_e,received,3.9999997904593902
17294,1252,459,EX_arg__L_e,co-consumed,0.04958276460367674
17295,1252,459,EX_ca2_e,co-consumed,0.000872499182630916
17296,1252,459,EX_cl_e,co-consumed,0.0008724991859140641
17297,1252,459,EX_cobalt2_e,co-consumed,1.6762632508992e-05
17298,1252,459,EX_cu2_e,co-consumed,0.00011884763121716
17299,1252,459,EX_etoh_e,provided,3.525817915228069
17300,1252,459,EX_fe3_e,co-consumed,0.09975758485025954
17301,1252,459,EX_gly_asn__L_e,co-consumed,0.040407353390169966
17302,1252,459,EX_glyc_e,co-consumed,2.5718014938363035e-06
17303,1252,459,EX_glygln_e,co-consumed,0.40215818231236483
17304,1252,459,EX_h2s_e,co-consumed,0.025799261722311503
17305,1252,459,EX_h_e,co-consumed,3.999999977009301
17306,1252,459,EX_ile__L_e,co-consumed,0.04870053056460484
17307,1252,459,EX_indole_e,co-consumed,0.009528431344488265
17308,1252,459,EX_k_e,co-consumed,0.03271964129784373
17309,1252,459,EX_lys__L_e,co-consumed,0.05673698394769787
17310,1252,459,EX_meoh_e,co-consumed,0.00014195040660346
17311,1252,459,EX_mg2_e,co-consumed,0.001454165301560156
17312,1252,459,EX_mn2_e,co-consumed,0.00011583034153456801
17313,1252,459,EX_nh4_e,provided,0.39438734493157057
17314,1252,459,EX_o2_e,co-consumed,4.000000006593655
17315,1252,459,EX_orn_e,co-consumed,1.308345766382397e-06
17316,1252,459,EX_pheme_e,co-consumed,3.7374474097828e-05
17317,1252,459,EX_pi_e,co-consumed,0.16625355329077693
17318,1252,459,EX_pyovd_kt_e,co-consumed,0.09763087271135708
17319,1252,459,EX_so4_e,co-consumed,0.0007271911647131201
17320,1252,459,EX_tyr__L_e,co-consumed,0.02315249065739494
17321,1252,459,EX_zn2_e,co-consumed,5.7160849428843996e-05
17322,1252,939,EX_acald_e,co-consumed,3.9999997904593902
17323,1252,939,EX_arg__L_e,co-consumed,0.04958276460367674
17324,1252,939,EX_ca2_e,co-consumed,0.000872499182630916
17325,1252,939,EX_cit_e,co-consumed,0.28266369032457156
17326,1252,939,EX_cl_e,co-consumed,0.0008724991859140641
17327,1252,939,EX_co2_e,provided,3.9999931267347986
17328,1252,939,EX_cobalt2_e,co-consumed,1.6762632508992e-05
17329,1252,939,EX_cu2_e,co-consumed,0.00011884763121716
17330,1252,939,EX_etoh_e,provided,3.8533133133823108
17331,1252,939,EX_fe3_e,co-consumed,0.10010262645074329
17332,1252,939,EX_glu__L_e,co-consumed,0.7326833773435338
17333,1252,939,EX_gly_asn__L_e,co-consumed,0.040407353390169966
17334,1252,939,EX_glyc_e,received,2.5718014938363035e-06
17335,1252,939,EX_glygln_e,co-consumed,0.4764608738417795
17336,1252,939,EX_h2s_e,co-consumed,0.025799261722311503
17337,1252,939,EX_h_e,co-consumed,3.9999999748859985
17338,1252,939,EX_ile__L_e,co-consumed,0.04870053056460484
17339,1252,939,EX_indole_e,co-consumed,0.009528431344488265
17340,1252,939,EX_k_e,co-consumed,0.03271964129784373
17341,1252,939,EX_mg2_e,co-consumed,0.001454165301560156
17342,1252,939,EX_mn2_e,co-consumed,0.00011583034153456801
17343,1252,939,EX_o2_e,co-consumed,4.000000006593655
17344,1252,939,EX_pheme_e,co-consumed,3.7374474097828e-05
17345,1252,939,EX_pi_e,co-consumed,0.16625355329077693
17346,1252,939,EX_pyovd_kt_e,co-consumed,0.08179167806008131
17347,1252,939,EX_so4_e,co-consumed,0.0007271911647131201
17348,1252,939,EX_tyr__L_e,co-consumed,0.02315249065739494
17349,1252,939,EX_zn2_e,co-consumed,5.7160849428843996e-05
17350,1252,1101,EX_acald_e,co-consumed,1.7386622935093572
17351,1252,1101,EX_arg__L_e,co-consumed,0.04958276460367674
17352,1252,1101,EX_ca2_e,co-consumed,0.000872499182630916
17353,1252,1101,EX_cl_e,co-consumed,0.0008724991859140641
17354,1252,1101,EX_cobalt2_e,co-consumed,1.6762632508992e-05
17355,1252,1101,EX_cu2_e,co-consumed,0.00011884763121716
17356,1252,1101,EX_etoh_e,provided,1.6528803451039475e-06
17357,1252,1101,EX_fe3_e,co-consumed,0.09965199913962736
17358,1252,1101,EX_gly_asn__L_e,co-consumed,0.040407353390169966
17359,1252,1101,EX_glyc_e,co-consumed,2.5718014938363035e-06
17360,1252,1101,EX_glygln_e,co-consumed,0.2959978128613629
17361,1252,1101,EX_h2s_e,co-consumed,0.025799261722311503
17362,1252,1101,EX_h_e,co-consumed,3.9999999758898386
17363,1252,1101,EX_ile__L_e,co-consumed,0.04870053056460484
17364,1252,1101,EX_indole_e,co-consumed,0.009528431344488265
17365,1252,1101,EX_k_e,co-consumed,0.03271964129784373
17366,1252,1101,EX_lys__L_e,co-consumed,0.05752308177107786
17367,1252,1101,EX_meoh_e,co-consumed,0.000137776930946824
17368,1252,1101,EX_mg2_e,co-consumed,0.001454165301560156
17369,1252,1101,EX_mn2_e,co-consumed,0.00011583034153456801
17370,1252,1101,EX_nh4_e,provided,0.1584479661111053
17371,1252,1101,EX_o2_e,co-consumed,4.000000006593655
17372,1252,1101,EX_orn_e,co-consumed,0.03705476110979352
17373,1252,1101,EX_pheme_e,co-consumed,3.7374474097828e-05
17374,1252,1101,EX_pi_e,co-consumed,0.16625355329077693
17375,1252,1101,EX_pyovd_kt_e,co-consumed,0.09763087271135708
17376,1252,1101,EX_so4_e,co-consumed,0.0007271911647131201
17377,1252,1101,EX_tyr__L_e,co-consumed,0.02315249065739494
17378,1252,1101,EX_zn2_e,co-consumed,5.7160849428843996e-05
17379,1252,895,EX_acald_e,co-consumed,3.9999997904593902
17380,1252,895,EX_arg__L_e,co-consumed,0.04662316792854972
17381,1252,895,EX_asp__D_e,received,0.2977012157644438
17382,1252,895,EX_ca2_e,co-consumed,0.000820419769612432
17383,1252,895,EX_cit_e,co-consumed,0.28266369032457156
17384,1252,895,EX_cl_e,co-consumed,0.000820419769612432
17385,1252,895,EX_cobalt2_e,co-consumed,1.5762147350859998e-05
17386,1252,895,EX_cu2_e,co-consumed,0.00011175362471762
17387,1252,895,EX_fe3_e,co-consumed,0.10010262645074329
17388,1252,895,EX_fe3pyovd_kt_e,provided,0.09763087307845002
17389,1252,895,EX_gal_e,co-consumed,0.12811500274592835
17390,1252,895,EX_glu__L_e,co-consumed,1.156763161269979
17391,1252,895,EX_gly_asn__L_e,co-consumed,0.03799544068859324
17392,1252,895,EX_glygln_e,co-consumed,0.47329807696510173
17393,1252,895,EX_h2s_e,co-consumed,0.025799261722311503
17394,1252,895,EX_h_e,received,3.999999977009301
17395,1252,895,EX_indole_e,co-consumed,0.008959674706269403
17396,1252,895,EX_k_e,co-consumed,0.03076660827857057
17397,1252,895,EX_lys__L_e,co-consumed,0.05408952397600663
17398,1252,895,EX_mg2_e,co-consumed,0.001367366289552788
17399,1252,895,EX_mn2_e,co-consumed,0.00010891643819446402
17400,1252,895,EX_o2_e,co-consumed,3.9999999806049624
17401,1252,895,EX_orn_e,co-consumed,0.0348428136409918
17402,1252,895,EX_pi_e,co-consumed,0.15194507879906127
17403,1252,895,EX_pyovd_kt_e,received,0.09763087271135708
17404,1252,895,EX_so4_e,co-consumed,0.0006837934442837
17405,1252,895,EX_zn2_e,co-consumed,5.374892246644001e-05
17406,1252,1174,EX_acald_e,co-consumed,1.3753633387686748e-06
17407,1252,1174,EX_arg__L_e,co-consumed,0.04958276460367674
17408,1252,1174,EX_ca2_e,co-consumed,0.000872499182630916
17409,1252,1174,EX_cl_e,co-consumed,0.0008724991859140641
17410,1252,1174,EX_cobalt2_e,co-consumed,1.6762632508992e-05
17411,1252,1174,EX_cu2_e,co-consumed,0.00011884763121716
17412,1252,1174,EX_etoh_e,provided,1.4944651258840753
17413,1252,1174,EX_fe3_e,co-consumed,0.10010262645074329
17414,1252,1174,EX_gly_asn__L_e,co-consumed,0.040407353390169966
17415,1252,1174,EX_glyc_e,co-consumed,2.5718014938363035e-06
17416,1252,1174,EX_glygln_e,co-consumed,0.32396667529562967
17417,1252,1174,EX_h2s_e,co-consumed,0.025799261722311503
17418,1252,1174,EX_h_e,co-consumed,3.999999977009301
17419,1252,1174,EX_ile__L_e,co-consumed,0.04870053056460484
17420,1252,1174,EX_k_e,co-consumed,0.03271964129784373
17421,1252,1174,EX_lys__L_e,co-consumed,0.05752308177107786
17422,1252,1174,EX_mg2_e,co-consumed,0.001454165301560156
17423,1252,1174,EX_mn2_e,co-consumed,0.00011583034153456801
17424,1252,1174,EX_nh4_e,provided,0.3070393874160899
17425,1252,1174,EX_o2_e,co-consumed,4.000000006593655
17426,1252,1174,EX_orn_e,received,0.03705476110979352
17427,1252,1174,EX_pheme_e,co-consumed,3.7374474097828e-05
17428,1252,1174,EX_pi_e,co-consumed,0.16625355329077693
17429,1252,1174,EX_pyovd_kt_e,co-consumed,0.08157835839235565
17430,1252,1174,EX_s_e,co-consumed,0.015484261505013861
17431,1252,1174,EX_so4_e,co-consumed,0.0007271911647131201
17432,1252,1174,EX_zn2_e,co-consumed,5.7160849428843996e-05
17433,1252,638,EX_acald_e,received,3.9999997904593902
17434,1252,638,EX_arg__L_e,co-consumed,0.04958276460367674
17435,1252,638,EX_ca2_e,co-consumed,0.000872499182630916
17436,1252,638,EX_cl_e,co-consumed,0.0008724991859140641
17437,1252,638,EX_cobalt2_e,co-consumed,1.6762632508992e-05
17438,1252,638,EX_cu2_e,co-consumed,0.00011884763121716
17439,1252,638,EX_fe3_e,co-consumed,0.10010262645074329
17440,1252,638,EX_glygln_e,co-consumed,0.4764608738417795
17441,1252,638,EX_h2s_e,received,0.025799261722311503
17442,1252,638,EX_h_e,co-consumed,3.9999999377074
17443,1252,638,EX_ile__L_e,co-consumed,0.04870053056460484
17444,1252,638,EX_k_e,co-consumed,0.03271964129784373
17445,1252,638,EX_lys__L_e,co-consumed,0.05752308177107786
17446,1252,638,EX_mg2_e,co-consumed,0.001454165301560156
17447,1252,638,EX_mn2_e,co-consumed,0.00011583034153456801
17448,1252,638,EX_nh4_e,provided,0.5506591393670807
17449,1252,638,EX_o2_e,co-consumed,4.0000000003571925
17450,1252,638,EX_orn_e,received,0.03645562108615275
17451,1252,638,EX_pi_e,co-consumed,0.16625355329077693
17452,1252,638,EX_pyovd_kt_e,co-consumed,0.08183482317024428
17453,1252,638,EX_so4_e,co-consumed,0.0007271911647131201
17454,1252,638,EX_tyr__L_e,co-consumed,0.02315249065739494
17455,1252,638,EX_zn2_e,co-consumed,5.7160849428843996e-05
