This is pdfTeX, Version 3.141592653-2.6-1.40.29 (TeX Live 2026) (preloaded format=pdflatex 2026.8.30)  2 SEP 2026 12:11
entering extended mode
 \write18 enabled.
 %&-line parsing enabled.
**master.tex
(./master.tex
LaTeX2e <2025-11-01>
L3 programming layer <2026-01-19>
(./hhud-thesis.cls
Document Class: hhud-thesis 2024/12/09
(/usr/local/texlive/2026/texmf-dist/tex/latex/koma-script/scrbook.cls
Document Class: scrbook 2026/02/02 v3.49.2 KOMA-Script document class (book)
(/usr/local/texlive/2026/texmf-dist/tex/latex/koma-script/scrkbase.sty
Package: scrkbase 2026/02/02 v3.49.2 KOMA-Script package (KOMA-Script-dependent
 basics and keyval usage)

(/usr/local/texlive/2026/texmf-dist/tex/latex/koma-script/scrbase.sty
Package: scrbase 2026/02/02 v3.49.2 KOMA-Script package (KOMA-Script-independen
t basics and keyval usage)

(/usr/local/texlive/2026/texmf-dist/tex/latex/koma-script/scrlfile.sty
Package: scrlfile 2026/02/02 v3.49.2 KOMA-Script package (file load hooks)

(/usr/local/texlive/2026/texmf-dist/tex/latex/koma-script/scrlfile-hook.sty
Package: scrlfile-hook 2026/02/02 v3.49.2 KOMA-Script package (using LaTeX hook
s)

(/usr/local/texlive/2026/texmf-dist/tex/latex/koma-script/scrlogo.sty
Package: scrlogo 2026/02/02 v3.49.2 KOMA-Script package (logo)
)))
(/usr/local/texlive/2026/texmf-dist/tex/latex/graphics/keyval.sty
Package: keyval 2022/05/29 v1.15 key=value parser (DPC)
\KV@toks@=\toks17
)
Applying: [2021/05/01] Usage of raw or classic option list on input line 254.
Already applied: [0000/00/00] Usage of raw or classic option list on input line
 370.
))
(/usr/local/texlive/2026/texmf-dist/tex/latex/koma-script/tocbasic.sty
Package: tocbasic 2026/02/02 v3.49.2 KOMA-Script package (handling toc-files)
\scr@dte@tocline@numberwidth=\skip49
\scr@dte@tocline@numbox=\box53
)
Package tocbasic Info: omitting babel extension for `toc'
(tocbasic)             because of feature `nobabel' available
(tocbasic)             for `toc' on input line 143.
Package scrbook Info: You've used standard option `12pt'.
(scrbook)             This is correct!
(scrbook)             Internally I'm using `fontsize=12pt'.
(scrbook)             If you'd like to set the option with \KOMAoptions,
(scrbook)             you'd have to use `fontsize=12pt' there
(scrbook)             instead of `12pt', too.
Package scrbook Info: You've used standard option `12pt'.
(scrbook)             This is correct!
(scrbook)             Internally I'm using `fontsize=12pt'.
(scrbook)             If you'd like to set the option with \KOMAoptions,
(scrbook)             you'd have to use `fontsize=12pt' there
(scrbook)             instead of `12pt', too.
Class scrbook Info: File `scrsize12pt.clo' used to setup font sizes on input li
ne 2713.

(/usr/local/texlive/2026/texmf-dist/tex/latex/koma-script/scrsize12pt.clo
File: scrsize12pt.clo 2026/02/02 v3.49.2 KOMA-Script font size class option (12
pt)
)
(/usr/local/texlive/2026/texmf-dist/tex/latex/koma-script/typearea.sty
Package: typearea 2026/02/02 v3.49.2 KOMA-Script package (type area)
\ta@bcor=\skip50
\ta@div=\count275
Package typearea Info: You've used standard option `a4paper'.
(typearea)             This is correct!
(typearea)             Internally I'm using `paper=a4'.
(typearea)             If you'd like to set the option with \KOMAoptions,
(typearea)             you'd have to use `paper=a4' there
(typearea)             instead of `a4paper', too.
\ta@hblk=\skip51
\ta@vblk=\skip52
\ta@temp=\skip53
\footheight=\skip54
Package typearea Info: These are the values describing the layout:
(typearea)             DIV  = 14
(typearea)             BCOR = 0.0pt
(typearea)             \paperwidth      = 597.50793pt
(typearea)              \textwidth      = 469.47052pt
(typearea)              DIV departure   = -11%
(typearea)              \evensidemargin = -8.25128pt
(typearea)              \oddsidemargin  = -8.25128pt
(typearea)             \paperheight     = 845.04694pt
(typearea)              \textheight     = 635.5pt
(typearea)              \topmargin      = -11.9095pt
(typearea)              \headheight     = 18.125pt
(typearea)              \headsep        = 21.75pt
(typearea)              \topskip        = 12.0pt
(typearea)              \footskip       = 50.75pt
(typearea)              \baselineskip   = 14.5pt
(typearea)              on input line 1810.
)
\c@part=\count276
\c@chapter=\count277
\c@section=\count278
\c@subsection=\count279
\c@subsubsection=\count280
\c@paragraph=\count281
\c@subparagraph=\count282
\scr@dte@chapter@maxnumwidth=\skip55
Class scrbook Info: using compatibility default `afterindent=bysign'
(scrbook)           for `\chapter on input line 5945.
\scr@dte@section@maxnumwidth=\skip56
Class scrbook Info: using compatibility default `runin=bysign'
(scrbook)           for `\section on input line 5956.
Class scrbook Info: using compatibility default `afterindent=bysign'
(scrbook)           for `\section on input line 5956.
\scr@dte@part@maxnumwidth=\skip57
Class scrbook Info: using compatibility default `afterindent=true'
(scrbook)           for `\part on input line 5965.
\scr@dte@subsection@maxnumwidth=\skip58
Class scrbook Info: using compatibility default `runin=bysign'
(scrbook)           for `\subsection on input line 5975.
Class scrbook Info: using compatibility default `afterindent=bysign'
(scrbook)           for `\subsection on input line 5975.
\scr@dte@subsubsection@maxnumwidth=\skip59
Class scrbook Info: using compatibility default `runin=bysign'
(scrbook)           for `\subsubsection on input line 5985.
Class scrbook Info: using compatibility default `afterindent=bysign'
(scrbook)           for `\subsubsection on input line 5985.
\scr@dte@paragraph@maxnumwidth=\skip60
Class scrbook Info: using compatibility default `runin=bysign'
(scrbook)           for `\paragraph on input line 5996.
Class scrbook Info: using compatibility default `afterindent=bysign'
(scrbook)           for `\paragraph on input line 5996.
\scr@dte@subparagraph@maxnumwidth=\skip61
Class scrbook Info: using compatibility default `runin=bysign'
(scrbook)           for `\subparagraph on input line 6006.
Class scrbook Info: using compatibility default `afterindent=bysign'
(scrbook)           for `\subparagraph on input line 6006.
\abovecaptionskip=\skip62
\belowcaptionskip=\skip63
\c@pti@nb@sid@b@x=\box54
Package tocbasic Info: omitting babel extension for `lof'
(tocbasic)             because of feature `nobabel' available
(tocbasic)             for `lof' on input line 7242.
\scr@dte@figure@maxnumwidth=\skip64
\c@figure=\count283
Package tocbasic Info: omitting babel extension for `lot'
(tocbasic)             because of feature `nobabel' available
(tocbasic)             for `lot' on input line 7255.
\scr@dte@table@maxnumwidth=\skip65
\c@table=\count284
Class scrbook Info: Redefining `\numberline' on input line 7426.
\bibindent=\dimen148
)
(/usr/local/texlive/2026/texmf-dist/tex/latex/base/fontenc.sty
Package: fontenc 2025/07/18 v2.1d Standard LaTeX package
)
(/usr/local/texlive/2026/texmf-dist/tex/latex/base/inputenc.sty
Package: inputenc 2024/02/08 v1.3d Input encoding file
\inpenc@prehook=\toks18
\inpenc@posthook=\toks19
)
(/usr/local/texlive/2026/texmf-dist/tex/generic/babel/babel.sty
Package: babel 2026/03/08 v26.4 The multilingual framework for LuaLaTeX, pdfLaT
eX and XeLaTeX
\babel@savecnt=\count285
LaTeX Encoding Info:    Redeclaring text command \ij (encoding OT1) on input li
ne 2078.
LaTeX Encoding Info:    Redeclaring text command \IJ (encoding OT1) on input li
ne 2080.
LaTeX Encoding Info:    Redeclaring text command \ij (encoding T1) on input lin
e 2082.
LaTeX Encoding Info:    Redeclaring text command \IJ (encoding T1) on input lin
e 2083.
LaTeX Encoding Info:    Ignoring declaration for text command \ij (encoding ?) 
on input line 2084.
LaTeX Encoding Info:    Ignoring declaration for text command \IJ (encoding ?) 
on input line 2086.
LaTeX Encoding Info:    Ignoring declaration for text command \SS (encoding ?) 
on input line 2111.
\U@D=\dimen149
\l@unhyphenated=\language91

(/usr/local/texlive/2026/texmf-dist/tex/generic/babel/txtbabel.def)
\bbl@readstream=\read2
\bbl@dirlevel=\count286

(/usr/local/texlive/2026/texmf-dist/tex/generic/babel/locale/en/babel-english.t
ex)
Package babel Info: Importing font and identification data for english
(babel)             from babel-en.ini. Reported on input line 4330.
 (/usr/local/texlive/2026/texmf-dist/tex/generic/babel-english/english.ldf
Language: english 2017/06/06 v3.3r English support from the babel system
Package babel Info: Hyphen rules for 'canadian' set to \l@english
(babel)             (\language0). Reported on input line 102.
Package babel Info: Hyphen rules for 'australian' set to \l@ukenglish
(babel)             (\language22). Reported on input line 105.
Package babel Info: Hyphen rules for 'newzealand' set to \l@ukenglish
(babel)             (\language22). Reported on input line 108.
)) (/usr/local/texlive/2026/texmf-dist/tex/latex/microtype/microtype.sty
Package: microtype 2026/03/01 v3.2d Micro-typographical refinements (RS)

(/usr/local/texlive/2026/texmf-dist/tex/latex/etoolbox/etoolbox.sty
Package: etoolbox 2025/10/02 v2.5m e-TeX tools for LaTeX (JAW)
\etb@tempcnta=\count287
)
\MT@toks=\toks20
\MT@tempbox=\box55
\MT@count=\count288
LaTeX Info: Redefining \noprotrusionifhmode on input line 1084.
LaTeX Info: Redefining \leftprotrusion on input line 1085.
\MT@prot@toks=\toks21
LaTeX Info: Redefining \rightprotrusion on input line 1104.
LaTeX Info: Redefining \textls on input line 1449.
\MT@outer@kern=\dimen150
LaTeX Info: Redefining \microtypecontext on input line 2053.
LaTeX Info: Redefining \textmicrotypecontext on input line 2070.
\MT@listname@count=\count289

(/usr/local/texlive/2026/texmf-dist/tex/latex/microtype/microtype-pdftex.def
File: microtype-pdftex.def 2026/03/01 v3.2d Definitions specific to pdftex (RS)

LaTeX Info: Redefining \lsstyle on input line 944.
LaTeX Info: Redefining \lslig on input line 944.
\MT@outer@space=\skip66
)
Package microtype Info: Loading configuration file microtype.cfg.

(/usr/local/texlive/2026/texmf-dist/tex/latex/microtype/microtype.cfg
File: microtype.cfg 2026/03/01 v3.2d microtype main configuration file (RS)
)
LaTeX Info: Redefining \microtypesetup on input line 3065.
)
(/usr/local/texlive/2026/texmf-dist/tex/latex/newtx/newtxtext.sty
Package: newtxtext 2024/04/01 v1.744(Michael Sharpe) latex and unicode latex su
pport for TeXGyreTermesX

`newtxtext' v1.744, 2024/04/01 Text macros taking advantage of TeXGyre Termes a
nd its extensions (msharpe)
(/usr/local/texlive/2026/texmf-dist/tex/latex/xpatch/xpatch.sty
(/usr/local/texlive/2026/texmf-dist/tex/latex/l3kernel/expl3.sty
Package: expl3 2026-01-19 L3 programming layer (loader) 

(/usr/local/texlive/2026/texmf-dist/tex/latex/l3backend/l3backend-pdftex.def
File: l3backend-pdftex.def 2025-10-09 L3 backend support: PDF output (pdfTeX)
\l__color_backend_stack_int=\count290
))
Package: xpatch 2020/03/25 v0.3a Extending etoolbox patching commands

(/usr/local/texlive/2026/texmf-dist/tex/latex/l3packages/xparse/xparse.sty
Package: xparse 2025-10-09 L3 Experimental document command parser
))
(/usr/local/texlive/2026/texmf-dist/tex/latex/xcolor/xcolor.sty
Package: xcolor 2024/09/29 v3.02 LaTeX color extensions (UK)

(/usr/local/texlive/2026/texmf-dist/tex/latex/graphics-cfg/color.cfg
File: color.cfg 2016/01/02 v1.6 sample color configuration
)
Package xcolor Info: Driver file: pdftex.def on input line 274.

(/usr/local/texlive/2026/texmf-dist/tex/latex/graphics-def/pdftex.def
File: pdftex.def 2025/09/29 v1.2d Graphics/color driver for pdftex
)
(/usr/local/texlive/2026/texmf-dist/tex/latex/graphics/mathcolor.ltx)
Package xcolor Info: Model `cmy' substituted by `cmy0' on input line 1349.
Package xcolor Info: Model `hsb' substituted by `rgb' on input line 1353.
Package xcolor Info: Model `RGB' extended on input line 1365.
Package xcolor Info: Model `HTML' substituted by `rgb' on input line 1367.
Package xcolor Info: Model `Hsb' substituted by `hsb' on input line 1368.
Package xcolor Info: Model `tHsb' substituted by `hsb' on input line 1369.
Package xcolor Info: Model `HSB' substituted by `hsb' on input line 1370.
Package xcolor Info: Model `Gray' substituted by `gray' on input line 1371.
Package xcolor Info: Model `wave' substituted by `hsb' on input line 1372.
)
(/usr/local/texlive/2026/texmf-dist/tex/generic/iftex/iftex.sty
Package: iftex 2024/12/12 v1.0g TeX engine tests
)
(/usr/local/texlive/2026/texmf-dist/tex/latex/xkeyval/xkeyval.sty
Package: xkeyval 2025/11/04 v2.10 package option processing (HA)

(/usr/local/texlive/2026/texmf-dist/tex/generic/xkeyval/xkeyval.tex
(/usr/local/texlive/2026/texmf-dist/tex/generic/xkeyval/xkvutils.tex
\XKV@toks=\toks22
\XKV@tempa@toks=\toks23
\XKV@tempb@toks=\toks24
)
\XKV@depth=\count291
File: xkeyval.tex 2014/12/03 v2.7a key=value parser (HA)
))
(/usr/local/texlive/2026/texmf-dist/tex/latex/base/textcomp.sty
Package: textcomp 2024/04/24 v2.1b Standard LaTeX package
)
(/usr/local/texlive/2026/texmf-dist/tex/generic/xstring/xstring.sty
(/usr/local/texlive/2026/texmf-dist/tex/generic/xstring/xstring.tex
\xs_counta=\count292
\xs_countb=\count293
)
Package: xstring 2023/08/22 v1.86 String manipulations (CT)
)
(/usr/local/texlive/2026/texmf-dist/tex/latex/base/ifthen.sty
Package: ifthen 2024/03/16 v1.1e Standard LaTeX ifthen package (DPC)
)
(/usr/local/texlive/2026/texmf-dist/tex/latex/carlisle/scalefnt.sty)
LaTeX Font Info:    Setting ntxLF sub-encoding to TS1/0 on input line 24.
LaTeX Font Info:    Setting ntxTLF sub-encoding to TS1/0 on input line 24.
LaTeX Font Info:    Setting ntxOsF sub-encoding to TS1/0 on input line 24.
LaTeX Font Info:    Setting ntxTOsF sub-encoding to TS1/0 on input line 24.

(/usr/local/texlive/2026/texmf-dist/tex/generic/kastrup/binhex.tex)
\ntx@tmpcnta=\count294
\ntx@cnt=\count295

(/usr/local/texlive/2026/texmf-dist/tex/latex/fontaxes/fontaxes.sty
Package: fontaxes 2026-01-02 v2.0.2 Font selection axes (deprecated)
Applying: [2024-11-01] Use figureversions if present on input line 74.

(/usr/local/texlive/2026/texmf-dist/tex/latex/figureversions/figureversions.sty
Package: figureversions 2025-04-29 v1.0.1 Figure versions
)
Already applied: [0000-00-00] Fall back to v1 on input line 76.
)
\tx@sixem=\dimen151
\tx@y=\dimen152
\tx@x=\dimen153
\tx@tmpdima=\dimen154
\tx@tmpdimb=\dimen155
\tx@tmpdimc=\dimen156
\tx@tmpdimd=\dimen157
\tx@tmpdime=\dimen158
\tx@tmpdimf=\dimen159
\tx@dimA=\dimen160
\tx@dimAA=\dimen161
\tx@dimB=\dimen162
\tx@dimBB=\dimen163
\tx@dimC=\dimen164
LaTeX Info: Redefining \oldstylenums on input line 902.
) (/usr/local/texlive/2026/texmf-dist/tex/latex/newtx/newtxmath.sty
Package: newtxmath 2024/09/22 v1.754

`newtxmath' v1.754, 2024/09/22 Math macros based originally on txfonts (msharpe
) (/usr/local/texlive/2026/texmf-dist/tex/latex/amsmath/amsmath.sty
Package: amsmath 2025/07/09 v2.17z AMS math features
\@mathmargin=\skip67

For additional information on amsmath, use the `?' option.
(/usr/local/texlive/2026/texmf-dist/tex/latex/amsmath/amstext.sty
Package: amstext 2024/11/17 v2.01 AMS text

(/usr/local/texlive/2026/texmf-dist/tex/latex/amsmath/amsgen.sty
File: amsgen.sty 1999/11/30 v2.0 generic functions
\@emptytoks=\toks25
\ex@=\dimen165
))
(/usr/local/texlive/2026/texmf-dist/tex/latex/amsmath/amsbsy.sty
Package: amsbsy 1999/11/29 v1.2d Bold Symbols
\pmbraise@=\dimen166
)
(/usr/local/texlive/2026/texmf-dist/tex/latex/amsmath/amsopn.sty
Package: amsopn 2022/04/08 v2.04 operator names
)
\inf@bad=\count296
LaTeX Info: Redefining \frac on input line 233.
\uproot@=\count297
\leftroot@=\count298
LaTeX Info: Redefining \overline on input line 398.
LaTeX Info: Redefining \colon on input line 409.
\classnum@=\count299
\DOTSCASE@=\count300
LaTeX Info: Redefining \ldots on input line 495.
LaTeX Info: Redefining \dots on input line 498.
LaTeX Info: Redefining \cdots on input line 619.
\Mathstrutbox@=\box56
\strutbox@=\box57
LaTeX Info: Redefining \big on input line 721.
LaTeX Info: Redefining \Big on input line 722.
LaTeX Info: Redefining \bigg on input line 723.
LaTeX Info: Redefining \Bigg on input line 724.
\big@size=\dimen167
LaTeX Font Info:    Redeclaring font encoding OML on input line 742.
LaTeX Font Info:    Redeclaring font encoding OMS on input line 743.
\macc@depth=\count301
LaTeX Info: Redefining \bmod on input line 904.
LaTeX Info: Redefining \pmod on input line 909.
LaTeX Info: Redefining \smash on input line 939.
LaTeX Info: Redefining \relbar on input line 969.
LaTeX Info: Redefining \Relbar on input line 970.
\c@MaxMatrixCols=\count302
\dotsspace@=\muskip17
\c@parentequation=\count303
\dspbrk@lvl=\count304
\tag@help=\toks26
\row@=\count305
\column@=\count306
\maxfields@=\count307
\andhelp@=\toks27
\eqnshift@=\dimen168
\alignsep@=\dimen169
\tagshift@=\dimen170
\tagwidth@=\dimen171
\totwidth@=\dimen172
\lineht@=\dimen173
\@envbody=\toks28
\multlinegap=\skip68
\multlinetaggap=\skip69
\mathdisplay@stack=\toks29
LaTeX Info: Redefining \[ on input line 2950.
LaTeX Info: Redefining \] on input line 2951.
)
(/usr/local/texlive/2026/texmf-dist/tex/latex/oberdiek/centernot.sty
Package: centernot 2016/05/16 v1.4 Centers the not symbol horizontally (HO)
)
\tx@cntz=\count308

(/usr/local/texlive/2026/texmf-dist/tex/generic/kastrup/binhex.tex)
\tx@Isdigit=\count309
\tx@IsAlNum=\count310
\tx@tA=\toks30
\tx@tB=\toks31
\tx@su=\read3

amsthm NOT loaded
LaTeX Font Info:    Redeclaring symbol font `operators' on input line 402.
LaTeX Font Info:    Overwriting symbol font `operators' in version `normal'
(Font)                  OT1/cmr/m/n --> OT1/minntx/m/n on input line 402.
LaTeX Font Info:    Overwriting symbol font `operators' in version `bold'
(Font)                  OT1/cmr/bx/n --> OT1/minntx/m/n on input line 402.
LaTeX Font Info:    Overwriting symbol font `operators' in version `bold'
(Font)                  OT1/minntx/m/n --> OT1/minntx/b/n on input line 403.
LaTeX Font Info:    Redeclaring math alphabet \mathsf on input line 410.
LaTeX Font Info:    Overwriting math alphabet `\mathsf' in version `normal'
(Font)                  OT1/cmss/m/n --> OT1/qhv/m/n on input line 410.
LaTeX Font Info:    Overwriting math alphabet `\mathsf' in version `bold'
(Font)                  OT1/cmss/bx/n --> OT1/qhv/m/n on input line 410.
LaTeX Font Info:    Overwriting math alphabet `\mathsf' in version `bold'
(Font)                  OT1/qhv/m/n --> OT1/qhv/b/n on input line 412.
LaTeX Font Info:    Redeclaring math alphabet \mathit on input line 419.
LaTeX Font Info:    Overwriting math alphabet `\mathit' in version `normal'
(Font)                  OT1/cmr/m/it --> OT1/minntx/m/it on input line 419.
LaTeX Font Info:    Overwriting math alphabet `\mathit' in version `bold'
(Font)                  OT1/cmr/bx/it --> OT1/minntx/m/it on input line 419.
LaTeX Font Info:    Redeclaring math alphabet \mathtt on input line 420.
LaTeX Font Info:    Overwriting math alphabet `\mathtt' in version `normal'
(Font)                  OT1/cmtt/m/n --> T1/ntxtt/m/n on input line 420.
LaTeX Font Info:    Overwriting math alphabet `\mathtt' in version `bold'
(Font)                  OT1/cmtt/m/n --> T1/ntxtt/m/n on input line 420.
LaTeX Font Info:    Redeclaring math alphabet \mathbf on input line 422.
LaTeX Font Info:    Overwriting math alphabet `\mathbf' in version `normal'
(Font)                  OT1/cmr/bx/n --> OT1/minntx/b/n on input line 422.
LaTeX Font Info:    Overwriting math alphabet `\mathbf' in version `bold'
(Font)                  OT1/cmr/bx/n --> OT1/minntx/b/n on input line 422.
LaTeX Font Info:    Overwriting math alphabet `\mathit' in version `bold'
(Font)                  OT1/minntx/m/it --> OT1/minntx/b/it on input line 423.
LaTeX Font Info:    Overwriting math alphabet `\mathtt' in version `bold'
(Font)                  T1/ntxtt/m/n --> T1/ntxtt/b/n on input line 426.
LaTeX Font Info:    Redeclaring symbol font `letters' on input line 534.
LaTeX Font Info:    Overwriting symbol font `letters' in version `normal'
(Font)                  OML/cmm/m/it --> OML/ntxmi/m/it on input line 534.
LaTeX Font Info:    Overwriting symbol font `letters' in version `bold'
(Font)                  OML/cmm/b/it --> OML/ntxmi/m/it on input line 534.
LaTeX Font Info:    Overwriting symbol font `letters' in version `bold'
(Font)                  OML/ntxmi/m/it --> OML/ntxmi/b/it on input line 535.
\symlettersA=\mathgroup4
LaTeX Font Info:    Overwriting symbol font `lettersA' in version `bold'
(Font)                  U/ntxmia/m/it --> U/ntxmia/b/it on input line 582.
Now handling font encoding LMS ...
... no UTF-8 mapping file for font encoding LMS
LaTeX Font Info:    Redeclaring symbol font `symbols' on input line 604.
LaTeX Font Info:    Encoding `OMS' has changed to `LMS' for symbol font
(Font)              `symbols' in the math version `normal' on input line 604.
LaTeX Font Info:    Overwriting symbol font `symbols' in version `normal'
(Font)                  OMS/cmsy/m/n --> LMS/ntxsy/m/n on input line 604.
LaTeX Font Info:    Encoding `OMS' has changed to `LMS' for symbol font
(Font)              `symbols' in the math version `bold' on input line 604.
LaTeX Font Info:    Overwriting symbol font `symbols' in version `bold'
(Font)                  OMS/cmsy/b/n --> LMS/ntxsy/m/n on input line 604.
LaTeX Font Info:    Overwriting symbol font `symbols' in version `bold'
(Font)                  LMS/ntxsy/m/n --> LMS/ntxsy/b/n on input line 605.
\symAMSm=\mathgroup5
LaTeX Font Info:    Overwriting symbol font `AMSm' in version `bold'
(Font)                  U/ntxsym/m/n --> U/ntxsym/b/n on input line 630.
\symsymbolsC=\mathgroup6
LaTeX Font Info:    Overwriting symbol font `symbolsC' in version `bold'
(Font)                  U/ntxsyc/m/n --> U/ntxsyc/b/n on input line 651.
Now handling font encoding LMX ...
... no UTF-8 mapping file for font encoding LMX
LaTeX Font Info:    Redeclaring symbol font `largesymbols' on input line 664.
LaTeX Font Info:    Encoding `OMX' has changed to `LMX' for symbol font
(Font)              `largesymbols' in the math version `normal' on input line 6
64.
LaTeX Font Info:    Overwriting symbol font `largesymbols' in version `normal'
(Font)                  OMX/cmex/m/n --> LMX/ntxexx/m/n on input line 664.
LaTeX Font Info:    Encoding `OMX' has changed to `LMX' for symbol font
(Font)              `largesymbols' in the math version `bold' on input line 664
.
LaTeX Font Info:    Overwriting symbol font `largesymbols' in version `bold'
(Font)                  OMX/cmex/m/n --> LMX/ntxexx/m/n on input line 664.
LaTeX Font Info:    Overwriting symbol font `largesymbols' in version `bold'
(Font)                  LMX/ntxexx/m/n --> LMX/ntxexx/b/n on input line 665.
\symlargesymbolsTXA=\mathgroup7
LaTeX Font Info:    Overwriting symbol font `largesymbolsTXA' in version `bold'

(Font)                  U/ntxexa/m/n --> U/ntxexa/b/n on input line 679.
\tx@sbptoks=\toks32
LaTeX Font Info:    Redeclaring math delimiter \lfloor on input line 902.
LaTeX Font Info:    Redeclaring math delimiter \rfloor on input line 903.
LaTeX Font Info:    Redeclaring math delimiter \lceil on input line 904.
LaTeX Font Info:    Redeclaring math delimiter \rceil on input line 905.
LaTeX Font Info:    Redeclaring math delimiter \lbrace on input line 910.
LaTeX Font Info:    Redeclaring math delimiter \rbrace on input line 911.
LaTeX Font Info:    Redeclaring math delimiter \langle on input line 913.
LaTeX Font Info:    Redeclaring math delimiter \rangle on input line 915.
LaTeX Font Info:    Redeclaring math delimiter \arrowvert on input line 919.
LaTeX Font Info:    Redeclaring math delimiter \vert on input line 920.
LaTeX Font Info:    Redeclaring math symbol \hbar on input line 966.
LaTeX Font Info:    Redeclaring math accent \dot on input line 991.
LaTeX Font Info:    Redeclaring math accent \ddot on input line 992.
LaTeX Font Info:    Redeclaring math accent \vec on input line 2057.
LaTeX Info: Redefining \Bbbk on input line 2847.
LaTeX Info: Redefining \not on input line 2995.
) (/usr/local/texlive/2026/texmf-dist/tex/latex/psnfss/helvet.sty
Package: helvet 2020/03/25 PSNFSS-v9.3 (WaS) 
)
(/usr/local/texlive/2026/texmf-dist/tex/latex/psnfss/courier.sty
Package: courier 2020/03/25 PSNFSS-v9.3 (WaS) 
)
(/usr/local/texlive/2026/texmf-dist/tex/generic/iftex/ifpdf.sty
Package: ifpdf 2019/10/25 v3.4 ifpdf legacy package. Use iftex instead.
)
(/usr/local/texlive/2026/texmf-dist/tex/latex/setspace/setspace.sty
Package: setspace 2022/12/04 v6.7b set line spacing
)
(/usr/local/texlive/2026/texmf-dist/tex/latex/hyperref/hyperref.sty
Package: hyperref 2026-01-29 v7.01p Hypertext links for LaTeX

(/usr/local/texlive/2026/texmf-dist/tex/latex/kvsetkeys/kvsetkeys.sty
Package: kvsetkeys 2022-10-05 v1.19 Key value parser (HO)
)
(/usr/local/texlive/2026/texmf-dist/tex/generic/kvdefinekeys/kvdefinekeys.sty
Package: kvdefinekeys 2019-12-19 v1.6 Define keys (HO)
)
(/usr/local/texlive/2026/texmf-dist/tex/generic/pdfescape/pdfescape.sty
Package: pdfescape 2019/12/09 v1.15 Implements pdfTeX's escape features (HO)

(/usr/local/texlive/2026/texmf-dist/tex/generic/ltxcmds/ltxcmds.sty
Package: ltxcmds 2023-12-04 v1.26 LaTeX kernel commands for general use (HO)
)
(/usr/local/texlive/2026/texmf-dist/tex/generic/pdftexcmds/pdftexcmds.sty
Package: pdftexcmds 2020-06-27 v0.33 Utility functions of pdfTeX for LuaTeX (HO
)

(/usr/local/texlive/2026/texmf-dist/tex/generic/infwarerr/infwarerr.sty
Package: infwarerr 2019/12/03 v1.5 Providing info/warning/error messages (HO)
)
Package pdftexcmds Info: \pdf@primitive is available.
Package pdftexcmds Info: \pdf@ifprimitive is available.
Package pdftexcmds Info: \pdfdraftmode found.
))
(/usr/local/texlive/2026/texmf-dist/tex/latex/hycolor/hycolor.sty
Package: hycolor 2020-01-27 v1.10 Color options for hyperref/bookmark (HO)
)
(/usr/local/texlive/2026/texmf-dist/tex/latex/hyperref/nameref.sty
Package: nameref 2026-01-29 v2.58 Cross-referencing by name of section

(/usr/local/texlive/2026/texmf-dist/tex/latex/refcount/refcount.sty
Package: refcount 2019/12/15 v3.6 Data extraction from label references (HO)
)
(/usr/local/texlive/2026/texmf-dist/tex/generic/gettitlestring/gettitlestring.s
ty
Package: gettitlestring 2019/12/15 v1.6 Cleanup title references (HO)
 (/usr/local/texlive/2026/texmf-dist/tex/latex/kvoptions/kvoptions.sty
Package: kvoptions 2022-06-15 v3.15 Key value format for package options (HO)
))
\c@section@level=\count311
)
(/usr/local/texlive/2026/texmf-dist/tex/generic/stringenc/stringenc.sty
Package: stringenc 2019/11/29 v1.12 Convert strings between diff. encodings (HO
)
)
\@linkdim=\dimen174
\Hy@linkcounter=\count312
\Hy@pagecounter=\count313

(/usr/local/texlive/2026/texmf-dist/tex/latex/hyperref/pd1enc.def
File: pd1enc.def 2026-01-29 v7.01p Hyperref: PDFDocEncoding definition (HO)
Now handling font encoding PD1 ...
... no UTF-8 mapping file for font encoding PD1
)
(/usr/local/texlive/2026/texmf-dist/tex/generic/intcalc/intcalc.sty
Package: intcalc 2019/12/15 v1.3 Expandable calculations with integers (HO)
)
\Hy@SavedSpaceFactor=\count314

(/usr/local/texlive/2026/texmf-dist/tex/latex/hyperref/puenc.def
File: puenc.def 2026-01-29 v7.01p Hyperref: PDF Unicode definition (HO)
Now handling font encoding PU ...
... no UTF-8 mapping file for font encoding PU
)
Package hyperref Info: Option `plainpages' set `false' on input line 4072.
Package hyperref Info: Option `pdfusetitle' set `true' on input line 4072.
Package hyperref Info: Option `pdfpagelabels' set `true' on input line 4072.
Package hyperref Info: Hyper figures OFF on input line 4201.
Package hyperref Info: Link nesting OFF on input line 4206.
Package hyperref Info: Hyper index ON on input line 4209.
Package hyperref Info: Plain pages OFF on input line 4216.
Package hyperref Info: Backreferencing OFF on input line 4221.
Package hyperref Info: Implicit mode ON; LaTeX internals redefined.
Package hyperref Info: Bookmarks ON on input line 4468.
\c@Hy@tempcnt=\count315

(/usr/local/texlive/2026/texmf-dist/tex/latex/url/url.sty
\Urlmuskip=\muskip18
Package: url 2013/09/16  ver 3.4  Verb mode for urls, etc.
)
LaTeX Info: Redefining \url on input line 4807.
\XeTeXLinkMargin=\dimen175

(/usr/local/texlive/2026/texmf-dist/tex/generic/bitset/bitset.sty
Package: bitset 2019/12/09 v1.3 Handle bit-vector datatype (HO)

(/usr/local/texlive/2026/texmf-dist/tex/generic/bigintcalc/bigintcalc.sty
Package: bigintcalc 2019/12/15 v1.5 Expandable calculations on big integers (HO
)
))
\Fld@menulength=\count316
\Field@Width=\dimen176
\Fld@charsize=\dimen177
Package hyperref Info: Hyper figures OFF on input line 6084.
Package hyperref Info: Link nesting OFF on input line 6089.
Package hyperref Info: Hyper index ON on input line 6092.
Package hyperref Info: backreferencing OFF on input line 6099.
Package hyperref Info: Link coloring OFF on input line 6104.
Package hyperref Info: Link coloring with OCG OFF on input line 6109.
Package hyperref Info: PDF/A mode OFF on input line 6114.
\Hy@abspage=\count317
\c@Item=\count318
\c@Hfootnote=\count319
)
Package hyperref Info: Driver (autodetected): hpdftex.

(/usr/local/texlive/2026/texmf-dist/tex/latex/hyperref/hpdftex.def
File: hpdftex.def 2026-01-29 v7.01p Hyperref driver for pdfTeX
\Fld@listcount=\count320
\c@bookmark@seq@number=\count321

(/usr/local/texlive/2026/texmf-dist/tex/latex/rerunfilecheck/rerunfilecheck.sty
Package: rerunfilecheck 2025-06-21 v1.11 Rerun checks for auxiliary files (HO)

(/usr/local/texlive/2026/texmf-dist/tex/generic/uniquecounter/uniquecounter.sty
Package: uniquecounter 2019/12/15 v1.4 Provide unlimited unique counter (HO)
)
Package uniquecounter Info: New unique counter `rerunfilecheck' on input line 2
84.
)
\Hy@SectionHShift=\skip70
)
Package hyperref Info: Option `colorlinks' set `true' on input line 46.
Package hyperref Info: Option `bookmarksnumbered' set `true' on input line 46.
 (/usr/local/texlive/2026/texmf-dist/tex/latex/biblatex/biblatex.sty
Package: biblatex 2025/07/10 v3.21 programmable bibliographies (PK/MW)

(/usr/local/texlive/2026/texmf-dist/tex/latex/logreq/logreq.sty
Package: logreq 2010/08/04 v1.0 xml request logger
\lrq@indent=\count322

(/usr/local/texlive/2026/texmf-dist/tex/latex/logreq/logreq.def
File: logreq.def 2010/08/04 v1.0 logreq spec v1.0
))
\c@tabx@nest=\count323
\c@listtotal=\count324
\c@listcount=\count325
\c@liststart=\count326
\c@liststop=\count327
\c@citecount=\count328
\c@citetotal=\count329
\c@multicitecount=\count330
\c@multicitetotal=\count331
\c@instcount=\count332
\c@maxnames=\count333
\c@minnames=\count334
\c@maxitems=\count335
\c@minitems=\count336
\c@citecounter=\count337
\c@maxcitecounter=\count338
\c@savedcitecounter=\count339
\c@uniquelist=\count340
\c@uniquename=\count341
\c@refsection=\count342
\c@refsegment=\count343
\c@maxextratitle=\count344
\c@maxextratitleyear=\count345
\c@maxextraname=\count346
\c@maxextradate=\count347
\c@maxextraalpha=\count348
\c@abbrvpenalty=\count349
\c@highnamepenalty=\count350
\c@lownamepenalty=\count351
\c@maxparens=\count352
\c@parenlevel=\count353
\blx@tempcnta=\count354
\blx@tempcntb=\count355
\blx@tempcntc=\count356
\c@blx@maxsection=\count357
\blx@maxsegment@0=\count358
\blx@notetype=\count359
\blx@parenlevel@text=\count360
\blx@parenlevel@foot=\count361
\blx@sectionciteorder@0=\count362
\blx@sectionciteorderinternal@0=\count363
\blx@entrysetcounter=\count364
\blx@biblioinstance=\count365
\labelnumberwidth=\skip71
\labelalphawidth=\skip72
\biblabelsep=\skip73
\bibitemsep=\skip74
\bibnamesep=\skip75
\bibinitsep=\skip76
\bibparsep=\skip77
\bibhang=\skip78
\blx@bcfin=\read4
\blx@bcfout=\write3
\blx@langwohyphens=\language92
\c@mincomprange=\count366
\c@maxcomprange=\count367
\c@mincompwidth=\count368
Package biblatex Info: Trying to load biblatex default data model...
Package biblatex Info: ... file 'blx-dm.def' found.

(/usr/local/texlive/2026/texmf-dist/tex/latex/biblatex/blx-dm.def
File: blx-dm.def 2025/07/10 v3.21 biblatex datamodel (PK/MW)
)
Package biblatex Info: Trying to load biblatex style data model...
Package biblatex Info: ... file 'apa.dbx' found.

(/usr/local/texlive/2026/texmf-dist/tex/latex/biblatex-apa/apa.dbx
File: apa.dbx 2025/08/27 v9.20 APA biblatex style data model
)
Package biblatex Info: Trying to load biblatex custom data model...
Package biblatex Info: ... file 'biblatex-dm.cfg' not found.
\c@afterword=\count369
\c@savedafterword=\count370
\c@annotator=\count371
\c@savedannotator=\count372
\c@author=\count373
\c@savedauthor=\count374
\c@bookauthor=\count375
\c@savedbookauthor=\count376
\c@commentator=\count377
\c@savedcommentator=\count378
\c@editor=\count379
\c@savededitor=\count380
\c@editora=\count381
\c@savededitora=\count382
\c@editorb=\count383
\c@savededitorb=\count384
\c@editorc=\count385
\c@savededitorc=\count386
\c@foreword=\count387
\c@savedforeword=\count388
\c@holder=\count389
\c@savedholder=\count390
\c@introduction=\count391
\c@savedintroduction=\count392
\c@namea=\count393
\c@savednamea=\count394
\c@nameb=\count395
\c@savednameb=\count396
\c@namec=\count397
\c@savednamec=\count398
\c@translator=\count399
\c@savedtranslator=\count400
\c@shortauthor=\count401
\c@savedshortauthor=\count402
\c@shorteditor=\count403
\c@savedshorteditor=\count404
\c@narrator=\count405
\c@savednarrator=\count406
\c@execproducer=\count407
\c@savedexecproducer=\count408
\c@execdirector=\count409
\c@savedexecdirector=\count410
\c@with=\count411
\c@savedwith=\count412
\c@labelname=\count413
\c@savedlabelname=\count414
\c@institution=\count415
\c@savedinstitution=\count416
\c@lista=\count417
\c@savedlista=\count418
\c@listb=\count419
\c@savedlistb=\count420
\c@listc=\count421
\c@savedlistc=\count422
\c@listd=\count423
\c@savedlistd=\count424
\c@liste=\count425
\c@savedliste=\count426
\c@listf=\count427
\c@savedlistf=\count428
\c@location=\count429
\c@savedlocation=\count430
\c@organization=\count431
\c@savedorganization=\count432
\c@origlocation=\count433
\c@savedoriglocation=\count434
\c@origpublisher=\count435
\c@savedorigpublisher=\count436
\c@publisher=\count437
\c@savedpublisher=\count438
\c@language=\count439
\c@savedlanguage=\count440
\c@origlanguage=\count441
\c@savedoriglanguage=\count442
\c@citation=\count443
\c@savedcitation=\count444
\c@pageref=\count445
\c@savedpageref=\count446
\shorthandwidth=\skip79
\shortjournalwidth=\skip80
\shortserieswidth=\skip81
\shorttitlewidth=\skip82
\shortauthorwidth=\skip83
\shorteditorwidth=\skip84
\locallabelnumberwidth=\skip85
\locallabelalphawidth=\skip86
\localshorthandwidth=\skip87
\localshortjournalwidth=\skip88
\localshortserieswidth=\skip89
\localshorttitlewidth=\skip90
\localshortauthorwidth=\skip91
\localshorteditorwidth=\skip92
Package biblatex Info: Trying to load compatibility code...
Package biblatex Info: ... file 'blx-compat.def' found.

(/usr/local/texlive/2026/texmf-dist/tex/latex/biblatex/blx-compat.def
File: blx-compat.def 2025/07/10 v3.21 biblatex compatibility (PK/MW)
)
Package biblatex Info: Trying to load generic definitions...
Package biblatex Info: ... file 'biblatex.def' found.

(/usr/local/texlive/2026/texmf-dist/tex/latex/biblatex/biblatex.def
File: biblatex.def 2025/07/10 v3.21 biblatex compatibility (PK/MW)
\c@textcitecount=\count447
\c@textcitetotal=\count448
\c@textcitemaxnames=\count449
\c@biburlbigbreakpenalty=\count450
\c@biburlbreakpenalty=\count451
\c@biburlnumpenalty=\count452
\c@biburlucpenalty=\count453
\c@biburllcpenalty=\count454
\biburlbigskip=\muskip19
\biburlnumskip=\muskip20
\biburlucskip=\muskip21
\biburllcskip=\muskip22
\c@smartand=\count455
)
Package biblatex Info: Trying to load bibliography style 'apa'...
Package biblatex Info: ... file 'apa.bbx' found.

(/usr/local/texlive/2026/texmf-dist/tex/latex/biblatex-apa/apa.bbx
File: apa.bbx 2025/08/27 v9.20 APA biblatex references style
Package biblatex Info: Trying to load bibliography style 'standard'...
Package biblatex Info: ... file 'standard.bbx' found.

(/usr/local/texlive/2026/texmf-dist/tex/latex/biblatex/bbx/standard.bbx
File: standard.bbx 2025/07/10 v3.21 biblatex bibliography style (PK/MW)
\c@bbx:relatedcount=\count456
\c@bbx:relatedtotal=\count457
)
Package biblatex Info: Delimiter 'nameyeardelim' in context 'bib' already defin
ed, overwriting.
Package biblatex Info: Delimiter 'nameyeardelim' in context 'biblist' already d
efined, overwriting.
Package biblatex Info: Delimiter 'nonameyeardelim' in context 'bib' already def
ined, overwriting.
Package biblatex Info: Delimiter 'nonameyeardelim' in context 'biblist' already
 defined, overwriting.
)
Package biblatex Info: Trying to load citation style 'apa'...
Package biblatex Info: ... file 'apa.cbx' found.

(/usr/local/texlive/2026/texmf-dist/tex/latex/biblatex-apa/apa.cbx
File: apa.cbx 2025/08/27 v9.20 APA biblatex citation style
Package biblatex Info: Delimiter 'nameyeardelim' in context '' already defined,
 overwriting.
Package biblatex Info: Delimiter 'andothersdelim' in context '' already defined
, overwriting.
Package biblatex Info: Redefining '\fullcite'.
Package biblatex Info: Redefining '\citeauthor'.
Package biblatex Info: Redefining '\citeyear'.
Package biblatex Info: Redefining '\cite'.
Package biblatex Info: Redefining '\cites'.
Package biblatex Info: Redefining '\parencite'.
Package biblatex Info: Redefining '\parencites'.
Package biblatex Info: Redefining '\footcite'.
Package biblatex Info: Redefining '\footcites'.
Package biblatex Info: Redefining '\footcitetext'.
Package biblatex Info: Redefining '\footcitetexts'.
Package biblatex Info: Redefining '\smartcite'.
Package biblatex Info: Redefining '\smartcites'.
Package biblatex Info: Redefining '\textcite'.
Package biblatex Info: Redefining '\textcites'.
)
Package biblatex Info: Trying to load configuration file...
Package biblatex Info: ... file 'biblatex.cfg' found.

(/usr/local/texlive/2026/texmf-dist/tex/latex/biblatex/biblatex.cfg
File: biblatex.cfg 
)
Package biblatex Info: Input encoding 'utf8' detected.
Package biblatex Info: Document encoding is UTF8 ....
Package biblatex Info: ... and expl3
(biblatex)             2026-01-19 L3 programming layer (loader) 
(biblatex)             is new enough (at least 2020/04/06),
(biblatex)             setting 'casechanger=expl3'.

(/usr/local/texlive/2026/texmf-dist/tex/latex/biblatex/blx-case-expl3.sty
Package: blx-case-expl3 2025/07/10 v3.21 expl3 case changing code for biblatex
)))
LaTeX Font Info:    Trying to load font information for T1+minntx on input line
 11.

(/usr/local/texlive/2026/texmf-dist/tex/latex/newtx/t1minntx.fd
File: t1minntx.fd 2023/09/09 v1.1 font definition file for T1/minntx
)
LaTeX Font Info:    Font shape `T1/minntx/m/n' will be
(Font)              scaled to size 12.0pt on input line 11.


Package typearea Warning: Bad type area settings!
(typearea)                The detected line width is about 17%
(typearea)                larger than the heuristically estimated maximum
(typearea)                limit of typographical good line width.
(typearea)                You should e.g. decrease DIV, (increase fontsize)
(typearea)                or change papersize.

Package typearea Info: These are the values describing the layout:
(typearea)             DIV  = 14
(typearea)             BCOR = 0.0pt
(typearea)             \paperwidth      = 597.50793pt
(typearea)              \textwidth      = 469.47052pt
(typearea)              DIV departure   = -17%
(typearea)              \evensidemargin = -8.25128pt
(typearea)              \oddsidemargin  = -8.25128pt
(typearea)             \paperheight     = 845.04694pt
(typearea)              \textheight     = 635.5pt
(typearea)              \topmargin      = -11.9095pt
(typearea)              \headheight     = 18.125pt
(typearea)              \headsep        = 21.75pt
(typearea)              \topskip        = 12.0pt
(typearea)              \footskip       = 50.75pt
(typearea)              \baselineskip   = 14.5pt
(typearea)              on input line 11.
(/usr/local/texlive/2026/texmf-dist/tex/latex/appendix/appendix.sty
Package: appendix 2020/02/08 v1.2c extra appendix facilities
\c@@pps=\count458
\c@@ppsavesec=\count459
\c@@ppsaveapp=\count460
)
(/usr/local/texlive/2026/texmf-dist/tex/latex/csquotes/csquotes.sty
Package: csquotes 2024-04-04 v5.2o context-sensitive quotations (JAW)
\csq@reset=\count461
\csq@gtype=\count462
\csq@glevel=\count463
\csq@qlevel=\count464
\csq@maxlvl=\count465
\csq@tshold=\count466
\csq@ltx@everypar=\toks33

(/usr/local/texlive/2026/texmf-dist/tex/latex/csquotes/csquotes.def
File: csquotes.def 2024-04-04 v5.2o csquotes generic definitions (JAW)
)
Package csquotes Info: Trying to load configuration file 'csquotes.cfg'...
Package csquotes Info: ... configuration file loaded successfully.

(/usr/local/texlive/2026/texmf-dist/tex/latex/csquotes/csquotes.cfg
File: csquotes.cfg 
))
(/usr/local/texlive/2026/texmf-dist/tex/latex/datetime2/datetime2.sty
Package: datetime2 2021/03/21 v1.5.7 (NLCT) date and time formats

(/usr/local/texlive/2026/texmf-dist/tex/latex/tracklang/tracklang.sty
Package: tracklang 2025/03/11 v1.6.6 (NLCT) Track Languages

(/usr/local/texlive/2026/texmf-dist/tex/generic/tracklang/tracklang.tex)
Package tracklang Info: Tracking dialect `english' (language `english') on inpu
t line 53.
)
(/usr/local/texlive/2026/texmf-dist/tex/latex/datetime2-english/datetime2-engli
sh.ldf
File: datetime2-english.ldf 2019/10/21 v1.05 (NLCT)

(/usr/local/texlive/2026/texmf-dist/tex/latex/datetime2-english/datetime2-engli
sh-base.ldf
File: datetime2-english-base.ldf 2019/10/21 v1.05 (NLCT)
))
(/usr/local/texlive/2026/texmf-dist/tex/latex/datetime2/datetime2-calc.sty
Package: datetime2-calc 2021/03/21 v1.5.7 (NLCT)

(/usr/local/texlive/2026/texmf-dist/tex/latex/pgf/utilities/pgfkeys.sty
(/usr/local/texlive/2026/texmf-dist/tex/generic/pgf/utilities/pgfkeys.code.tex
\pgfkeys@pathtoks=\toks34
\pgfkeys@temptoks=\toks35

(/usr/local/texlive/2026/texmf-dist/tex/generic/pgf/utilities/pgfkeyslibraryfil
tered.code.tex
\pgfkeys@tmptoks=\toks36
)))
(/usr/local/texlive/2026/texmf-dist/tex/latex/pgf/utilities/pgfcalendar.sty
(/usr/local/texlive/2026/texmf-dist/tex/latex/pgf/utilities/pgfrcs.sty
(/usr/local/texlive/2026/texmf-dist/tex/generic/pgf/utilities/pgfutil-common.te
x
\pgfutil@everybye=\toks37
\pgfutil@tempdima=\dimen178
\pgfutil@tempdimb=\dimen179
)
(/usr/local/texlive/2026/texmf-dist/tex/generic/pgf/utilities/pgfutil-latex.def
\pgfutil@abb=\box58
) (/usr/local/texlive/2026/texmf-dist/tex/generic/pgf/utilities/pgfrcs.code.tex
(/usr/local/texlive/2026/texmf-dist/tex/generic/pgf/pgf.revision.tex)
Package: pgfrcs 2025-08-29 v3.1.11a (3.1.11a)
))
(/usr/local/texlive/2026/texmf-dist/tex/generic/pgf/utilities/pgfcalendar.code.
tex
File: pgfcalendar.code.tex 2025-08-29 v3.1.11a (3.1.11a)
 (/usr/local/texlive/2026/texmf-dist/tex/generic/pgf/math/pgfint.code.tex)
\pgfcalendarcurrentjulian=\count467
\pgf@cal@easter@Y=\count468
\pgf@cal@easter@G=\count469
\pgf@cal@easter@C=\count470
\pgf@cal@easter@X=\count471
\pgf@cal@easter@Z=\count472
\pgf@cal@easter@D=\count473
\pgf@cal@easter@E=\count474
\pgf@cal@easter@N=\count475
\pgf@cal@easter@M=\count476
\pgf@cal@easter@julianday=\count477
))
\@dtm@julianday=\count478
)) (/usr/local/texlive/2026/texmf-dist/tex/latex/subfigure/subfigure.sty
Package: subfigure 2002/03/15 v2.1.5 subfigure package
\subfigtopskip=\skip93
\subfigcapskip=\skip94
\subfigcaptopadj=\dimen180
\subfigbottomskip=\skip95
\subfigcapmargin=\dimen181
\subfiglabelskip=\skip96
\c@subfigure=\count479
\c@lofdepth=\count480
\c@subtable=\count481
\c@lotdepth=\count482

****************************************
* Local config file subfigure.cfg used *
****************************************
(/usr/local/texlive/2026/texmf-dist/tex/latex/subfigure/subfigure.cfg)
\subfig@top=\skip97
\subfig@bottom=\skip98
)
(/usr/local/texlive/2026/texmf-dist/tex/latex/graphics/graphicx.sty
Package: graphicx 2024/12/31 v1.2e Enhanced LaTeX Graphics (DPC,SPQR)

(/usr/local/texlive/2026/texmf-dist/tex/latex/graphics/graphics.sty
Package: graphics 2024/08/06 v1.4g Standard LaTeX Graphics (DPC,SPQR)

(/usr/local/texlive/2026/texmf-dist/tex/latex/graphics/trig.sty
Package: trig 2023/12/02 v1.11 sin cos tan (DPC)
)
(/usr/local/texlive/2026/texmf-dist/tex/latex/graphics-cfg/graphics.cfg
File: graphics.cfg 2016/06/04 v1.11 sample graphics configuration
)
Package graphics Info: Driver file: pdftex.def on input line 106.
)
\Gin@req@height=\dimen182
\Gin@req@width=\dimen183
)
(/usr/local/texlive/2026/texmf-dist/tex/generic/oberdiek/iflang.sty
Package: iflang 2018/01/21 v1.7 Checks for the current language (HO)
Package iflang Info: Naming convention for patterns: babel.
)
(/usr/local/texlive/2026/texmf-dist/tex/latex/base/makeidx.sty
Package: makeidx 2021/10/04 v1.0m Standard LaTeX package
)
(/usr/local/texlive/2026/texmf-dist/tex/latex/nomencl/nomencl.sty
Package: nomencl 2021/11/10 v5.6 Nomenclature package
Package tocbasic Info: setting babel extension for `nlo' on input line 187.
Package tocbasic Info: setting babel extension for `nls' on input line 188.
\nomlabelwidth=\dimen184
\nom@tempdim=\dimen185
\nomitemsep=\skip99
)
(/usr/local/texlive/2026/texmf-dist/tex/latex/tools/tabularx.sty
Package: tabularx 2023/12/11 v2.12a `tabularx' package (DPC)

(/usr/local/texlive/2026/texmf-dist/tex/latex/tools/array.sty
Package: array 2025/09/25 v2.6n Tabular extension package (FMi)
\col@sep=\dimen186
\ar@mcellbox=\box59
\extrarowheight=\dimen187
\NC@list=\toks38
\extratabsurround=\skip100
\backup@length=\skip101
\ar@cellbox=\box60
)
\TX@col@width=\dimen188
\TX@old@table=\dimen189
\TX@old@col=\dimen190
\TX@target=\dimen191
\TX@delta=\dimen192
\TX@cols=\count483
\TX@ftn=\toks39
)
(/usr/local/texlive/2026/texmf-dist/tex/latex/booktabs/booktabs.sty
Package: booktabs 2020/01/12 v1.61803398 Publication quality tables
\heavyrulewidth=\dimen193
\lightrulewidth=\dimen194
\cmidrulewidth=\dimen195
\belowrulesep=\dimen196
\belowbottomsep=\dimen197
\aboverulesep=\dimen198
\abovetopsep=\dimen199
\cmidrulesep=\dimen256
\cmidrulekern=\dimen257
\defaultaddspace=\dimen258
\@cmidla=\count484
\@cmidlb=\count485
\@aboverulesep=\dimen259
\@belowrulesep=\dimen260
\@thisruleclass=\count486
\@lastruleclass=\count487
\@thisrulewidth=\dimen261
)
(/usr/local/texlive/2026/texmf-dist/tex/latex/todonotes/todonotes.sty
Package: todonotes 2024/01/05 v1.1.7 Todonotes source and documentation.
Package: todonotes 2024/01/05

(/usr/local/texlive/2026/texmf-dist/tex/latex/pgf/frontendlayer/tikz.sty
(/usr/local/texlive/2026/texmf-dist/tex/latex/pgf/basiclayer/pgf.sty
Package: pgf 2025-08-29 v3.1.11a (3.1.11a)

(/usr/local/texlive/2026/texmf-dist/tex/latex/pgf/basiclayer/pgfcore.sty
(/usr/local/texlive/2026/texmf-dist/tex/latex/pgf/systemlayer/pgfsys.sty
(/usr/local/texlive/2026/texmf-dist/tex/generic/pgf/systemlayer/pgfsys.code.tex
Package: pgfsys 2025-08-29 v3.1.11a (3.1.11a)
\pgf@x=\dimen262
\pgf@y=\dimen263
\pgf@xa=\dimen264
\pgf@ya=\dimen265
\pgf@xb=\dimen266
\pgf@yb=\dimen267
\pgf@xc=\dimen268
\pgf@yc=\dimen269
\pgf@xd=\dimen270
\pgf@yd=\dimen271
\w@pgf@writea=\write4
\r@pgf@reada=\read5
\c@pgf@counta=\count488
\c@pgf@countb=\count489
\c@pgf@countc=\count490
\c@pgf@countd=\count491
\t@pgf@toka=\toks40
\t@pgf@tokb=\toks41
\t@pgf@tokc=\toks42
\pgf@sys@id@count=\count492
(/usr/local/texlive/2026/texmf-dist/tex/generic/pgf/systemlayer/pgf.cfg
File: pgf.cfg 2025-08-29 v3.1.11a (3.1.11a)
)
Driver file for pgf: pgfsys-pdftex.def

(/usr/local/texlive/2026/texmf-dist/tex/generic/pgf/systemlayer/pgfsys-pdftex.d
ef
File: pgfsys-pdftex.def 2025-08-29 v3.1.11a (3.1.11a)

(/usr/local/texlive/2026/texmf-dist/tex/generic/pgf/systemlayer/pgfsys-common-p
df.def
File: pgfsys-common-pdf.def 2025-08-29 v3.1.11a (3.1.11a)
)))
(/usr/local/texlive/2026/texmf-dist/tex/generic/pgf/systemlayer/pgfsyssoftpath.
code.tex
File: pgfsyssoftpath.code.tex 2025-08-29 v3.1.11a (3.1.11a)
\pgfsyssoftpath@smallbuffer@items=\count493
\pgfsyssoftpath@bigbuffer@items=\count494
)
(/usr/local/texlive/2026/texmf-dist/tex/generic/pgf/systemlayer/pgfsysprotocol.
code.tex
File: pgfsysprotocol.code.tex 2025-08-29 v3.1.11a (3.1.11a)
))
(/usr/local/texlive/2026/texmf-dist/tex/generic/pgf/basiclayer/pgfcore.code.tex
Package: pgfcore 2025-08-29 v3.1.11a (3.1.11a)
(/usr/local/texlive/2026/texmf-dist/tex/generic/pgf/math/pgfmath.code.tex
(/usr/local/texlive/2026/texmf-dist/tex/generic/pgf/math/pgfmathutil.code.tex)
(/usr/local/texlive/2026/texmf-dist/tex/generic/pgf/math/pgfmathparser.code.tex
\pgfmath@dimen=\dimen272
\pgfmath@count=\count495
\pgfmath@box=\box61
\pgfmath@toks=\toks43
\pgfmath@stack@operand=\toks44
\pgfmath@stack@operation=\toks45
)
(/usr/local/texlive/2026/texmf-dist/tex/generic/pgf/math/pgfmathfunctions.code.
tex)
(/usr/local/texlive/2026/texmf-dist/tex/generic/pgf/math/pgfmathfunctions.basic
.code.tex)
(/usr/local/texlive/2026/texmf-dist/tex/generic/pgf/math/pgfmathfunctions.trigo
nometric.code.tex)
(/usr/local/texlive/2026/texmf-dist/tex/generic/pgf/math/pgfmathfunctions.rando
m.code.tex)
(/usr/local/texlive/2026/texmf-dist/tex/generic/pgf/math/pgfmathfunctions.compa
rison.code.tex)
(/usr/local/texlive/2026/texmf-dist/tex/generic/pgf/math/pgfmathfunctions.base.
code.tex)
(/usr/local/texlive/2026/texmf-dist/tex/generic/pgf/math/pgfmathfunctions.round
.code.tex)
(/usr/local/texlive/2026/texmf-dist/tex/generic/pgf/math/pgfmathfunctions.misc.
code.tex)
(/usr/local/texlive/2026/texmf-dist/tex/generic/pgf/math/pgfmathfunctions.integ
erarithmetics.code.tex)
(/usr/local/texlive/2026/texmf-dist/tex/generic/pgf/math/pgfmathcalc.code.tex)
(/usr/local/texlive/2026/texmf-dist/tex/generic/pgf/math/pgfmathfloat.code.tex
\c@pgfmathroundto@lastzeros=\count496
))
(/usr/local/texlive/2026/texmf-dist/tex/generic/pgf/basiclayer/pgfcorepoints.co
de.tex
File: pgfcorepoints.code.tex 2025-08-29 v3.1.11a (3.1.11a)
\pgf@picminx=\dimen273
\pgf@picmaxx=\dimen274
\pgf@picminy=\dimen275
\pgf@picmaxy=\dimen276
\pgf@pathminx=\dimen277
\pgf@pathmaxx=\dimen278
\pgf@pathminy=\dimen279
\pgf@pathmaxy=\dimen280
\pgf@xx=\dimen281
\pgf@xy=\dimen282
\pgf@yx=\dimen283
\pgf@yy=\dimen284
\pgf@zx=\dimen285
\pgf@zy=\dimen286
)
(/usr/local/texlive/2026/texmf-dist/tex/generic/pgf/basiclayer/pgfcorepathconst
ruct.code.tex
File: pgfcorepathconstruct.code.tex 2025-08-29 v3.1.11a (3.1.11a)
\pgf@path@lastx=\dimen287
\pgf@path@lasty=\dimen288
)
(/usr/local/texlive/2026/texmf-dist/tex/generic/pgf/basiclayer/pgfcorepathusage
.code.tex
File: pgfcorepathusage.code.tex 2025-08-29 v3.1.11a (3.1.11a)
\pgf@shorten@end@additional=\dimen289
\pgf@shorten@start@additional=\dimen290
)
(/usr/local/texlive/2026/texmf-dist/tex/generic/pgf/basiclayer/pgfcorescopes.co
de.tex
File: pgfcorescopes.code.tex 2025-08-29 v3.1.11a (3.1.11a)
\pgfpic=\box62
\pgf@hbox=\box63
\pgf@layerbox@main=\box64
\pgf@picture@serial@count=\count497
)
(/usr/local/texlive/2026/texmf-dist/tex/generic/pgf/basiclayer/pgfcoregraphicst
ate.code.tex
File: pgfcoregraphicstate.code.tex 2025-08-29 v3.1.11a (3.1.11a)
\pgflinewidth=\dimen291
)
(/usr/local/texlive/2026/texmf-dist/tex/generic/pgf/basiclayer/pgfcoretransform
ations.code.tex
File: pgfcoretransformations.code.tex 2025-08-29 v3.1.11a (3.1.11a)
\pgf@pt@x=\dimen292
\pgf@pt@y=\dimen293
\pgf@pt@temp=\dimen294
)
(/usr/local/texlive/2026/texmf-dist/tex/generic/pgf/basiclayer/pgfcorequick.cod
e.tex
File: pgfcorequick.code.tex 2025-08-29 v3.1.11a (3.1.11a)
)
(/usr/local/texlive/2026/texmf-dist/tex/generic/pgf/basiclayer/pgfcoreobjects.c
ode.tex
File: pgfcoreobjects.code.tex 2025-08-29 v3.1.11a (3.1.11a)
)
(/usr/local/texlive/2026/texmf-dist/tex/generic/pgf/basiclayer/pgfcorepathproce
ssing.code.tex
File: pgfcorepathprocessing.code.tex 2025-08-29 v3.1.11a (3.1.11a)
)
(/usr/local/texlive/2026/texmf-dist/tex/generic/pgf/basiclayer/pgfcorearrows.co
de.tex
File: pgfcorearrows.code.tex 2025-08-29 v3.1.11a (3.1.11a)
\pgfarrowsep=\dimen295
)
(/usr/local/texlive/2026/texmf-dist/tex/generic/pgf/basiclayer/pgfcoreshade.cod
e.tex
File: pgfcoreshade.code.tex 2025-08-29 v3.1.11a (3.1.11a)
\pgf@max=\dimen296
\pgf@sys@shading@range@num=\count498
\pgf@shadingcount=\count499
)
(/usr/local/texlive/2026/texmf-dist/tex/generic/pgf/basiclayer/pgfcoreimage.cod
e.tex
File: pgfcoreimage.code.tex 2025-08-29 v3.1.11a (3.1.11a)
)
(/usr/local/texlive/2026/texmf-dist/tex/generic/pgf/basiclayer/pgfcoreexternal.
code.tex
File: pgfcoreexternal.code.tex 2025-08-29 v3.1.11a (3.1.11a)
\pgfexternal@startupbox=\box65
)
(/usr/local/texlive/2026/texmf-dist/tex/generic/pgf/basiclayer/pgfcorelayers.co
de.tex
File: pgfcorelayers.code.tex 2025-08-29 v3.1.11a (3.1.11a)
)
(/usr/local/texlive/2026/texmf-dist/tex/generic/pgf/basiclayer/pgfcoretranspare
ncy.code.tex
File: pgfcoretransparency.code.tex 2025-08-29 v3.1.11a (3.1.11a)
)
(/usr/local/texlive/2026/texmf-dist/tex/generic/pgf/basiclayer/pgfcorepatterns.
code.tex
File: pgfcorepatterns.code.tex 2025-08-29 v3.1.11a (3.1.11a)
)
(/usr/local/texlive/2026/texmf-dist/tex/generic/pgf/basiclayer/pgfcorerdf.code.
tex
File: pgfcorerdf.code.tex 2025-08-29 v3.1.11a (3.1.11a)
)))
(/usr/local/texlive/2026/texmf-dist/tex/generic/pgf/modules/pgfmoduleshapes.cod
e.tex
File: pgfmoduleshapes.code.tex 2025-08-29 v3.1.11a (3.1.11a)
\pgfnodeparttextbox=\box66
)
(/usr/local/texlive/2026/texmf-dist/tex/generic/pgf/modules/pgfmoduleplot.code.
tex
File: pgfmoduleplot.code.tex 2025-08-29 v3.1.11a (3.1.11a)
)
(/usr/local/texlive/2026/texmf-dist/tex/latex/pgf/compatibility/pgfcomp-version
-0-65.sty
Package: pgfcomp-version-0-65 2025-08-29 v3.1.11a (3.1.11a)
\pgf@nodesepstart=\dimen297
\pgf@nodesepend=\dimen298
)
(/usr/local/texlive/2026/texmf-dist/tex/latex/pgf/compatibility/pgfcomp-version
-1-18.sty
Package: pgfcomp-version-1-18 2025-08-29 v3.1.11a (3.1.11a)
))
(/usr/local/texlive/2026/texmf-dist/tex/latex/pgf/utilities/pgffor.sty
(/usr/local/texlive/2026/texmf-dist/tex/latex/pgf/math/pgfmath.sty
(/usr/local/texlive/2026/texmf-dist/tex/generic/pgf/math/pgfmath.code.tex))
(/usr/local/texlive/2026/texmf-dist/tex/generic/pgf/utilities/pgffor.code.tex
Package: pgffor 2025-08-29 v3.1.11a (3.1.11a)
\pgffor@iter=\dimen299
\pgffor@skip=\dimen300
\pgffor@stack=\toks46
\pgffor@toks=\toks47
))
(/usr/local/texlive/2026/texmf-dist/tex/generic/pgf/frontendlayer/tikz/tikz.cod
e.tex
Package: tikz 2025-08-29 v3.1.11a (3.1.11a)

(/usr/local/texlive/2026/texmf-dist/tex/generic/pgf/libraries/pgflibraryplothan
dlers.code.tex
File: pgflibraryplothandlers.code.tex 2025-08-29 v3.1.11a (3.1.11a)
\pgf@plot@mark@count=\count500
\pgfplotmarksize=\dimen301
)
\tikz@lastx=\dimen302
\tikz@lasty=\dimen303
\tikz@lastxsaved=\dimen304
\tikz@lastysaved=\dimen305
\tikz@lastmovetox=\dimen306
\tikz@lastmovetoy=\dimen307
\tikzleveldistance=\dimen308
\tikzsiblingdistance=\dimen309
\tikz@figbox=\box67
\tikz@figbox@bg=\box68
\tikz@tempbox=\box69
\tikz@tempbox@bg=\box70
\tikztreelevel=\count501
\tikznumberofchildren=\count502
\tikznumberofcurrentchild=\count503
\tikz@fig@count=\count504

(/usr/local/texlive/2026/texmf-dist/tex/generic/pgf/modules/pgfmodulematrix.cod
e.tex
File: pgfmodulematrix.code.tex 2025-08-29 v3.1.11a (3.1.11a)
\pgfmatrixcurrentrow=\count505
\pgfmatrixcurrentcolumn=\count506
\pgf@matrix@numberofcolumns=\count507
)
\tikz@expandcount=\count508

(/usr/local/texlive/2026/texmf-dist/tex/generic/pgf/frontendlayer/tikz/librarie
s/tikzlibrarytopaths.code.tex
File: tikzlibrarytopaths.code.tex 2025-08-29 v3.1.11a (3.1.11a)
)))
(/usr/local/texlive/2026/texmf-dist/tex/generic/pgf/frontendlayer/tikz/librarie
s/tikzlibrarypositioning.code.tex
File: tikzlibrarypositioning.code.tex 2025-08-29 v3.1.11a (3.1.11a)
)
(/usr/local/texlive/2026/texmf-dist/tex/latex/tools/calc.sty
Package: calc 2025/03/01 v4.3b Infix arithmetic (KKT,FJ)
\calc@Acount=\count509
\calc@Bcount=\count510
\calc@Adimen=\dimen310
\calc@Bdimen=\dimen311
\calc@Askip=\skip102
\calc@Bskip=\skip103
LaTeX Info: Redefining \setlength on input line 86.
LaTeX Info: Redefining \addtolength on input line 87.
\calc@Ccount=\count511
\calc@Cskip=\skip104
)
\c@@todonotes@numberoftodonotes=\count512
)
(/usr/local/texlive/2026/texmf-dist/tex/latex/float/float.sty
Package: float 2001/11/08 v1.3d Float enhancements (AL)
\c@float@type=\count513
\float@exts=\toks48
\float@box=\box71
\@float@everytoks=\toks49
\@floatcapt=\box72
)
(/usr/local/texlive/2026/texmf-dist/tex/latex/multirow/multirow.sty
Package: multirow 2024/11/12 v2.9 Span multiple rows of a table
\multirow@colwidth=\skip105
\multirow@cntb=\count514
\multirow@dima=\skip106
\bigstrutjot=\dimen312
)
(/usr/local/texlive/2026/texmf-dist/tex/generic/soul/soul.sty
Package: soul 2026-03-06 v3.2 Permit use of UTF-8 characters in soul (HO)

(/usr/local/texlive/2026/texmf-dist/tex/generic/soul/soul-ori.sty
Package: soul-ori 2026-03-06 v3.2 letterspacing/underlining (mf)
\SOUL@word=\toks50
\SOUL@lasttoken=\toks51
\SOUL@syllable=\toks52
\SOUL@cmds=\toks53
\SOUL@buffer=\toks54
\SOUL@token=\toks55
\SOUL@syllgoal=\dimen313
\SOUL@syllwidth=\dimen314
\SOUL@charkern=\dimen315
\SOUL@hyphkern=\dimen316
\SOUL@dimen=\dimen317
\SOUL@dimeni=\dimen318
\SOUL@minus=\count515
\SOUL@comma=\count516
\SOUL@apo=\count517
\SOUL@grave=\count518
\SOUL@spaceskip=\skip107
\SOUL@ttwidth=\dimen319
\SOUL@uldp=\dimen320
\SOUL@ulht=\dimen321
)
(/usr/local/texlive/2026/texmf-dist/tex/generic/etexcmds/etexcmds.sty
Package: etexcmds 2019/12/15 v1.7 Avoid name clashes with e-TeX commands (HO)
))
(/usr/local/texlive/2026/texmf-dist/tex/latex/colortbl/colortbl.sty
Package: colortbl 2024/10/29 v1.0k Color table columns (DPC)
\everycr=\toks56
\minrowclearance=\skip108
\rownum=\count519
)
(/usr/local/texlive/2026/texmf-dist/tex/latex/changepage/changepage.sty
Package: changepage 2009/10/20 v1.0c check page and change page layout
\c@cp@cntr=\count520
\cp@tempcnt=\count521
)
(/usr/local/texlive/2026/texmf-dist/tex/latex/threeparttable/threeparttable.sty
Package: threeparttable 2003/06/13  v 3.0
\@tempboxb=\box73
) (/usr/local/texlive/2026/texmf-dist/tex/latex/tools/longtable.sty
Package: longtable 2025-10-13 v4.24 Multi-page Table package (DPC)
\LTleft=\skip109
\LTright=\skip110
\LTpre=\skip111
\LTpost=\skip112
\LTchunksize=\count522
\LTcapwidth=\dimen322
\LT@head=\box74
\LT@firsthead=\box75
\LT@foot=\box76
\LT@lastfoot=\box77
\LT@gbox=\box78
\LT@cols=\count523
\LT@rows=\count524
\c@LT@tables=\count525
\c@LT@chunks=\count526
\LT@p@ftn=\toks57
)
Class scrbook Info: longtable captions redefined on input line 34.

(/usr/local/texlive/2026/texmf-dist/tex/latex/listings/listings.sty
\lst@mode=\count527
\lst@gtempboxa=\box79
\lst@token=\toks58
\lst@length=\count528
\lst@currlwidth=\dimen323
\lst@column=\count529
\lst@pos=\count530
\lst@lostspace=\dimen324
\lst@width=\dimen325
\lst@newlines=\count531
\lst@lineno=\count532
\lst@maxwidth=\dimen326

(/usr/local/texlive/2026/texmf-dist/tex/latex/listings/lstpatch.sty
File: lstpatch.sty 2025/11/14 1.11b (Carsten Heinz)
)
(/usr/local/texlive/2026/texmf-dist/tex/latex/listings/lstmisc.sty
File: lstmisc.sty 2025/11/14 1.11b (Carsten Heinz)
\c@lstnumber=\count533
\lst@skipnumbers=\count534
\lst@framebox=\box80
)
(/usr/local/texlive/2026/texmf-dist/tex/latex/listings/listings.cfg
File: listings.cfg 2025/11/14 1.11b listings configuration
))
Package: listings 2025/11/14 1.11b (Carsten Heinz)

==> First Aid for listings.sty no longer applied!
    Expected:
        2024/09/23 1.10c (Carsten Heinz)
    but found:
        2025/11/14 1.11b (Carsten Heinz)
    so I'm assuming it got fixed.
(/usr/local/texlive/2026/texmf-dist/tex/latex/minted/minted.sty
Package: minted 2026/03/03 v3.8.0 Yet another Pygments shim for LaTeX

(/usr/local/texlive/2026/texmf-dist/tex/generic/catchfile/catchfile.sty
Package: catchfile 2019/12/09 v1.8 Catch the contents of a file (HO)
)
(/usr/local/texlive/2026/texmf-dist/tex/latex/fvextra/fvextra.sty
Package: fvextra 2026/02/25 v1.14.0 fvextra - extensions and patches for fancyv
rb

(/usr/local/texlive/2026/texmf-dist/tex/latex/fancyvrb/fancyvrb.sty
Package: fancyvrb 2025/07/28 4.6 verbatim text (tvz,hv)
\FV@CodeLineNo=\count535
\FV@InFile=\read6
\FV@TabBox=\box81
\c@FancyVerbLine=\count536
\FV@StepNumber=\count537
\FV@OutFile=\write5
)
(/usr/local/texlive/2026/texmf-dist/tex/latex/upquote/upquote.sty
Package: upquote 2012/04/19 v1.3 upright-quote and grave-accent glyphs in verba
tim
)
(/usr/local/texlive/2026/texmf-dist/tex/latex/lineno/lineno.sty
Package: lineno 2026/03/08 line numbers on paragraphs v5.9
\linenopenalty=\count538
\output=\toks59
\linenoprevgraf=\count539
\linenumbersep=\dimen327
\linenumberwidth=\dimen328
\c@linenumber=\count540
\c@pagewiselinenumber=\count541
\c@LN@truepage=\count542
\c@internallinenumber=\count543
\c@internallinenumbers=\count544
\quotelinenumbersep=\dimen329
\bframerule=\dimen330
\bframesep=\dimen331
\bframebox=\box82
\@LN@amsmath@ams@eqpen=\count545


LaTeX Warning: Command \@parboxrestore  has changed.
               Check if current package is valid.

)

Package fvextra Warning: csquotes should be loaded after fvextra, to avoid a wa
rning from the lineno package on input line 36.

\c@FancyVerbWriteLine=\count546
\c@FancyVerbBufferLine=\count547
\c@FV@TrueTabGroupLevel=\count548
\c@FV@TrueTabCounter=\count549
\FV@TabBox@Group=\box83
\FV@bgcolorstructbox=\box84
\FV@TmpLength=\skip113
\c@FV@HighlightLinesStart=\count550
\c@FV@HighlightLinesStop=\count551
\FV@LoopCount=\count552
\FV@NCharsBox=\box85
\FV@BreakIndent=\dimen332
\FV@BreakIndentNChars=\count553
\FV@BreakSymbolSepLeft=\dimen333
\FV@BreakSymbolSepLeftNChars=\count554
\FV@BreakSymbolSepRight=\dimen334
\FV@BreakSymbolSepRightNChars=\count555
\FV@BreakSymbolIndentLeft=\dimen335
\FV@BreakSymbolIndentLeftNChars=\count556
\FV@BreakSymbolIndentRight=\dimen336
\FV@BreakSymbolIndentRightNChars=\count557
\c@FancyVerbLineBreakLast=\count558
\FV@LineBox=\box86
\FV@LineIndentBox=\box87
\c@FV@BreakBufferDepth=\count559
\FV@LineWidth=\dimen337
) (/usr/local/texlive/2026/texmf-dist/tex/latex/latex2pydata/latex2pydata.sty
Package: latex2pydata 2026/02/25 v0.7.0 latex2pydata - write data to file in Py
thon literal format
)
(/usr/local/texlive/2026/texmf-dist/tex/latex/pgfopts/pgfopts.sty
Package: pgfopts 2014/07/10 v2.1a LaTeX package options with pgfkeys
\pgfopts@list@add@a@toks=\toks60
\pgfopts@list@add@b@toks=\toks61
)
(/usr/local/texlive/2026/texmf-dist/tex/latex/tools/shellesc.sty
Package: shellesc 2023/07/08 v1.0d unified shell escape interface for LaTeX
Package shellesc Info: Unrestricted shell escape enabled on input line 75.
)
\c@minted@FancyVerbLineTemp=\count560
\@float@every@listing=\toks62
\c@listing=\count561
)
(/usr/local/texlive/2026/texmf-dist/tex/latex/siunitx/siunitx.sty
Package: siunitx 2025-07-09 v3.4.14 A comprehensive (SI) units package
\l__siunitx_number_uncert_offset_int=\count562
\l__siunitx_number_exponent_fixed_int=\count563
\l__siunitx_number_min_decimal_int=\count564
\l__siunitx_number_min_integer_int=\count565
\l__siunitx_number_round_precision_int=\count566
\l__siunitx_number_lower_threshold_int=\count567
\l__siunitx_number_upper_threshold_int=\count568
\l__siunitx_number_group_first_int=\count569
\l__siunitx_number_group_size_int=\count570
\l__siunitx_number_group_minimum_int=\count571
\l__siunitx_angle_tmp_dim=\dimen338
\l__siunitx_angle_marker_box=\box88
\l__siunitx_angle_unit_box=\box89
\l__siunitx_compound_count_int=\count572

(/usr/local/texlive/2026/texmf-dist/tex/latex/translations/translations.sty
Package: translations 2022/02/05 v1.12 internationalization of LaTeX2e packages
 (CN)
)
\l__siunitx_table_tmp_box=\box90
\l__siunitx_table_tmp_dim=\dimen339
\l__siunitx_table_column_width_dim=\dimen340
\l__siunitx_table_integer_box=\box91
\l__siunitx_table_decimal_box=\box92
\l__siunitx_table_uncert_box=\box93
\l__siunitx_table_before_box=\box94
\l__siunitx_table_after_box=\box95
\l__siunitx_table_before_dim=\dimen341
\l__siunitx_table_carry_dim=\dimen342
\l__siunitx_unit_tmp_int=\count573
\l__siunitx_unit_position_int=\count574
\l__siunitx_unit_total_int=\count575
)
(/usr/local/texlive/2026/texmf-dist/tex/latex/cleveref/cleveref.sty
Package: cleveref 2018/03/27 v0.21.4 Intelligent cross-referencing
Package cleveref Info: `hyperref' support loaded on input line 2370.
LaTeX Info: Redefining \cref on input line 2370.
LaTeX Info: Redefining \Cref on input line 2370.
LaTeX Info: Redefining \crefrange on input line 2370.
LaTeX Info: Redefining \Crefrange on input line 2370.
LaTeX Info: Redefining \cpageref on input line 2370.
LaTeX Info: Redefining \Cpageref on input line 2370.
LaTeX Info: Redefining \cpagerefrange on input line 2370.
LaTeX Info: Redefining \Cpagerefrange on input line 2370.
LaTeX Info: Redefining \labelcref on input line 2370.
LaTeX Info: Redefining \labelcpageref on input line 2370.
Package cleveref Info: `listings' support loaded on input line 3131.
Package cleveref Info: always capitalise cross-reference names on input line 78
25.
Package cleveref Info: include cross-reference names in hyperlinks on input lin
e 7836.
Package cleveref Info: include cross-reference names in hyperlinks on input lin
e 7852.
Package cleveref Info: always capitalise cross-reference names on input line 78
52.
)
==> First Aid for cleveref.sty applied!
(./thesis_meta.tex)
\@indexfile=\write6
\openout6 = `master.idx'.


Writing index file master.idx
LaTeX Font Info:    Trying to load font information for T1+phv on input line 72
.
(/usr/local/texlive/2026/texmf-dist/tex/latex/psnfss/t1phv.fd
File: t1phv.fd 2020/03/25 scalable font definitions for T1/phv.
)
LaTeX Font Info:    Font shape `T1/phv/m/n' will be
(Font)              scaled to size 11.03998pt on input line 72.
Class scrbook Info: loading recommended package `bookmark'.
(scrbook)           Using `bookmark' together with `hyperref' is recommended,
(scrbook)           because of handling of possible bookmark level gaps.
(scrbook)           You can avoid loading `bookmark' with KOMA-Script option
(scrbook)           `bookmarkpackage=false' before \begin{document} and
(scrbook)           you can avoid this message adding:
(scrbook)             \usepackage{bookmark}
(scrbook)           before \begin{document} on input line 72.

(/usr/local/texlive/2026/texmf-dist/tex/latex/bookmark/bookmark.sty
Package: bookmark 2023-12-10 v1.31 PDF bookmarks (HO)

(/usr/local/texlive/2026/texmf-dist/tex/latex/bookmark/bkm-pdftex.def
File: bkm-pdftex.def 2023-12-10 v1.31 bookmark driver for pdfTeX and luaTeX (HO
)
\BKM@id=\count576
))
Package csquotes Info: Checking for multilingual support...
Package csquotes Info: ... found 'babel' package.
Package csquotes Info: Adjusting default style.
Package csquotes Info: Redefining alias 'default' -> 'english'.

(./master.aux
(/usr/local/texlive/2026/texmf-dist/tex/generic/babel/locale/invalid/babel-nger
man.tex)
Package babel Info: Importing data for ngerman
(babel)             from babel-de.ini. Reported on input line 855.
)
\openout1 = `master.aux'.

LaTeX Font Info:    Checking defaults for OML/ntxmi/m/it on input line 72.
LaTeX Font Info:    Trying to load font information for OML+ntxmi on input line
 72.
 (/usr/local/texlive/2026/texmf-dist/tex/latex/newtx/omlntxmi.fd
File: omlntxmi.fd 2015/08/25 Fontinst v1.933 font definitions for OML/ntxmi.
)
LaTeX Font Info:    ... okay on input line 72.
LaTeX Font Info:    Checking defaults for OMS/cmsy/m/n on input line 72.
LaTeX Font Info:    ... okay on input line 72.
LaTeX Font Info:    Checking defaults for OT1/cmr/m/n on input line 72.
LaTeX Font Info:    ... okay on input line 72.
LaTeX Font Info:    Checking defaults for T1/cmr/m/n on input line 72.
LaTeX Font Info:    ... okay on input line 72.
LaTeX Font Info:    Checking defaults for TS1/cmr/m/n on input line 72.
LaTeX Font Info:    ... okay on input line 72.
LaTeX Font Info:    Checking defaults for OMX/cmex/m/n on input line 72.
LaTeX Font Info:    ... okay on input line 72.
LaTeX Font Info:    Checking defaults for U/ntxexa/m/n on input line 72.
LaTeX Font Info:    Trying to load font information for U+ntxexa on input line 
72.

(/usr/local/texlive/2026/texmf-dist/tex/latex/newtx/untxexa.fd
File: untxexa.fd 2012/04/16 Fontinst v1.933 font definitions for U/ntxexa.
)
LaTeX Font Info:    ... okay on input line 72.
LaTeX Font Info:    Checking defaults for LMS/ntxsy/m/n on input line 72.
LaTeX Font Info:    Trying to load font information for LMS+ntxsy on input line
 72.

(/usr/local/texlive/2026/texmf-dist/tex/latex/newtx/lmsntxsy.fd
File: lmsntxsy.fd 2016/07/02 Fontinst v1.933 font definitions for LMS/ntxsy.
)
LaTeX Font Info:    ... okay on input line 72.
LaTeX Font Info:    Checking defaults for LMX/ntxexx/m/n on input line 72.
LaTeX Font Info:    Trying to load font information for LMX+ntxexx on input lin
e 72.

(/usr/local/texlive/2026/texmf-dist/tex/latex/newtx/lmxntxexx.fd
File: lmxntxexx.fd 2016/07/03 Fontinst v1.933 font definitions for LMX/ntxexx.
)
LaTeX Font Info:    ... okay on input line 72.
LaTeX Font Info:    Checking defaults for PD1/pdf/m/n on input line 72.
LaTeX Font Info:    ... okay on input line 72.
LaTeX Font Info:    Checking defaults for PU/pdf/m/n on input line 72.
LaTeX Font Info:    ... okay on input line 72.
Package scrbase Info: activating english \partname on input line 72.
Package scrbase Info: activating english \chaptername on input line 72.
Package scrbase Info: activating english \appendixname on input line 72.
Package scrbase Info: activating english \figurename on input line 72.
Package scrbase Info: activating english \tablename on input line 72.
Package scrbase Info: activating english \contentsname on input line 72.
Package scrbase Info: activating english \listfigurename on input line 72.
Package scrbase Info: activating english \listtablename on input line 72.
Package scrbase Info: activating english \bibname on input line 72.
Package scrbase Info: activating english \indexname on input line 72.
LaTeX Info: Redefining \microtypecontext on input line 72.
Package microtype Info: Applying patch `item' on input line 72.
Package microtype Info: Applying patch `toc' on input line 72.
Package microtype Info: Applying patch `eqnum' on input line 72.
Package microtype Info: Applying patch `footnote' on input line 72.
Package microtype Info: Applying patch `verbatim' on input line 72.
LaTeX Info: Redefining \microtypesetup on input line 72.
Package microtype Info: Generating PDF output.
Package microtype Info: Character protrusion enabled (level 2).
Package microtype Info: Using default protrusion set `alltext'.
Package microtype Info: Automatic font expansion enabled (level 2),
(microtype)             stretch: 20, shrink: 20, step: 1, non-selected.
Package microtype Info: Using default expansion set `alltext-nott'.
Package microtype Info: Patching command `\showhyphens'.
Package microtype Info: Tracking enabled.
Package microtype Info: Using default tracking set `smallcaps'.
Package microtype Info: No adjustment of interword spacing.
Package microtype Info: No adjustment of character kerning.
Package microtype Info: Redefining babel's language switching commands.
Package microtype Info: Loading generic protrusion settings for font family
(microtype)             `phv' (encoding: T1).
(microtype)             For optimal results, create family-specific settings.
(microtype)             See the microtype manual for details.

(/usr/local/texlive/2026/texmf-dist/tex/context/base/mkii/supp-pdf.mkii
[Loading MPS to PDF converter (version 2006.09.02).]
\scratchcounter=\count577
\scratchdimen=\dimen343
\scratchbox=\box96
\nofMPsegments=\count578
\nofMParguments=\count579
\everyMPshowfont=\toks63
\MPscratchCnt=\count580
\MPscratchDim=\dimen344
\MPnumerator=\count581
\makeMPintoPDFobject=\count582
\everyMPtoPDFconversion=\toks64
) (/usr/local/texlive/2026/texmf-dist/tex/latex/epstopdf-pkg/epstopdf-base.sty
Package: epstopdf-base 2020-01-24 v2.11 Base part for package epstopdf

(/usr/local/texlive/2026/texmf-dist/tex/latex/grfext/grfext.sty
Package: grfext 2019/12/03 v1.3 Manage graphics extensions (HO)
)
Package epstopdf-base Info: Redefining graphics rule for `.eps' on input line 4
85.
Package grfext Info: Graphics extension search list:
(grfext)             [.pdf,.png,.jpg,.mps,.jpeg,.jbig2,.jb2,.PDF,.PNG,.JPG,.JPE
G,.JBIG2,.JB2,.eps]
(grfext)             \AppendGraphicsExtensions on input line 504.

(/usr/local/texlive/2026/texmf-dist/tex/latex/latexconfig/epstopdf-sys.cfg
File: epstopdf-sys.cfg 2010/07/13 v1.3 Configuration of (r)epstopdf for TeX Liv
e
))
\c@mv@tabular=\count583
\c@mv@boldtabular=\count584
LaTeX Info: Command `\dddot' is already robust on input line 72.
LaTeX Info: Command `\ddddot' is already robust on input line 72.
Package hyperref Info: Link coloring ON on input line 72.
Package biblatex Info: Trying to load language 'english' -> 'english-apa'...
Package biblatex Info: ... file 'english-apa.lbx' found.

(/usr/local/texlive/2026/texmf-dist/tex/latex/biblatex-apa/english-apa.lbx
File: english-apa.lbx 2025/08/27 v9.20 APA biblatex localisation
Package biblatex Info: Trying to load language 'english'...
Package biblatex Info: ... file 'english.lbx' found.

(/usr/local/texlive/2026/texmf-dist/tex/latex/biblatex/lbx/english.lbx
File: english.lbx 2025/07/10 v3.21 biblatex localization (PK/MW)
)
Package biblatex Info: Trying to load language 'american' -> 'american-apa'...
Package biblatex Info: ... file 'american-apa.lbx' found.

(/usr/local/texlive/2026/texmf-dist/tex/latex/biblatex-apa/american-apa.lbx
File: american-apa.lbx 2025/08/27 v9.20 APA biblatex localisation
Package biblatex Info: Trying to load language 'american'...
Package biblatex Info: ... file 'american.lbx' found.

(/usr/local/texlive/2026/texmf-dist/tex/latex/biblatex/lbx/american.lbx
File: american.lbx 2025/07/10 v3.21 biblatex localization (PK/MW)
Package biblatex Info: Trying to load language 'english'...
Package biblatex Info: ... file 'english.lbx' found.

(/usr/local/texlive/2026/texmf-dist/tex/latex/biblatex/lbx/english.lbx
File: english.lbx 2025/07/10 v3.21 biblatex localization (PK/MW)
))))
Package biblatex Info: Trying to load language 'ngerman' -> 'ngerman-apa'...
Package biblatex Info: ... file 'ngerman-apa.lbx' found.

(/usr/local/texlive/2026/texmf-dist/tex/latex/biblatex-apa/ngerman-apa.lbx
File: ngerman-apa.lbx 2025/08/27 v9.20 APA biblatex localisation
Package biblatex Info: Trying to load language 'ngerman'...
Package biblatex Info: ... file 'ngerman.lbx' found.

(/usr/local/texlive/2026/texmf-dist/tex/latex/biblatex/lbx/ngerman.lbx
File: ngerman.lbx 2025/07/10 v3.21 biblatex localization (PK/MW)
Package biblatex Info: Trying to load language 'german' -> 'german-apa'...
Package biblatex Info: ... file 'german-apa.lbx' found.

(/usr/local/texlive/2026/texmf-dist/tex/latex/biblatex-apa/german-apa.lbx
File: german-apa.lbx 2025/08/27 v9.20 APA biblatex localisation
Package biblatex Info: Trying to load language 'german'...
Package biblatex Info: ... file 'german.lbx' found.

(/usr/local/texlive/2026/texmf-dist/tex/latex/biblatex/lbx/german.lbx
File: german.lbx 2025/07/10 v3.21 biblatex localization (PK/MW)
)))
Package biblatex Info: Trying to load language 'ngerman'...
Package biblatex Info: ... file 'ngerman.lbx' found.

(/usr/local/texlive/2026/texmf-dist/tex/latex/biblatex/lbx/ngerman.lbx
File: ngerman.lbx 2025/07/10 v3.21 biblatex localization (PK/MW)
Package biblatex Info: Trying to load language 'german' -> 'german-apa'...
Package biblatex Info: ... file 'german-apa.lbx' found.

(/usr/local/texlive/2026/texmf-dist/tex/latex/biblatex-apa/german-apa.lbx
File: german-apa.lbx 2025/08/27 v9.20 APA biblatex localisation
Package biblatex Info: Trying to load language 'german'...
Package biblatex Info: ... file 'german.lbx' found.

(/usr/local/texlive/2026/texmf-dist/tex/latex/biblatex/lbx/german.lbx
File: german.lbx 2025/07/10 v3.21 biblatex localization (PK/MW)
))))
Package biblatex Info: Input encoding 'utf8' detected.
Package biblatex Info: Automatic encoding selection.
(biblatex)             Assuming data encoding 'utf8'.
\openout3 = `master.bcf'.

Package biblatex Info: Trying to load bibliographic data...
Package biblatex Info: ... file 'master.bbl' found.

(./master.bbl)
Package biblatex Info: Reference section=0 on input line 72.
Package biblatex Info: Reference segment=0 on input line 72.


Package todonotes Warning: The length marginparwidth is less than 2cm and will 
most likely cause issues with the appearance of inserted todonotes. The issue c
an be solved by adding a line like \setlength {\marginparwidth }{2cm} prior to 
loading the todonotes package. on input line 72.

\c@lstlisting=\count585
Package tocbasic Info: setting babel extension for `lol' on input line 72.
\scr@dte@lstlisting@maxnumwidth=\skip114

(/usr/local/texlive/2026/texmf-dist/tex/latex/translations/translations-basic-d
ictionary-english.trsl
File: translations-basic-dictionary-english.trsl (english translation file `tra
nslations-basic-dictionary')
)
Package translations Info: loading dictionary `translations-basic-dictionary' f
or `english'. on input line 72.
<static/Logo_HHU_+Name_EN_horizontal_rgb_+Safezone.png, id=7, 1163.7879pt x 444
.7014pt>
File: static/Logo_HHU_+Name_EN_horizontal_rgb_+Safezone.png Graphic file (type 
png)
<use static/Logo_HHU_+Name_EN_horizontal_rgb_+Safezone.png>
Package pdftex.def Info: static/Logo_HHU_+Name_EN_horizontal_rgb_+Safezone.png 
 used on input line 76.
(pdftex.def)             Requested size: 225.34384pt x 86.10233pt.
<static/UniversitaetzuKoelnLogoENG.jpg, id=8, 2273.8551pt x 1003.8303pt>
File: static/UniversitaetzuKoelnLogoENG.jpg Graphic file (type jpg)
<use static/UniversitaetzuKoelnLogoENG.jpg>
Package pdftex.def Info: static/UniversitaetzuKoelnLogoENG.jpg  used on input l
ine 76.
(pdftex.def)             Requested size: 225.34384pt x 99.46988pt.
LaTeX Font Info:    Font shape `T1/phv/b/n' will be
(Font)              scaled to size 11.03998pt on input line 76.
LaTeX Font Info:    Font shape `T1/phv/b/n' will be
(Font)              scaled to size 22.88956pt on input line 76.
LaTeX Font Info:    Font shape `T1/phv/b/n' will be
(Font)              scaled to size 15.89755pt on input line 76.
LaTeX Font Info:    Font shape `T1/phv/m/n' will be
(Font)              scaled to size 15.89755pt on input line 76.
LaTeX Font Info:    Trying to load font information for OT1+minntx on input lin
e 76.

(/usr/local/texlive/2026/texmf-dist/tex/latex/newtx/ot1minntx.fd
File: ot1minntx.fd 2023/09/09 v1.1 font definition file for OT1/minntx
)
LaTeX Font Info:    Font shape `OT1/minntx/m/n' will be
(Font)              scaled to size 12.0pt on input line 76.
Package microtype Info: Loading generic protrusion settings for font family
(microtype)             `minntx' (encoding: OT1).
(microtype)             For optimal results, create family-specific settings.
(microtype)             See the microtype manual for details.
LaTeX Font Info:    Font shape `OT1/minntx/m/n' will be
(Font)              scaled to size 8.8pt on input line 76.
LaTeX Font Info:    Font shape `OT1/minntx/m/n' will be
(Font)              scaled to size 6.6pt on input line 76.
LaTeX Font Info:    Font shape `OML/ntxmi/m/it' will be
(Font)              scaled to size 12.0pt on input line 76.
LaTeX Font Info:    Font shape `OML/ntxmi/m/it' will be
(Font)              scaled to size 8.8pt on input line 76.
LaTeX Font Info:    Font shape `OML/ntxmi/m/it' will be
(Font)              scaled to size 6.6pt on input line 76.
LaTeX Font Info:    Font shape `LMS/ntxsy/m/n' will be
(Font)              scaled to size 12.0pt on input line 76.
LaTeX Font Info:    Font shape `LMS/ntxsy/m/n' will be
(Font)              scaled to size 8.8pt on input line 76.
LaTeX Font Info:    Font shape `LMS/ntxsy/m/n' will be
(Font)              scaled to size 6.6pt on input line 76.
LaTeX Font Info:    Font shape `LMX/ntxexx/m/n' will be
(Font)              scaled to size 12.0pt on input line 76.
LaTeX Font Info:    Font shape `LMX/ntxexx/m/n' will be
(Font)              scaled to size 8.8pt on input line 76.
LaTeX Font Info:    Font shape `LMX/ntxexx/m/n' will be
(Font)              scaled to size 6.6pt on input line 76.
LaTeX Font Info:    Trying to load font information for U+ntxmia on input line 
76.

(/usr/local/texlive/2026/texmf-dist/tex/latex/newtx/untxmia.fd
File: untxmia.fd 2024/04/09 Fontinst v1.933 font definitions for U/ntxmia.
)
LaTeX Font Info:    Font shape `U/ntxmia/m/it' will be
(Font)              scaled to size 12.0pt on input line 76.
LaTeX Font Info:    Font shape `U/ntxmia/m/it' will be
(Font)              scaled to size 8.8pt on input line 76.
LaTeX Font Info:    Font shape `U/ntxmia/m/it' will be
(Font)              scaled to size 6.6pt on input line 76.
LaTeX Font Info:    Trying to load font information for U+ntxsym on input line 
76.

(/usr/local/texlive/2026/texmf-dist/tex/latex/newtx/untxsym.fd
File: untxsym.fd 2023/08/16 Fontinst v1.933 font definitions for U/ntxsym.
)
LaTeX Font Info:    Font shape `U/ntxsym/m/n' will be
(Font)              scaled to size 12.0pt on input line 76.
LaTeX Font Info:    Font shape `U/ntxsym/m/n' will be
(Font)              scaled to size 8.8pt on input line 76.
LaTeX Font Info:    Font shape `U/ntxsym/m/n' will be
(Font)              scaled to size 6.6pt on input line 76.
LaTeX Font Info:    Trying to load font information for U+ntxsyc on input line 
76.

(/usr/local/texlive/2026/texmf-dist/tex/latex/newtx/untxsyc.fd
File: untxsyc.fd 2012/04/12 Fontinst v1.933 font definitions for U/ntxsyc.
)
LaTeX Font Info:    Font shape `U/ntxsyc/m/n' will be
(Font)              scaled to size 12.0pt on input line 76.
LaTeX Font Info:    Font shape `U/ntxsyc/m/n' will be
(Font)              scaled to size 8.8pt on input line 76.
LaTeX Font Info:    Font shape `U/ntxsyc/m/n' will be
(Font)              scaled to size 6.6pt on input line 76.
LaTeX Font Info:    Font shape `U/ntxexa/m/n' will be
(Font)              scaled to size 12.0pt on input line 76.
LaTeX Font Info:    Font shape `U/ntxexa/m/n' will be
(Font)              scaled to size 8.8pt on input line 76.
LaTeX Font Info:    Font shape `U/ntxexa/m/n' will be
(Font)              scaled to size 6.6pt on input line 76.
 [1




{/usr/local/texlive/2026/texmf-var/fonts/map/pdftex/updmap/pdftex.map}{/usr/loc
al/texlive/2026/texmf-dist/fonts/enc/dvips/base/8r.enc} <./static/Logo_HHU_+Nam
e_EN_horizontal_rgb_+Safezone.png

pdfTeX warning: /Library/TeX/texbin/pdflatex (file ./static/Logo_HHU_+Name_EN_h
orizontal_rgb_+Safezone.png): large interlaced PNG might cause out of memory (u
se non-interlaced PNG to fix this)
> <./static/UniversitaetzuKoelnLogoENG.jpg>] (./abstract.tex
LaTeX Font Info:    Font shape `T1/phv/m/n' will be
(Font)              scaled to size 22.88956pt on input line 3.
LaTeX Font Info:    Font shape `T1/phv/m/it' in size <12> not available
(Font)              Font shape `T1/phv/m/sl' tried instead on input line 6.
LaTeX Font Info:    Font shape `T1/phv/m/sl' will be
(Font)              scaled to size 11.03998pt on input line 6.
)
Overfull \vbox (1.76944pt too high) has occurred while \output is active []


[2


]
Package tocbasic Info: character protrusion at toc deactivated on input line 83
.
 (./master.toc
Package cleveref Info: loaded `english' language definitions on input line 1.
 [3


]
Package cleveref Info: loaded `english' language definitions on input line 62.
Package cleveref Info: loaded `english' language definitions on input line 64.
)
\tf@toc=\write7
\openout7 = `master.toc'.

Package cleveref Info: loaded `english' language definitions on input line 85.

Overfull \vbox (1.76944pt too high) has occurred while \output is active []


[4]
Package tocbasic Info: character protrusion at lof deactivated on input line 85
.
 (./master.lof
Package cleveref Info: loaded `english' language definitions on input line 1.
Package cleveref Info: loaded `english' language definitions on input line 27.
Package cleveref Info: loaded `english' language definitions on input line 29.
)
\tf@lof=\write8
\openout8 = `master.lof'.

 [5


]
Package tocbasic Info: character protrusion at lot deactivated on input line 87
.
 (./master.lot
Package cleveref Info: loaded `english' language definitions on input line 1.
Package cleveref Info: loaded `english' language definitions on input line 19.
Package cleveref Info: loaded `english' language definitions on input line 21.
)
\tf@lot=\write9
\openout9 = `master.lot'.

 [6


] (./intro.tex
chapter 1.

Underfull \hbox (badness 10000) in paragraph at lines 3--5

 []


Underfull \hbox (badness 10000) in paragraph at lines 7--9

 []

LaTeX Font Info:    Font shape `T1/phv/m/n' will be
(Font)              scaled to size 8.09598pt on input line 11.

Underfull \hbox (badness 10000) in paragraph at lines 11--13

 []

[1





]
Underfull \hbox (badness 10000) in paragraph at lines 15--17

 []


Underfull \hbox (badness 10000) in paragraph at lines 19--21

 []

Package cleveref Info: loaded `english' language definitions on input line 24.

Overfull \vbox (1.76944pt too high) has occurred while \output is active []


[2]
<fig/Graphical_abstract.png, id=228, 597.6729pt x 676.2063pt>
File: fig/Graphical_abstract.png Graphic file (type png)
<use fig/Graphical_abstract.png>
Package pdftex.def Info: fig/Graphical_abstract.png  used on input line 36.
(pdftex.def)             Requested size: 469.47052pt x 531.16362pt.
) (./background.tex
Package cleveref Info: loaded `english' language definitions on input line 1.

Overfull \vbox (1.76944pt too high) has occurred while \output is active []


[3]
Package cleveref Info: loaded `english' language definitions on input line 1.

Overfull \vbox (1.76944pt too high) has occurred while \output is active []


[4
pdfTeX warning (ext4): destination with the same identifier (name{figure.1.1}) 
has been already used, duplicate ignored
<argument> ...shipout:D \box_use:N \l_shipout_box 
                                                  \__shipout_drop_firstpage_...
l.1 \chapter
            {Background} <./fig/Graphical_abstract.png>]
chapter 2.
LaTeX Font Info:    Font shape `T1/phv/b/n' will be
(Font)              scaled to size 13.24796pt on input line 6.
[5


]
<fig/taxonomy_distr.png, id=263, 1373.13pt x 867.24pt>
File: fig/taxonomy_distr.png Graphic file (type png)
<use fig/taxonomy_distr.png>
Package pdftex.def Info: fig/taxonomy_distr.png  used on input line 16.
(pdftex.def)             Requested size: 469.47052pt x 296.4986pt.


LaTeX Warning: `h' float specifier changed to `ht'.


Underfull \hbox (badness 10000) in paragraph at lines 23--26

 []

Package cleveref Info: loaded `english' language definitions on input line 26.

Overfull \vbox (1.76944pt too high) has occurred while \output is active []


[6]
Underfull \hbox (badness 10000) in paragraph at lines 28--30

 []

Package cleveref Info: loaded `english' language definitions on input line 30.

Overfull \vbox (1.76944pt too high) has occurred while \output is active []


[7
pdfTeX warning (ext4): destination with the same identifier (name{figure.2.1}) 
has been already used, duplicate ignored
<argument> ...shipout:D \box_use:N \l_shipout_box 
                                                  \__shipout_drop_firstpage_...
l.30 
     {/usr/local/texlive/2026/texmf-dist/fonts/enc/dvips/newtx/ntx-ot1-tlf.enc}
 <./fig/taxonomy_distr.png>]
Underfull \hbox (badness 10000) in paragraph at lines 32--34

 []

Package cleveref Info: loaded `english' language definitions on input line 38.

Overfull \vbox (1.76944pt too high) has occurred while \output is active []


[8]
<fig/fba_workflow.jpg, id=296, 949.5475pt x 1088.065pt>
File: fig/fba_workflow.jpg Graphic file (type jpg)
<use fig/fba_workflow.jpg>
Package pdftex.def Info: fig/fba_workflow.jpg  used on input line 54.
(pdftex.def)             Requested size: 422.5206pt x 484.1625pt.

Underfull \hbox (badness 10000) in paragraph at lines 67--69

 []

Package cleveref Info: loaded `english' language definitions on input line 71.

Overfull \vbox (1.76944pt too high) has occurred while \output is active []


[9
pdfTeX warning (ext4): destination with the same identifier (name{table.2.1}) h
as been already used, duplicate ignored
<argument> ...shipout:D \box_use:N \l_shipout_box 
                                                  \__shipout_drop_firstpage_...
l.71 A
       variety of tools can be employed to aid the model reconstruction. Car...
]
Package cleveref Info: loaded `english' language definitions on input line 71.

Overfull \vbox (1.76944pt too high) has occurred while \output is active []


[10
pdfTeX warning (ext4): destination with the same identifier (name{figure.2.2}) 
has been already used, duplicate ignored
<argument> ...shipout:D \box_use:N \l_shipout_box 
                                                  \__shipout_drop_firstpage_...
l.71 A
       variety of tools can be employed to aid the model reconstruction. Car...
 <./fig/fba_workflow.jpg>]
LaTeX Font Info:    Font shape `T1/phv/m/n' will be
(Font)              scaled to size 6.07199pt on input line 75.
Package cleveref Info: loaded `english' language definitions on input line 89.

Overfull \vbox (1.76944pt too high) has occurred while \output is active []


[11]
<fig/curation_workflow_linear.png, id=326, 953.5625pt x 367.3725pt>
File: fig/curation_workflow_linear.png Graphic file (type png)
<use fig/curation_workflow_linear.png>
Package pdftex.def Info: fig/curation_workflow_linear.png  used on input line 9
2.
(pdftex.def)             Requested size: 469.47052pt x 180.87175pt.
Package cleveref Info: loaded `english' language definitions on input line 101.


Overfull \vbox (1.76944pt too high) has occurred while \output is active []


[12
pdfTeX warning (ext4): destination with the same identifier (name{figure.2.3}) 
has been already used, duplicate ignored
<argument> ...shipout:D \box_use:N \l_shipout_box 
                                                  \__shipout_drop_firstpage_...
l.101 \subsubsection
                    {MICOM} \label{sec:MICOM} <./fig/curation_workflow_linear.p
ng>]
LaTeX Font Info:    Trying to load font information for T1+pcr on input line 10
4.
 (/usr/local/texlive/2026/texmf-dist/tex/latex/psnfss/t1pcr.fd
File: t1pcr.fd 2001/06/04 font definitions for T1/pcr.
)
Package microtype Info: Loading generic protrusion settings for font family
(microtype)             `pcr' (encoding: T1).
(microtype)             For optimal results, create family-specific settings.
(microtype)             See the microtype manual for details.
)
(./methods.tex
Package cleveref Info: loaded `english' language definitions on input line 1.

Overfull \vbox (1.76944pt too high) has occurred while \output is active []


[13]
chapter 3.
[14


]
Package cleveref Info: loaded `english' language definitions on input line 15.

Overfull \vbox (1.76944pt too high) has occurred while \output is active []


[15]
Package cleveref Info: loaded `english' language definitions on input line 41.

Overfull \vbox (1.76944pt too high) has occurred while \output is active []


[16]
Package cleveref Info: loaded `english' language definitions on input line 50.

Overfull \vbox (1.76944pt too high) has occurred while \output is active []


[17
pdfTeX warning (ext4): destination with the same identifier (name{table.3.1}) h
as been already used, duplicate ignored
<argument> ...shipout:D \box_use:N \l_shipout_box 
                                                  \__shipout_drop_firstpage_...
l.50 \begin{equation}
                     ]) (./results.tex
Package cleveref Info: loaded `english' language definitions on input line 1.

Overfull \vbox (1.76944pt too high) has occurred while \output is active []


[18]
chapter 4.

Underfull \hbox (badness 1655) in paragraph at lines 21--21
\T1/phv/m/n/12 (+20) bal-ances across all
 []


Underfull \hbox (badness 1655) in paragraph at lines 21--21
\T1/phv/m/n/12 (+20) bal-ances across all
 []

[19


]
Underfull \hbox (badness 10000) in paragraph at lines 40--42

 []

Package cleveref Info: loaded `english' language definitions on input line 44.

Overfull \vbox (1.76944pt too high) has occurred while \output is active []


[20
pdfTeX warning (ext4): destination with the same identifier (name{table.4.1}) h
as been already used, duplicate ignored
<argument> ...shipout:D \box_use:N \l_shipout_box 
                                                  \__shipout_drop_firstpage_...
l.44 U
      pon finishing the curation process, the SynComs were assembled using t...

pdfTeX warning (ext4): destination with the same identifier (name{table.4.2}) h
as been already used, duplicate ignored
<argument> ...shipout:D \box_use:N \l_shipout_box 
                                                  \__shipout_drop_firstpage_...
l.44 U
      pon finishing the curation process, the SynComs were assembled using t...
]
Underfull \hbox (badness 10000) in paragraph at lines 48--50

 []

Package cleveref Info: loaded `english' language definitions on input line 54.

Overfull \vbox (1.76944pt too high) has occurred while \output is active []


[21]
Underfull \hbox (badness 10000) in paragraph at lines 57--59

 []

<fig/Individual_growthrates_boxplot_l2pfba_labels.png, id=441, 860.46469pt x 57
0.63188pt>
File: fig/Individual_growthrates_boxplot_l2pfba_labels.png Graphic file (type p
ng)
<use fig/Individual_growthrates_boxplot_l2pfba_labels.png>
Package pdftex.def Info: fig/Individual_growthrates_boxplot_l2pfba_labels.png  
used on input line 66.
(pdftex.def)             Requested size: 469.47052pt x 311.34085pt.
Package cleveref Info: loaded `english' language definitions on input line 70.

Overfull \vbox (1.76944pt too high) has occurred while \output is active []


[22]
Package cleveref Info: loaded `english' language definitions on input line 73.

Overfull \vbox (1.76944pt too high) has occurred while \output is active []


[23
pdfTeX warning (ext4): destination with the same identifier (name{figure.4.1}) 
has been already used, duplicate ignored
<argument> ...shipout:D \box_use:N \l_shipout_box 
                                                  \__shipout_drop_firstpage_...
l.73 \subsection
                {Niche overlap} <./fig/Individual_growthrates_boxplot_l2pfba_la
bels.png>]
Package cleveref Info: loaded `english' language definitions on input line 97.

Overfull \vbox (1.76944pt too high) has occurred while \output is active []


[24
pdfTeX warning (ext4): destination with the same identifier (name{table.4.3}) h
as been already used, duplicate ignored
<argument> ...shipout:D \box_use:N \l_shipout_box 
                                                  \__shipout_drop_firstpage_...
l.97 
     ]
Underfull \hbox (badness 10000) in paragraph at lines 98--100

 []

<fig/Combined_nex_sumflux_heatmap.png, id=462, 1578.3768pt x 1229.3127pt>
File: fig/Combined_nex_sumflux_heatmap.png Graphic file (type png)
<use fig/Combined_nex_sumflux_heatmap.png>
Package pdftex.def Info: fig/Combined_nex_sumflux_heatmap.png  used on input li
ne 105.
(pdftex.def)             Requested size: 469.47052pt x 365.64536pt.
Package cleveref Info: loaded `english' language definitions on input line 109.


Overfull \vbox (1.76944pt too high) has occurred while \output is active []


[25]
Package cleveref Info: loaded `english' language definitions on input line 114.


Overfull \vbox (1.76944pt too high) has occurred while \output is active []


[26
pdfTeX warning (ext4): destination with the same identifier (name{figure.4.2}) 
has been already used, duplicate ignored
<argument> ...shipout:D \box_use:N \l_shipout_box 
                                                  \__shipout_drop_firstpage_...
l.114 
       <./fig/Combined_nex_sumflux_heatmap.png>]
<fig/Combined_balance_nmets_flux_heatmap.png, id=477, 1605.1167pt x 1265.4477pt
>
File: fig/Combined_balance_nmets_flux_heatmap.png Graphic file (type png)
<use fig/Combined_balance_nmets_flux_heatmap.png>
Package pdftex.def Info: fig/Combined_balance_nmets_flux_heatmap.png  used on i
nput line 117.
(pdftex.def)             Requested size: 469.47052pt x 370.11783pt.

Underfull \hbox (badness 10000) in paragraph at lines 123--125

 []

Package cleveref Info: loaded `english' language definitions on input line 125.


Overfull \vbox (1.76944pt too high) has occurred while \output is active []


[27
pdfTeX warning (ext4): destination with the same identifier (name{figure.4.3}) 
has been already used, duplicate ignored
<argument> ...shipout:D \box_use:N \l_shipout_box 
                                                  \__shipout_drop_firstpage_...
l.125 
       <./fig/Combined_balance_nmets_flux_heatmap.png>]
<fig/Dropout_growthrates.png, id=483, 1854.93pt x 1004.25188pt>
File: fig/Dropout_growthrates.png Graphic file (type png)
<use fig/Dropout_growthrates.png>
Package pdftex.def Info: fig/Dropout_growthrates.png  used on input line 129.
(pdftex.def)             Requested size: 469.47052pt x 254.15773pt.
Package cleveref Info: loaded `english' language definitions on input line 135.


Overfull \vbox (1.76944pt too high) has occurred while \output is active []


[28
pdfTeX warning (ext4): destination with the same identifier (name{figure.4.4}) 
has been already used, duplicate ignored
<argument> ...shipout:D \box_use:N \l_shipout_box 
                                                  \__shipout_drop_firstpage_...
l.135 
       <./fig/Dropout_growthrates.png>]
Underfull \hbox (badness 10000) in paragraph at lines 137--140

 []

<fig/DROPIN892_Individual_growthrates_boxplot_l2pfba.png, id=491, 859.2903pt x 
714.7503pt>
File: fig/DROPIN892_Individual_growthrates_boxplot_l2pfba.png Graphic file (typ
e png)
<use fig/DROPIN892_Individual_growthrates_boxplot_l2pfba.png>
Package pdftex.def Info: fig/DROPIN892_Individual_growthrates_boxplot_l2pfba.pn
g  used on input line 145.
(pdftex.def)             Requested size: 469.47052pt x 390.4964pt.
Package cleveref Info: loaded `english' language definitions on input line 149.


Overfull \vbox (1.76944pt too high) has occurred while \output is active []


[29]) (./discussion.tex
Package cleveref Info: loaded `english' language definitions on input line 2.

Overfull \vbox (1.76944pt too high) has occurred while \output is active []


[30
pdfTeX warning (ext4): destination with the same identifier (name{figure.4.5}) 
has been already used, duplicate ignored
<argument> ...shipout:D \box_use:N \l_shipout_box 
                                                  \__shipout_drop_firstpage_...
l.2 \chapter
            {Discussion} <./fig/DROPIN892_Individual_growthrates_boxplot_l2pfba
.png>]
Package cleveref Info: loaded `english' language definitions on input line 2.

Overfull \vbox (1.76944pt too high) has occurred while \output is active []


[31]
chapter 5.
LaTeX Font Info:    Font shape `T1/phv/b/it' in size <17.28> not available
(Font)              Font shape `T1/phv/b/sl' tried instead on input line 5.
LaTeX Font Info:    Font shape `T1/phv/b/sl' will be
(Font)              scaled to size 15.89755pt on input line 5.

Underfull \hbox (badness 10000) in paragraph at lines 7--9

 []

[32


]
Underfull \hbox (badness 10000) in paragraph at lines 15--17

 []


Underfull \hbox (badness 10000) in paragraph at lines 19--22

 []

Package cleveref Info: loaded `english' language definitions on input line 22.

Overfull \vbox (1.76944pt too high) has occurred while \output is active []


[33]
Underfull \hbox (badness 10000) in paragraph at lines 24--26

 []


Underfull \hbox (badness 10000) in paragraph at lines 32--34

 []

Package cleveref Info: loaded `english' language definitions on input line 34.

Overfull \vbox (1.76944pt too high) has occurred while \output is active []


[34]
Underfull \hbox (badness 10000) in paragraph at lines 36--38

 []


Underfull \hbox (badness 10000) in paragraph at lines 40--43

 []

Package cleveref Info: loaded `english' language definitions on input line 43.

Overfull \vbox (1.76944pt too high) has occurred while \output is active []


[35]
Underfull \hbox (badness 10000) in paragraph at lines 48--50

 []

Package cleveref Info: loaded `english' language definitions on input line 50.

Overfull \vbox (1.76944pt too high) has occurred while \output is active []


[36]
Underfull \hbox (badness 10000) in paragraph at lines 52--54

 []


Underfull \hbox (badness 10000) in paragraph at lines 61--63

 []


Underfull \hbox (badness 10000) in paragraph at lines 65--67

 []

Package cleveref Info: loaded `english' language definitions on input line 67.

Overfull \vbox (1.76944pt too high) has occurred while \output is active []


[37]
Package cleveref Info: loaded `english' language definitions on input line 72.

Overfull \vbox (1.76944pt too high) has occurred while \output is active []


[38]
Package cleveref Info: loaded `english' language definitions on input line 76.

Overfull \vbox (1.76944pt too high) has occurred while \output is active []


[39]
Package cleveref Info: loaded `english' language definitions on input line 82.

Overfull \vbox (1.76944pt too high) has occurred while \output is active []


[40]
Underfull \hbox (badness 10000) in paragraph at lines 84--86

 []


Underfull \hbox (badness 10000) in paragraph at lines 88--90

 []


Underfull \hbox (badness 10000) in paragraph at lines 92--94

 []


Underfull \hbox (badness 10000) in paragraph at lines 99--101

 []

Package cleveref Info: loaded `english' language definitions on input line 101.


Overfull \vbox (1.76944pt too high) has occurred while \output is active []


[41]
Underfull \hbox (badness 10000) in paragraph at lines 103--105

 []


Underfull \hbox (badness 10000) in paragraph at lines 107--109

 []


Underfull \hbox (badness 10000) in paragraph at lines 111--113

 []

Package cleveref Info: loaded `english' language definitions on input line 116.


Overfull \vbox (1.76944pt too high) has occurred while \output is active []


[42]) (./conclusion.tex
Package cleveref Info: loaded `english' language definitions on input line 1.

Overfull \vbox (1.76944pt too high) has occurred while \output is active []


[43]
chapter 6.

Underfull \hbox (badness 10000) in paragraph at lines 3--6

 []

) [44


]
chapter without number

Overfull \hbox (13.56158pt too wide) in paragraph at lines 108--108
\T1/phv/m/n/12 (-20) gly-can lipid-linked in-ter-me-di-ates [_eprint: https://o
nlinelibrary.wiley.com/doi/pdf/10.1111/j.1574-
 []

[45


]
Package cleveref Info: loaded `english' language definitions on input line 107.


Overfull \vbox (1.76944pt too high) has occurred while \output is active []


[46]
Package cleveref Info: loaded `english' language definitions on input line 107.


Overfull \vbox (1.76944pt too high) has occurred while \output is active []


[47]
Overfull \hbox (8.62851pt too wide) in paragraph at lines 108--108
[][]\T1/phv/m/n/12 (-20) Lewis, N. E., Na-gara-jan, H., & Pals-son, B. O. (2012
). Con-strain-ing the metabolic geno-type^^Uphenotype
 []

Package cleveref Info: loaded `english' language definitions on input line 107.


Overfull \vbox (1.76944pt too high) has occurred while \output is active []


[48]
Package cleveref Info: loaded `english' language definitions on input line 107.


Overfull \vbox (1.76944pt too high) has occurred while \output is active []


[49]
Overfull \hbox (126.74373pt too wide) in paragraph at lines 108--108
\T1/phv/m/n/12 (-20) zymes and ac-ti-va-tion of diter-pene biosyn-the-sis [_epr
int: https://nph.onlinelibrary.wiley.com/doi/pdf/10.1111/nph.70022].
 []

Package cleveref Info: loaded `english' language definitions on input line 107.


Overfull \vbox (1.76944pt too high) has occurred while \output is active []


[50]
Package cleveref Info: loaded `english' language definitions on input line 107.


Overfull \vbox (1.76944pt too high) has occurred while \output is active []


[51]
Package cleveref Info: loaded `english' language definitions on input line 108.


Overfull \vbox (1.76944pt too high) has occurred while \output is active []


[52] (./appendix.tex
chapter A.
<fig/Combined_Numbercoconsumptions_heatmap.png, id=789, 1734.48pt x 794.97pt>
File: fig/Combined_Numbercoconsumptions_heatmap.png Graphic file (type png)
<use fig/Combined_Numbercoconsumptions_heatmap.png>
Package pdftex.def Info: fig/Combined_Numbercoconsumptions_heatmap.png  used on
 input line 12.
(pdftex.def)             Requested size: 469.47052pt x 215.16637pt.
<fig/medium_completion_process.png, id=790, 963.6pt x 542.025pt>
File: fig/medium_completion_process.png Graphic file (type png)
<use fig/medium_completion_process.png>
Package pdftex.def Info: fig/medium_completion_process.png  used on input line 
21.
(pdftex.def)             Requested size: 469.47052pt x 264.07277pt.
[53





pdfTeX warning (ext4): destination with the same identifier (name{figure.A.1}) 
has been already used, duplicate ignored
<argument> ...shipout:D \box_use:N \l_shipout_box 
                                                  \__shipout_drop_firstpage_...
l.25 
      <./fig/Combined_Numbercoconsumptions_heatmap.png>]
<fig/HvSC1_individual_growth_methods.png, id=796, 859.2903pt x 354.123pt>
File: fig/HvSC1_individual_growth_methods.png Graphic file (type png)
<use fig/HvSC1_individual_growth_methods.png>
Package pdftex.def Info: fig/HvSC1_individual_growth_methods.png  used on input
 line 30.
(pdftex.def)             Requested size: 469.47052pt x 193.4714pt.
Package cleveref Info: loaded `english' language definitions on input line 34.

Overfull \vbox (1.76944pt too high) has occurred while \output is active []


[54
pdfTeX warning (ext4): destination with the same identifier (name{figure.A.2}) 
has been already used, duplicate ignored
<argument> ...shipout:D \box_use:N \l_shipout_box 
                                                  \__shipout_drop_firstpage_...
l.34 
      <./fig/medium_completion_process.png (PNG copy)>]
<fig/HvSC2_individual_growth_methods.png, id=801, 859.2903pt x 354.123pt>
File: fig/HvSC2_individual_growth_methods.png Graphic file (type png)
<use fig/HvSC2_individual_growth_methods.png>
Package pdftex.def Info: fig/HvSC2_individual_growth_methods.png  used on input
 line 37.
(pdftex.def)             Requested size: 469.47052pt x 193.4714pt.
Package cleveref Info: loaded `english' language definitions on input line 41.

Overfull \vbox (1.76944pt too high) has occurred while \output is active []


[55
pdfTeX warning (ext4): destination with the same identifier (name{figure.A.3}) 
has been already used, duplicate ignored
<argument> ...shipout:D \box_use:N \l_shipout_box 
                                                  \__shipout_drop_firstpage_...
l.41 
      <./fig/HvSC1_individual_growth_methods.png>]
LaTeX Font Info:    Font shape `OT1/minntx/m/n' will be
(Font)              scaled to size 14.4pt on input line 43.
LaTeX Font Info:    Font shape `OT1/minntx/m/n' will be
(Font)              scaled to size 10.5pt on input line 43.
LaTeX Font Info:    Font shape `OT1/minntx/m/n' will be
(Font)              scaled to size 7.9pt on input line 43.
LaTeX Font Info:    Font shape `OML/ntxmi/m/it' will be
(Font)              scaled to size 14.4pt on input line 43.
LaTeX Font Info:    Font shape `OML/ntxmi/m/it' will be
(Font)              scaled to size 10.5pt on input line 43.
LaTeX Font Info:    Font shape `OML/ntxmi/m/it' will be
(Font)              scaled to size 7.9pt on input line 43.
LaTeX Font Info:    Font shape `LMS/ntxsy/m/n' will be
(Font)              scaled to size 14.4pt on input line 43.
LaTeX Font Info:    Font shape `LMS/ntxsy/m/n' will be
(Font)              scaled to size 10.5pt on input line 43.
LaTeX Font Info:    Font shape `LMS/ntxsy/m/n' will be
(Font)              scaled to size 7.9pt on input line 43.
LaTeX Font Info:    Font shape `LMX/ntxexx/m/n' will be
(Font)              scaled to size 14.4pt on input line 43.
LaTeX Font Info:    Font shape `LMX/ntxexx/m/n' will be
(Font)              scaled to size 10.5pt on input line 43.
LaTeX Font Info:    Font shape `LMX/ntxexx/m/n' will be
(Font)              scaled to size 7.9pt on input line 43.
LaTeX Font Info:    Font shape `U/ntxmia/m/it' will be
(Font)              scaled to size 14.4pt on input line 43.
LaTeX Font Info:    Font shape `U/ntxmia/m/it' will be
(Font)              scaled to size 10.5pt on input line 43.
LaTeX Font Info:    Font shape `U/ntxmia/m/it' will be
(Font)              scaled to size 7.9pt on input line 43.
LaTeX Font Info:    Font shape `U/ntxsym/m/n' will be
(Font)              scaled to size 14.4pt on input line 43.
LaTeX Font Info:    Font shape `U/ntxsym/m/n' will be
(Font)              scaled to size 10.5pt on input line 43.
LaTeX Font Info:    Font shape `U/ntxsym/m/n' will be
(Font)              scaled to size 7.9pt on input line 43.
LaTeX Font Info:    Font shape `U/ntxsyc/m/n' will be
(Font)              scaled to size 14.4pt on input line 43.
LaTeX Font Info:    Font shape `U/ntxsyc/m/n' will be
(Font)              scaled to size 10.5pt on input line 43.
LaTeX Font Info:    Font shape `U/ntxsyc/m/n' will be
(Font)              scaled to size 7.9pt on input line 43.
LaTeX Font Info:    Font shape `U/ntxexa/m/n' will be
(Font)              scaled to size 14.4pt on input line 43.
LaTeX Font Info:    Font shape `U/ntxexa/m/n' will be
(Font)              scaled to size 10.5pt on input line 43.
LaTeX Font Info:    Font shape `U/ntxexa/m/n' will be
(Font)              scaled to size 7.9pt on input line 43.


Package hyperref Warning: Token not allowed in a PDF string (Unicode):
(hyperref)                removing `math shift' on input line 43.


Package hyperref Warning: Token not allowed in a PDF string (Unicode):
(hyperref)                removing `\alpha' on input line 43.


Package hyperref Warning: Token not allowed in a PDF string (Unicode):
(hyperref)                removing `math shift' on input line 43.

<fig/HvSC1_individual_growth_tradeoff.png, id=808, 1210.7634pt x 648.9846pt>
File: fig/HvSC1_individual_growth_tradeoff.png Graphic file (type png)
<use fig/HvSC1_individual_growth_tradeoff.png>
Package pdftex.def Info: fig/HvSC1_individual_growth_tradeoff.png  used on inpu
t line 46.
(pdftex.def)             Requested size: 469.47052pt x 251.63737pt.
Package cleveref Info: loaded `english' language definitions on input line 50.

Overfull \vbox (1.76944pt too high) has occurred while \output is active []


[56
pdfTeX warning (ext4): destination with the same identifier (name{figure.A.4}) 
has been already used, duplicate ignored
<argument> ...shipout:D \box_use:N \l_shipout_box 
                                                  \__shipout_drop_firstpage_...
l.50 
      <./fig/HvSC2_individual_growth_methods.png>]
<fig/HvSC2_individual_growth_tradeoff.png, id=814, 1210.5225pt x 648.9846pt>
File: fig/HvSC2_individual_growth_tradeoff.png Graphic file (type png)
<use fig/HvSC2_individual_growth_tradeoff.png>
Package pdftex.def Info: fig/HvSC2_individual_growth_tradeoff.png  used on inpu
t line 53.
(pdftex.def)             Requested size: 469.47052pt x 251.68689pt.
Package cleveref Info: loaded `english' language definitions on input line 57.

Overfull \vbox (1.76944pt too high) has occurred while \output is active []


[57
pdfTeX warning (ext4): destination with the same identifier (name{figure.A.5}) 
has been already used, duplicate ignored
<argument> ...shipout:D \box_use:N \l_shipout_box 
                                                  \__shipout_drop_firstpage_...
l.57 
      <./fig/HvSC1_individual_growth_tradeoff.png>]
ignored: Infinite glue shrinkage foun
d in box being split
Package cleveref Info: loaded `english' language definitions on input line 134.


Overfull \vbox (1.76944pt too high) has occurred while \output is active []


[58
pdfTeX warning (ext4): destination with the same identifier (name{figure.A.6}) 
has been already used, duplicate ignored
<argument> ...shipout:D \box_use:N \l_shipout_box 
                                                  \__shipout_drop_firstpage_...
l.134 \end{longtable}
                      <./fig/HvSC2_individual_growth_tradeoff.png>]
ignored: Infinite glu
e shrinkage found in box being split
Package cleveref Info: loaded `english' language definitions on input line 134.


Overfull \vbox (1.76944pt too high) has occurred while \output is active []


[59]
ignored: Infinite glue shrinkage found in box being split
Package cleveref Info: loaded `english' language definitions on input line 207.


Overfull \vbox (1.76944pt too high) has occurred while \output is active []


[60]
ignored: Infinite glue shrinkage found in box being split
Package cleveref Info: loaded `english' language definitions on input line 207.


Overfull \vbox (1.76944pt too high) has occurred while \output is active []


[61])
Package cleveref Info: loaded `english' language definitions on input line 115.


Overfull \vbox (1.76944pt too high) has occurred while \output is active []


[62]
No file master.ind.
(./static/declaration.tex

Package datetime2-calc Warning: Can't find underlying language macro for 
(datetime2-calc)                \DTMmonthname (language: ngerman); 
(datetime2-calc)                using pgfcalendar macro instead on input line 1
2.

Package cleveref Info: loaded `english' language definitions on input line 14.
) (./ki-nutzung.tex
LaTeX Font Info:    Trying to load font information for TS1+phv on input line 1
2.

(/usr/local/texlive/2026/texmf-dist/tex/latex/psnfss/ts1phv.fd
File: ts1phv.fd 2020/03/25 scalable font definitions for TS1/phv.
)
LaTeX Font Info:    Font shape `TS1/phv/m/n' will be
(Font)              scaled to size 11.03998pt on input line 12.
Package microtype Info: Loading generic protrusion settings for font family
(microtype)             `phv' (encoding: TS1).
(microtype)             For optimal results, create family-specific settings.
(microtype)             See the microtype manual for details.
Package cleveref Info: loaded `english' language definitions on input line 18.
) [63




]
runsystem(latexminted cleantemp  --timestamp 20260902121126 EB0A191797624DD3A48
FA681D3061212)...executed.


(./master.aux
Package cleveref Info: loaded `english' language definitions on input line 12.
Package cleveref Info: loaded `english' language definitions on input line 856.

Package cleveref Info: loaded `english' language definitions on input line 858.

)
 ***********
LaTeX2e <2025-11-01>
L3 programming layer <2020/03/25>
 ***********


 *File List*
hhud-thesis.cls    2024/12/09
 scrbook.cls    2026/02/02 v3.49.2 KOMA-Script document class (book)
scrkbase.sty    2026/02/02 v3.49.2 KOMA-Script package (KOMA-Script-dependent b
asics and keyval usage)
 scrbase.sty    2026/02/02 v3.49.2 KOMA-Script package (KOMA-Script-independent
 basics and keyval usage)
scrlfile.sty    2026/02/02 v3.49.2 KOMA-Script package (file load hooks)
scrlfile-hook.sty    2026/02/02 v3.49.2 KOMA-Script package (using LaTeX hooks)

 scrlogo.sty    2026/02/02 v3.49.2 KOMA-Script package (logo)
  keyval.sty    2022/05/29 v1.15 key=value parser (DPC)
tocbasic.sty    2026/02/02 v3.49.2 KOMA-Script package (handling toc-files)
scrsize12pt.clo    2026/02/02 v3.49.2 KOMA-Script font size class option (12pt)

typearea.sty    2026/02/02 v3.49.2 KOMA-Script package (type area)
 fontenc.sty    2025/07/18 v2.1d Standard LaTeX package
inputenc.sty    2024/02/08 v1.3d Input encoding file
   babel.sty    2026/03/08 v26.4 The multilingual framework for LuaLaTeX, pdfLa
TeX and XeLaTeX
babel-english.tex
 english.ldf    2017/06/06 v3.3r English support from the babel system
microtype.sty    2026/03/01 v3.2d Micro-typographical refinements (RS)
etoolbox.sty    2025/10/02 v2.5m e-TeX tools for LaTeX (JAW)
microtype-pdftex.def    2026/03/01 v3.2d Definitions specific to pdftex (RS)
microtype.cfg    2026/03/01 v3.2d microtype main configuration file (RS)
newtxtext.sty    2024/04/01 v1.744(Michael Sharpe) latex and unicode latex supp
ort for TeXGyreTermesX
  xpatch.sty    2020/03/25 v0.3a Extending etoolbox patching commands
   expl3.sty    2026-01-19 L3 programming layer (loader) 
l3backend-pdftex.def    2025-10-09 L3 backend support: PDF output (pdfTeX)
  xparse.sty    2025-10-09 L3 Experimental document command parser
  xcolor.sty    2024/09/29 v3.02 LaTeX color extensions (UK)
   color.cfg    2016/01/02 v1.6 sample color configuration
  pdftex.def    2025/09/29 v1.2d Graphics/color driver for pdftex
mathcolor.ltx
   iftex.sty    2024/12/12 v1.0g TeX engine tests
 xkeyval.sty    2025/11/04 v2.10 package option processing (HA)
 xkeyval.tex    2014/12/03 v2.7a key=value parser (HA)
textcomp.sty    2024/04/24 v2.1b Standard LaTeX package
 xstring.sty    2023/08/22 v1.86 String manipulations (CT)
  ifthen.sty    2024/03/16 v1.1e Standard LaTeX ifthen package (DPC)
scalefnt.sty    
  binhex.tex
fontaxes.sty    2026-01-02 v2.0.2 Font selection axes (deprecated)
figureversions.sty    2025-04-29 v1.0.1 Figure versions
newtxmath.sty    2024/09/22 v1.754
 amsmath.sty    2025/07/09 v2.17z AMS math features
 amstext.sty    2024/11/17 v2.01 AMS text
  amsgen.sty    1999/11/30 v2.0 generic functions
  amsbsy.sty    1999/11/29 v1.2d Bold Symbols
  amsopn.sty    2022/04/08 v2.04 operator names
centernot.sty    2016/05/16 v1.4 Centers the not symbol horizontally (HO)
  binhex.tex
  helvet.sty    2020/03/25 PSNFSS-v9.3 (WaS) 
 courier.sty    2020/03/25 PSNFSS-v9.3 (WaS) 
   ifpdf.sty    2019/10/25 v3.4 ifpdf legacy package. Use iftex instead.
setspace.sty    2022/12/04 v6.7b set line spacing
hyperref.sty    2026-01-29 v7.01p Hypertext links for LaTeX
kvsetkeys.sty    2022-10-05 v1.19 Key value parser (HO)
kvdefinekeys.sty    2019-12-19 v1.6 Define keys (HO)
pdfescape.sty    2019/12/09 v1.15 Implements pdfTeX's escape features (HO)
 ltxcmds.sty    2023-12-04 v1.26 LaTeX kernel commands for general use (HO)
pdftexcmds.sty    2020-06-27 v0.33 Utility functions of pdfTeX for LuaTeX (HO)
infwarerr.sty    2019/12/03 v1.5 Providing info/warning/error messages (HO)
 hycolor.sty    2020-01-27 v1.10 Color options for hyperref/bookmark (HO)
 nameref.sty    2026-01-29 v2.58 Cross-referencing by name of section
refcount.sty    2019/12/15 v3.6 Data extraction from label references (HO)
gettitlestring.sty    2019/12/15 v1.6 Cleanup title references (HO)
kvoptions.sty    2022-06-15 v3.15 Key value format for package options (HO)
stringenc.sty    2019/11/29 v1.12 Convert strings between diff. encodings (HO)
  pd1enc.def    2026-01-29 v7.01p Hyperref: PDFDocEncoding definition (HO)
 intcalc.sty    2019/12/15 v1.3 Expandable calculations with integers (HO)
   puenc.def    2026-01-29 v7.01p Hyperref: PDF Unicode definition (HO)
     url.sty    2013/09/16  ver 3.4  Verb mode for urls, etc.
  bitset.sty    2019/12/09 v1.3 Handle bit-vector datatype (HO)
bigintcalc.sty    2019/12/15 v1.5 Expandable calculations on big integers (HO)
 hpdftex.def    2026-01-29 v7.01p Hyperref driver for pdfTeX
rerunfilecheck.sty    2025-06-21 v1.11 Rerun checks for auxiliary files (HO)
uniquecounter.sty    2019/12/15 v1.4 Provide unlimited unique counter (HO)
biblatex.sty    2025/07/10 v3.21 programmable bibliographies (PK/MW)
  logreq.sty    2010/08/04 v1.0 xml request logger
  logreq.def    2010/08/04 v1.0 logreq spec v1.0
  blx-dm.def    2025/07/10 v3.21 biblatex datamodel (PK/MW)
     apa.dbx    2025/08/27 v9.20 APA biblatex style data model
blx-compat.def    2025/07/10 v3.21 biblatex compatibility (PK/MW)
biblatex.def    2025/07/10 v3.21 biblatex compatibility (PK/MW)
standard.bbx    2025/07/10 v3.21 biblatex bibliography style (PK/MW)
     apa.bbx    2025/08/27 v9.20 APA biblatex references style
     apa.cbx    2025/08/27 v9.20 APA biblatex citation style
biblatex.cfg    
blx-case-expl3.sty    2025/07/10 v3.21 expl3 case changing code for biblatex
t1minntx.fd    2023/09/09 v1.1 font definition file for T1/minntx
appendix.sty    2020/02/08 v1.2c extra appendix facilities
csquotes.sty    2024-04-04 v5.2o context-sensitive quotations (JAW)
csquotes.def    2024-04-04 v5.2o csquotes generic definitions (JAW)
csquotes.cfg    
datetime2.sty    2021/03/21 v1.5.7 (NLCT) date and time formats
tracklang.sty    2025/03/11 v1.6.6 (NLCT) Track Languages
tracklang.tex    2025/03/11 v1.6.6 (NLCT) Track Languages Generic Code
datetime2-english.ldf    2019/10/21 v1.05 (NLCT)
datetime2-english-base.ldf    2019/10/21 v1.05 (NLCT)
datetime2-calc.sty    2021/03/21 v1.5.7 (NLCT)
 pgfkeys.sty    
pgfkeys.code.tex
pgfcalendar.sty    
  pgfrcs.sty    2025-08-29 v3.1.11a (3.1.11a)
pgfrcs.code.tex
pgfcalendar.code.tex    2025-08-29 v3.1.11a (3.1.11a)
subfigure.sty    2002/03/15 v2.1.5 subfigure package
subfigure.cfg
graphicx.sty    2024/12/31 v1.2e Enhanced LaTeX Graphics (DPC,SPQR)
graphics.sty    2024/08/06 v1.4g Standard LaTeX Graphics (DPC,SPQR)
    trig.sty    2023/12/02 v1.11 sin cos tan (DPC)
graphics.cfg    2016/06/04 v1.11 sample graphics configuration
  iflang.sty    2018/01/21 v1.7 Checks for the current language (HO)
 makeidx.sty    2021/10/04 v1.0m Standard LaTeX package
 nomencl.sty    2021/11/10 v5.6 Nomenclature package
tabularx.sty    2023/12/11 v2.12a `tabularx' package (DPC)
   array.sty    2025/09/25 v2.6n Tabular extension package (FMi)
booktabs.sty    2020/01/12 v1.61803398 Publication quality tables
todonotes.sty    2024/01/05
    tikz.sty    2025-08-29 v3.1.11a (3.1.11a)
     pgf.sty    2025-08-29 v3.1.11a (3.1.11a)
 pgfcore.sty    2025-08-29 v3.1.11a (3.1.11a)
  pgfsys.sty    2025-08-29 v3.1.11a (3.1.11a)
pgfsys.code.tex
pgfsyssoftpath.code.tex    2025-08-29 v3.1.11a (3.1.11a)
pgfsysprotocol.code.tex    2025-08-29 v3.1.11a (3.1.11a)
pgfcore.code.tex
pgfcomp-version-0-65.sty    2025-08-29 v3.1.11a (3.1.11a)
pgfcomp-version-1-18.sty    2025-08-29 v3.1.11a (3.1.11a)
  pgffor.sty    2025-08-29 v3.1.11a (3.1.11a)
 pgfmath.sty    
pgfmath.code.tex
pgffor.code.tex
tikz.code.tex
    calc.sty    2025/03/01 v4.3b Infix arithmetic (KKT,FJ)
   float.sty    2001/11/08 v1.3d Float enhancements (AL)
multirow.sty    2024/11/12 v2.9 Span multiple rows of a table
    soul.sty    2026-03-06 v3.2 Permit use of UTF-8 characters in soul (HO)
soul-ori.sty    2026-03-06 v3.2 letterspacing/underlining (mf)
etexcmds.sty    2019/12/15 v1.7 Avoid name clashes with e-TeX commands (HO)
colortbl.sty    2024/10/29 v1.0k Color table columns (DPC)
changepage.sty    2009/10/20 v1.0c check page and change page layout
threeparttable.sty    2003/06/13  v 3.0
longtable.sty    2025-10-13 v4.24 Multi-page Table package (DPC)
listings.sty    2025/11/14 1.11b (Carsten Heinz)
lstpatch.sty    2025/11/14 1.11b (Carsten Heinz)
 lstmisc.sty    2025/11/14 1.11b (Carsten Heinz)
listings.cfg    2025/11/14 1.11b listings configuration
  minted.sty    2026/03/03 v3.8.0 Yet another Pygments shim for LaTeX
catchfile.sty    2019/12/09 v1.8 Catch the contents of a file (HO)
 fvextra.sty    2026/02/25 v1.14.0 fvextra - extensions and patches for fancyvr
b
fancyvrb.sty    2025/07/28 4.6 verbatim text (tvz,hv)
 upquote.sty    2012/04/19 v1.3 upright-quote and grave-accent glyphs in verbat
im
  lineno.sty    2026/03/08 line numbers on paragraphs v5.9
latex2pydata.sty    2026/02/25 v0.7.0 latex2pydata - write data to file in Pyth
on literal format
 pgfopts.sty    2014/07/10 v2.1a LaTeX package options with pgfkeys
shellesc.sty    2023/07/08 v1.0d unified shell escape interface for LaTeX
 siunitx.sty    2025-07-09 v3.4.14 A comprehensive (SI) units package
translations.sty    2022/02/05 v1.12 internationalization of LaTeX2e packages (
CN)
cleveref.sty    2018/03/27 v0.21.4 Intelligent cross-referencing
thesis_meta.tex
   t1phv.fd    2020/03/25 scalable font definitions for T1/phv.
bookmark.sty    2023-12-10 v1.31 PDF bookmarks (HO)
bkm-pdftex.def    2023-12-10 v1.31 bookmark driver for pdfTeX and luaTeX (HO)
babel-ngerman.tex
omlntxmi.fd    2015/08/25 Fontinst v1.933 font definitions for OML/ntxmi.
 untxexa.fd    2012/04/16 Fontinst v1.933 font definitions for U/ntxexa.
lmsntxsy.fd    2016/07/02 Fontinst v1.933 font definitions for LMS/ntxsy.
lmxntxexx.fd    2016/07/03 Fontinst v1.933 font definitions for LMX/ntxexx.
supp-pdf.mkii
epstopdf-base.sty    2020-01-24 v2.11 Base part for package epstopdf
  grfext.sty    2019/12/03 v1.3 Manage graphics extensions (HO)
epstopdf-sys.cfg    2010/07/13 v1.3 Configuration of (r)epstopdf for TeX Live
 english.lbx    2025/07/10 v3.21 biblatex localization (PK/MW)
american.lbx    2025/07/10 v3.21 biblatex localization (PK/MW)
american-apa.lbx    2025/08/27 v9.20 APA biblatex localisation
english-apa.lbx    2025/08/27 v9.20 APA biblatex localisation
  german.lbx    2025/07/10 v3.21 biblatex localization (PK/MW)
german-apa.lbx    2025/08/27 v9.20 APA biblatex localisation
 ngerman.lbx    2025/07/10 v3.21 biblatex localization (PK/MW)
ngerman-apa.lbx    2025/08/27 v9.20 APA biblatex localisation
  master.bbl
translations-basic-dictionary-english.trsl    (english translation file `transl
ations-basic-dictionary')
static/Logo_HHU_+Name_EN_horizontal_rgb_+Safezone.png
static/UniversitaetzuKoelnLogoENG.jpg
ot1minntx.fd    2023/09/09 v1.1 font definition file for OT1/minntx
 untxmia.fd    2024/04/09 Fontinst v1.933 font definitions for U/ntxmia.
 untxsym.fd    2023/08/16 Fontinst v1.933 font definitions for U/ntxsym.
 untxsyc.fd    2012/04/12 Fontinst v1.933 font definitions for U/ntxsyc.
abstract.tex
   intro.tex
fig/Graphical_abstract.png
background.tex
fig/taxonomy_distr.png
fig/fba_workflow.jpg
fig/curation_workflow_linear.png
   t1pcr.fd    2001/06/04 font definitions for T1/pcr.
 methods.tex
 results.tex
fig/Individual_growthrates_boxplot_l2pfba_labels.png
fig/Combined_nex_sumflux_heatmap.png
fig/Combined_balance_nmets_flux_heatmap.png
fig/Dropout_growthrates.png
fig/DROPIN892_Individual_growthrates_boxplot_l2pfba.png
discussion.tex
conclusion.tex
appendix.tex
fig/Combined_Numbercoconsumptions_heatmap.png
fig/medium_completion_process.png
fig/HvSC1_individual_growth_methods.png
fig/HvSC2_individual_growth_methods.png
fig/HvSC1_individual_growth_tradeoff.png
fig/HvSC2_individual_growth_tradeoff.png
static/declaration.tex
ki-nutzung.tex
  ts1phv.fd    2020/03/25 scalable font definitions for TS1/phv.
 ***********

Package logreq Info: Writing requests to 'master.run.xml'.
\openout1 = `master.run.xml'.

 ) 
Here is how much of TeX's memory you used:
 56071 strings out of 467525
 1181949 string characters out of 5418982
 2557906 words of memory out of 5000000
 83637 multiletter control sequences out of 15000+600000
 711378 words of font info for 323 fonts, out of 8000000 for 9000
 1143 hyphenation exceptions out of 8191
 122i,11n,132p,11210b,7353s stack positions out of 10000i,1000n,20000p,200000b,200000s
</usr/local/texlive/2026/texmf-dist/fonts/type1/public/newtx/NewTXMI.pfb></us
r/local/texlive/2026/texmf-dist/fonts/type1/public/newtx/txexs.pfb></usr/local/
texlive/2026/texmf-dist/fonts/type1/public/newtx/txmiaX.pfb></usr/local/texlive
/2026/texmf-dist/fonts/type1/public/newtx/txsys.pfb></usr/local/texlive/2026/te
xmf-dist/fonts/type1/urw/courier/ucrr8a.pfb></usr/local/texlive/2026/texmf-dist
/fonts/type1/urw/helvetic/uhvb8a.pfb></usr/local/texlive/2026/texmf-dist/fonts/
type1/urw/helvetic/uhvbo8a.pfb></usr/local/texlive/2026/texmf-dist/fonts/type1/
urw/helvetic/uhvr8a.pfb></usr/local/texlive/2026/texmf-dist/fonts/type1/urw/hel
vetic/uhvro8a.pfb></usr/local/texlive/2026/texmf-dist/fonts/type1/public/newtx/
ztmr.pfb>
Output written on master.pdf (69 pages, 7794913 bytes).
PDF statistics:
 1103 PDF objects out of 1200 (max. 8388607)
 971 compressed objects within 10 object streams
 245 named destinations out of 1000 (max. 500000)
 51194 words of extra memory for PDF output out of 51595 (max. 10000000)

